kanji,meaning,readings,compounds,sentence,kana,translation,radicals,confusables
腕,"arm, ability, talent",ワン; うで,"右腕 (うわん·1) = right arm; 手腕 (しゅわん·1,0) = ability; 敏腕 (びんわん·0) = ability; 片腕 (かたうで·0) = one arm, right-hand man; 両腕 (もろうで·0) = both arms",腕が痛む。,,腕(うで) が 痛む,月 夕 卩 宀,"朋,多,卯"
湾,"gulf, bay, inlet",ワン; いりえ,"港湾 (こうわん·0) = harbours, harbors; 真珠湾 (しんじゅわん) = Pearl Harbor; 台湾 (たいわん·3) = Taiwan; 湾 (わん·1) = bay, gulf, inlet; 湾岸 (わんがん·0) = gulf (bay) coast",私たちは台湾経由で行った。,,私たち は 台湾 経由 で(#2028980) 行く,弓 汁 亠,"衣,亡,淳"
和,"harmony, Japanese style, peace, soften, Japan","ワ, オ, カ; やわ.らぐ, やわ.らげる, なご.む, なご.やか","違和感 (いわかん·2) = malaise, physical unease, uncomfortable feeling, feeling out of place, sense of discomfort; 英和 (えいわ·0) = English-Japanese (eg dictionary); 緩和 (かんわ·0) = relief, mitigation; 共和制 (きょうわせい·0) = republicanism; 共和党 (きょうわとう·0) = Republican Party",愛と平和です。,,愛 と 平和 です,禾 口,"程,舌,税"
論,"argument, discourse",ロン,"異論 (いろん·0) = different opinion, objection; 概論 (がいろん·0) = intro, outline, general remarks; 議論 (ぎろん·1) = argument, discussion, dispute, controversy; 極論 (きょくろん·0) = extreme logic, extreme argument, unreserved argument; 空論 (くうろん·0) = abstract or impracticable theory",世論に聞け。,,世論 に 聞く,｜ 一 言 个 冊 廾,"輪,倫,綸"
録,record,ロク,"回顧録 (かいころく·3) = memoirs, reminiscences; 記録 (きろく·0) = record, minutes, document; 議事録 (ぎじろく·2) = record of proceedings, minutes; 語録 (ごろく·0,1) = analects, sayings; 再録 (さいろく·0) = re-recording",彼は記録を破った。,,彼(かれ) は 記録 を 破る,ヨ 金 水 隶,"逮,禄,康"
老,"old man, old age, grow old","ロウ; お.いる, ふ.ける","家老 (かろう·0) = chief retainer, daimyo's minister; 敬老 (けいろう·0) = respect for the aged; 元老 (げんろう·0) = elder statesman, authority; 故老 (ころう·0) = old people, seniors, elders, old-timer; 初老 (しょろう·0) = middle-aged, aging, ageing, age 40",彼は年老いた。,,彼(かれ) は 年老いる,匕,"化,旨,尼"
労,"labor, thank for, reward for, toil, trouble","ロウ; ろう.する, いたわ.る, いた.ずき, ねぎら, つか.れる, ねぎら.う","ご苦労様 (ごくろうさま·2) = thank you very much for your.., I appreciate your efforts; 慰労 (いろう·0) = recognition of services; 過労 (かろう·0) = overwork, strain; 気苦労 (きぐろう·2) = worry, care, anxiety; 漁労 (ぎょろう·0) = fishing, fishery",ご苦労様でした。,,ご苦労様 です,尚 力 冖,"覚,蛍,栄"
路,"path, route, road, distance","ロ, ル; -じ, みち","悪路 (あくろ·1) = bad road; 一路 (いちろ·2) = one road, one way, straight, earnestly; 往路 (おうろ·1) = outward journey; 家路 (いえじ·0) = the road home; 回路 (かいろ·1) = circuit (electric)",「道路工事中」,,道路 工事中,口 足 夂 止,"露,蕗,足"
連,"take along, lead, join, connect, party, gang, clique","レン; つら.なる, つら.ねる, つ.れる, -づ.れ","一連 (いちれん·0) = series, chain, sequence, ream (of paper); 引連れる (ひきつれる·4) = to take along with; 愚連隊 (ぐれんたい·0) = gang of young toughs; 訓連 (くんれん·1) = practice, practice, training; 経団連 (けいだんれん·3) = Federation of Economic Organizations",旅は道連れ。,,旅 は 道連れ,込 車,"蓮,陣,逐"
練,"practice, gloss, train, drill, polish, refine","レン; ね.る, ね.り","手練手管 (てれんてくだ·4) = wiles, art of coaxing; 熟練 (じゅくれん·0) = skill, dexterity; 鍛練 (たんれん·1) = tempering, forging, hardening, disciplining, training; 未練 (みれん·1,0) = lingering affection, attachment, regret(s), reluctance",練習は熟達の道。,,練習 は 熟達 の 道(みち),｜ 糸 幺 小 日 ハ 木 田,"紳,紬,細"
恋,"romance, in love, yearn for, miss, darling","レン; こ.う, こい, こい.しい","失恋 (しつれん·0) = disappointed love, broken heart, unrequited love, being lovelorn; 初恋 (はつこい·0) = first love, puppy love; 悲恋 (ひれん·0,1) = blighted love, disappointed love; 恋しい (こいしい·3) = dear, beloved, darling, yearned for; 恋愛 (れんあい·0) = love, love-making, passion, emotion, affections",恋かな？,,恋 かな,心 ハ 亠,"六,衣,八"
列,"file, row, rank, tier, column","レツ, レ","列記 (れっき·1,0) = list; 一列 (いちれつ·2) = (a) row, line; 下り列車 (くだりれっしゃ·4) = trains going away from the capital, down train; 系列 (けいれつ·0) = series, sequence, system, order of succession, grouping of enterprises; 後列 (こうれつ·1) = rear, back row",さあ列車がきた。,,さあ 列車 が 来る(くる),刈 歹,"烈,例,裂"
歴,"curriculum, continuation, passage of time","レキ, レッキ","学歴 (がくれき·0) = academic background; 経歴 (けいれき·0) = personal history, career; 前歴 (ぜんれき·0) = personal history; 遍歴 (へんれき·0) = travels, pilgrimage, itinerancy; 来歴 (らいれき·0) = history, career",歴史は繰り返す。,,歴史 は 繰り返す,止 麻 木 厂 广,"暦,麻,床"
齢,age,"レイ; よわ.い, とし","加齢 (かれい·0) = adding to one's years; 学齢 (がくれい·0) = school age; 高齢 (こうれい·0) = advanced (old) age; 樹齢 (じゅれい·0) = age of a tree; 年齢層 (ねんれいそう·3) = age range, age-group",相当高齢である。,,相当 高齢 である,止 歯 米 个 凵 卩 一,"歯,令,企"
零,"zero, spill, overflow, nothing, cipher","レイ; ぜろ, こぼ.す, こぼ.れる","取零す (とりこぼす·4,5,0) = to lose an easy game, to suffer an unexpected defeat, to lose information (computers); 零 (れい·1) = zero, nought; 零下 (れいか·1) = below zero, sub-zero; 零細 (れいさい·0) = insignificant, trifling, paltry; 零時 (れいじ·1) = 12 o'clock (midnight)",今は零下１０度だ。,,今(いま) は 零下 度(#1445160) だ,雨 个 卩 一,"澪,令,今"
礼,"salute, bow, ceremony, thanks, remuneration","レイ, ライ","一礼 (いちれい·0) = bow (salute, greeting); 儀礼 (ぎれい·0) = etiquette, courtesy; 儀礼的 (ぎれいてき·0) = formal, courteous; 虚礼 (きょれい·0) = empty (useless) formalities; 敬礼 (けいれい·0) = salute",どうも失礼。,,どうも 失礼,乙,"犯,札,巴"
冷,"cool, cold (beer, person), chill","レイ; つめ.たい, ひ.える, ひ.や, ひ.ややか, ひ.やす, ひ.やかす, さ.める, さ.ます","花冷え (はなびえ·0) = chilly spring weather; 寒冷 (かんれい·0) = cold, coldness, chilliness; 空冷 (くうれい·0) = air cooling; 保冷 (ほれい·0) = keep cool; 冷え (ひえ·2) = chilling exposure",冷たいなあ。,,冷たい なあ,个 冫 卩 一,"令,今,零"
例,"example, custom, usage, precedent",レイ; たと.える,"異例 (いれい·0) = exception, illness, singular, exceptional, unprecedented; 一例 (いちれい·0) = example, an instance; 慣例 (かんれい·0) = custom, precedent, of convention; 月例 (げつれい·0) = monthly; 好例 (こうれい·0) = good example",そんな先例はない。,,そんな 先例 は 無い,化 刈 歹,"列,烈,裂"
令,"orders, ancient laws, command, decree",レイ,"戒厳令 (かいげんれい·3) = martial law; 訓令 (くんれい·0) = directive, instructions; 号令 (ごうれい·0) = order, command; 司令 (しれい·0) = command, control, commander; 司令官 (しれいかん·2) = commandant, commanding officer, general",それは外交辞令だ。,,其れ は 外交辞令 だ,个 卩 一,"零,鈴,玲"
類,"sort, kind, variety, class, genus",ルイ; たぐ.い,"柑橘類 (かんきつるい·4) = citrus fruits; 魚貝類 (ぎょかいるい·2) = marine products, seafood, fish and shellfish; 魚類 (ぎょるい·1) = the fishes; 菌類 (きんるい·1) = fungus, fungi; 穀類 (こくるい·2) = grains",類は友を呼ぶ。,,類(るい) は 友 を 呼ぶ,貝 目 ハ 大 米 頁,"買,顕,頒"
涙,"tears, sympathy","ルイ, レイ; なみだ","感涙 (かんるい·0) = tears of gratitude; 涙声 (なみだごえ·4) = tearful voice; 悔やし涙 (くやしなみだ·4) = vexation, chagrin; 涙ぐむ (なみだぐむ·4) = to be moved to tears",あれは空涙さ。,,彼(あれ) は 空涙 さ,戸 汁 大 一 尸,"戻,戸,雇"
輪,"wheel, ring, circle, link, loop, counter for wheels and flowers",リン; わ,"一輪 (いちりん·2,0) = one flower, (a) wheel; 花輪 (はなわ·0) = wreath, garland; 競輪 (けいりん·0) = bicycle race, bicycle racing; 三輪 (さんりん·0) = three wheels; 三輪車 (さんりんしゃ·3) = three wheeled vehicle (tricycle, motorcycle, etc), three wheeler",車輪が回りだした。,,車輪 が 回り出す,｜ 一 車 个 冊 廾,"論,倫,綸"
緑,green,"リョク, ロク; みどり","黄緑 (おうりょく·1) = pea green, yellow-green; 常緑 (じょうりょく·0) = evergreen; 常緑樹 (じょうりょくじゅ·4,3) = evergreen tree; 新緑 (しんりょく·0) = fresh verdure; 緑 (みどり·1) = greenery",丘はいつも緑だ。,,丘(おか) は 何時も 緑 だ,ヨ 糸 幺 小 水 隶,"縁,線,糸"
領,"jurisdiction, dominion, territory, fief, reign",リョウ,"横領 (おうりょう·0) = usurpation, embezzlement, misappropriation; 綱領 (こうりょう·3,0) = general plan, main points, summary; 受領 (じゅりょう·0) = receipt (of letter), acknowledge; 占領 (せんりょう·0) = occupation, capture, possession, have a room to oneself; 総領事 (そうりょうじ·3) = consul general",この問題は彼の領分だ。,,此の 問題 は 彼(かれ) の 領分 だ,貝 目 ハ 頁 个 卩 一,"嶺,頂,買"
量,"quantity, measure, weight, amount, consider, estimate, surmise",リョウ; はか.る,"雨量 (うりょう·1) = rainfall; 音量 (おんりょう·0,3) = volume (sound); 感慨無量 (かんがいむりょう·0) = deep emotion, one's mind is filled with thousand emotions; 器量 (きりょう·1) = looks, features, personal beauty; 技量 (ぎりょう·1,0) = ability, competency",スゴイ量だね！,,凄い 量 だ ね(#2029080),一 日 里,"糧,晋,旦"
良,"good, pleasing, skilled","リョウ; よ.い, -よ.い, い.い, -い.い","改良 (かいりょう·0) = improvement, reform; 最良 (さいりょう·0) = the best, ideal; 善良 (ぜんりょう·0) = goodness, excellence, virtue; 仲良く (なかよく) = making friends with, getting along well with, on cordial terms; 不良 (ふりょう·0) = badness, delinquent, inferiority, failure",良い休暇を。,,良い 休暇 を,艮,"限,郎,退"
療,"heal, cure",リョウ,"医療 (いりょう·1,0) = medical care, medical treatment; 化学療法 (かがくりょうほう·4) = chemotherapy; 加療 (かりょう·0) = medical treatment; 治療 (ちりょう·0) = medical treatment; 診療 (しんりょう·0) = medical examination and treatment, diagnosis",治療よりも予防。,,治療 よりも 予防,小 日 并 大 疔,"遼,瞭,寮"
涼,"refreshing, nice and cool","リョウ; すず.しい, すず.む, すず.やか, うす.い, ひや.す, まことに","清涼 (せいりょう·0) = cool, refreshing; 涼しい (すずしい·3) = cool, refreshing; 涼風 (すずかぜ·2) = cool breeze, refreshing breeze; 納涼 (のうりょう·0) = (enjoying the) cool of the evening",今日は涼しいです。,,今日 は 涼しい です,口 汁 小 亠,"諒,淳,椋"
両,"both, old Japanese coin, counter for carriages (eg in a train), two","リョウ; てる, ふたつ","一刀両断 (いっとうりょうだん·0) = cutting in two with a single stroke, taking decisive (drastic) measure, cutting the (Gordian) knot; 十両 (じゅうりょう·3) = second highest sumo division, wrestlers of the second highest sumo division; 両院 (りょういん·0) = both Houses of Parliament; 両家 (りょうけ·1) = both families; 両岸 (りょうぎし·0) = both banks (of a river)",両手をあげろ！,,両手 を 上げる,｜ 一 冂 山,"満,峰,峠"
了,"complete, finish",リョウ,"完了 (かんりょう·0) = completion, conclusion; 修了 (しゅうりょう·0) = completion (of a course); 終了 (しゅうりょう·0) = end, close, termination; 満了 (まんりょう·0) = expiration, termination; 未了 (みりょう·0) = unfinished, unfilled (order), unexecuted",これにて終了。,,此れ にて 終了,一 亅,"丁,訂,灯"
粒,"grains, drop, counter for tiny particles",リュウ; つぶ,"素粒子 (そりゅうし·2) = elementary particle, particle (physics); 微粒子 (びりゅうし·2) = corpuscle, minute particle; 米粒 (こめつぶ·3) = grain of rice; 粒 (つぶ·1) = grain; 粒子 (りゅうし·1) = particle, grain",彼らは粒よりの兵士だ。,,彼ら(かれら) は 粒選り の 兵士 だ,米 立,"迷,辛,童"
留,"detain, fasten, halt, stop","リュウ, ル; と.める, と.まる, とど.める, とど.まる, るうぶる","慰留 (いりゅう·0) = dissuasion from resigning or leaving; 遺留 (いりゅう·0) = bequest; 遺留品 (いりゅうひん·0) = lost articles; 居留 (きょりゅう·0) = residence, reside; 局留め (きょくどめ·0) = general delivery, counter collection, poste restante",母は留守です。,,母(はは) は 留守 です,田 刀 厶,"瑠,初,鬼"
流,"current, a sink, flow, forfeit","リュウ, ル; なが.れる, なが.れ, なが.す, -なが.す","亜流 (ありゅう·0) = bad second, epigone, adherent, follower, imitator; 一流 (いちりゅう·0) = first-class, top grade, school (of art), foremost, top-notch, unique; 押流す (おしながす·4) = to wash away; 横流し (よこながし·0,3) = diversion into illegal channels; 下流 (かりゅう·0) = downstream, lower reaches of a river, lower classes",水に流す。,,水(みず) に 流す,汁 川 亠 厶,"琉,衣,硫"
略,"abbreviation, omission, outline, shorten, capture, plunder","リャク; ほぼ, おか.す, おさ.める, はかりごと, はか.る, はぶ.く, りゃく.す, りゃく.する","概略 (がいりゃく·0) = outline, summary, gist, in brief; 簡略 (かんりゃく·0) = simple, simplicity; 攻略 (こうりゃく·0) = capture; 策略 (さくりゃく·0,2) = scheme, tactic, stratagem, trick; 省略 (しょうりゃく·0) = omission, abbreviation, abridgment, abridgement",何の略字ですか。,,何 の 略字 ですか,口 田 夂,"舌,石,閣"
率,"ratio, rate, proportion, %, coefficient, factor","ソツ, リツ, シュツ; ひき.いる","引率 (いんそつ·0) = leading, commanding; 確率 (かくりつ·0) = probability; 軽率 (けいそつ·0) = rash, thoughtless, careless, hasty; 効率 (こうりつ·0) = efficiency, efficacy, performance, utility factor; 効率的 (こうりつてき·0) = efficient",彼は打率が高い。,,彼(かれ) は 打率 が 高い,玄 十 亠 冫 幺,"玄,畜,弦"
律,"rhythm, law, regulation, gauge, control","リツ, リチ, レツ","一律 (いちりつ·0) = evenness, uniformity, monotony, equality; 韻律 (いんりつ·0) = rhythm, metre (poet); 戒律 (かいりつ·0) = Buddhist precepts; 紀律 (きりつ·0) = order, observance, discipline, rules, law, regulations; 自律 (じりつ·0) = autonomy",法律が改正された。,,法律 が 改正 為れる,彳 聿,"行,津,書"
陸,"land, six","リク, ロク; おか","空陸 (くうりく·1) = land and air, land and air forces; 上陸 (じょうりく·0) = landing, disembarkation; 大陸 (たいりく·0,1) = continent; 大陸棚 (たいりくだな·4,0) = continental shelf; 着陸 (ちゃくりく·0) = landing, alighting, touch down",彼は陸軍士官だ。,,彼(かれ) は 陸軍 士官 だ,土 儿 阡,"陵,圭,陛"
裏,"back, amidst, in, reverse, inside, palm, sole, rear, lining, wrong side",リ; うら,"内裏 (だいり·1,0) = imperial palace; 表裏 (ひょうり·1) = two sides, inside and outside; 舞台裏 (ぶたいうら·0) = offstage, backstage, behind the scenes; 裏 (うら·2) = reverse side, wrong side, back, undersurface, inside, palm, sole, opposite, rear, lining, last half (of an inning); 裏金 (うらがね·0) = bribe",表か裏か。,,表(おもて) か 裏(うら) か,衣 里 亠,"衣,亡,衰"
利,"profit, advantage, benefit",リ; き.く,"営利 (えいり·1) = money-making, commercialized, commercialised; 鋭利 (えいり·1) = sharpness; 巨利 (きょり·1) = huge profit; 金利 (きんり·0,1) = interest rates; 権利 (けんり·1) = right, privilege",利口だね。,,利口 だ ね(#2029080),禾 刈,"莉,痢,梨"
卵,"egg, ovum, spawn, roe",ラン; たまご,"鶏卵 (けいらん·0) = hens egg; 産卵 (さんらん·0) = egg-laying, spawning; 受精卵 (じゅせいらん·2) = fertilized eggs, fertilized eggs; 生卵 (なまたまご·3,4) = raw egg",卵は嫌いです。,,卵(たまご) は 嫌い です,ノ 卜 丶 卩,"卯,及,匁"
乱,"riot, war, disorder, disturb","ラン, ロン; みだ.れる, みだ.る, みだ.す, みだ, おさ.める, わた.る","一心不乱 (いっしんふらん·3) = wholeheartedly, with heart and soul, intently, with undivided attention, with intense concentration; 狂乱 (きょうらん·0) = fury, frenzy, madness; 混乱 (こんらん·0) = disorder, chaos, confusion, mayhem; 錯乱 (さくらん·0) = confusion, distraction, derangement",反乱が勃発した。,,反乱 が 勃発 為る(する),乙 口 舌,"舌,礼,石"
落,"fall, drop, come down","ラク; お.ちる, お.ち, お.とす","一段落 (ひとだんらく·3) = pause; 下落 (げらく·0) = depreciation, decline, fall, slump; 滑落 (かつらく·0) = slipping down, avalanche; 落ち入る (おちいる·3,0) = to fall, to trap, to cave in, to collapse",落ちついて。,,落ちつく,口 汁 夂 艾,"藻,蕗,舌"
絡,"entwine, coil around, get caught in","ラク; から.む, から.まる","短絡 (たんらく·0) = electric short-circuit, drawing a hasty inference between two events, jumping to a quick conclusion; 脈絡 (みゃくらく·0) = chain of reasoning, logical connection, coherence, context; 絡まる (からまる·3) = to be entwined, to be involved; 絡む (からむ·2) = to entangle, to entwine, to pick a quarrel, to be involved with; 聯絡 (れんらく·0) = junction, communication, contact, connection, coordination",連絡してね。,,連絡 為る(する) ね(#2029080),口 糸 幺 小 夂,"緯,絹,結"
頼,"trust, request","ライ; たの.む, たの.もしい, たよ.る","依頼 (いらい·0) = request, commission, dispatch, despatch, dependence, trust; 依頼者 (いらいしゃ) = client; 家頼 (けらい·1) = retainer, retinue, servant; 信頼 (しんらい·0) = reliance, trust, faith, confidence; 信頼性 (しんらいせい·0) = credibility, authenticity, confidence, reliability",頼むよー。,,頼む よ,｜ 貝 目 口 ハ 頁 木,"瀬,唄,貴"
翌,"the following, next",ヨク,"翌月 (よくげつ·0) = following month; 翌週 (よくしゅう·0) = the following week, the next week; 翌日 (よくじつ·0) = next day; 翌年 (よくとし·0) = following year; 翌朝 (よくちょう·0) = the next morning",翌日は足が痛かった。,,翌日 は 足(あし) が 痛い,羽 立 冫,"羽,翔,翁"
浴,"bathe, be favored with, bask in","ヨク; あ.びる, あ.びせる","海水浴 (かいすいよく·3) = sea bathing, seawater bath; 海水浴場 (かいすいよくじょう·5) = swimming area (in the ocean), swimming beach, seawater baths; 日光浴 (にっこうよく·3) = sunbathing; 入浴 (にゅうよく·0) = bathe, bathing; 浴 (よく) = bath",彼は毎朝入浴します。,,彼(かれ) は 毎朝 入浴 為る(する),口 汁 谷 ハ 个,"溶,谷,沿"
欲,"longing, covetousness, greed, passion, desire, craving","ヨク; ほっ.する, ほ.しい","禁欲 (きんよく·0) = abstinence, abnegation; 欲 (よく·2) = greed, wants; 欲しい (ほしい·2) = wanted, wished for, in need of, desired; 欲する (ほっする·0,3) = to want, to desire; 欲求 (よっきゅう·0) = desire",親の欲目。,,親(おや) の 欲目,欠 口 谷 ハ 个,"谷,裕,浴"
陽,"sunshine, yang principle, positive, male, heaven, daytime",ヨウ; ひ,"斜陽 (しゃよう·0) = setting sun, declining; 太陽 (たいよう·1) = sun, solar; 反陽子 (はんようし·3) = antiproton (physics); 陽炎 (ようえん·0) = heat haze, shimmer of hot air; 陽気 (ようき·0,1) = season, weather, cheerfulness",太陽がまぶしい。,,太陽 が 眩しい,一 日 阡 勿,"晋,旦,腸"
踊,"jump, dance, leap, skip",ヨウ; おど.る,"舞踊 (ぶよう·0) = dancing, dance; 盆踊り (ぼんおどり·3) = Bon Festival dance, Lantern Festival dance; 踊り (おどり·0) = dance; 踊り子 (おどりこ·0) = dancer; 踊り場 (おどりば·0) = dance hall, dance floor, landing (stairs)",踊りましょうか。,,踊る ましょうか,口 足 用 マ 止,"足,路,促"
要,"need, main point, essence, pivot, key to",ヨウ; い.る,"概要 (がいよう·0) = outline, summary, synopsis; 肝要 (かんよう·0) = essential, vital, crucial, importance; 強要 (きょうよう·0) = coercion, extortion; 緊要 (きんよう·0) = momentous, exigent, urgent, important, vital; 主要 (しゅよう·0) = chief, main, principal, major",君が必要だ。,,君(きみ) が 必要 だ,女 西,"腰,茜,栗"
葉,"leaf, plane, lobe, needle, blade, spear, counter for flat things, fragment, piece",ヨウ; は,"一葉 (いちよう·0,2) = (a) leaf, (a) page, (a) copy (of a photo), (a) boat; 言葉 (ことば·3) = word(s), language, speech; 言葉遣い (ことばづかい·4) = speech, expression, wording; 若葉 (わかば·1) = new leaves, fresh verdure; 松葉 (まつば·1) = pine needle",葉が落ちた。,,葉(は) が 落ちる,木 世 艾,"蝶,菓,樺"
溶,"melt, dissolve, thaw","ヨウ; と.ける, と.かす, と.く","水溶性 (すいようせい·0) = water-soluble; 溶かす (とかす·2) = to melt, to dissolve; 溶け合う (とけあう·3,0) = to melt together; 溶液 (ようえき·1) = solution (liquid); 溶解 (ようかい·0) = solution",氷が溶けている。,,氷(こおり) が 溶ける,穴 口 汁 谷 ハ 个 宀,"容,浴,蓉"
様,"Esq., way, manner, situation, polite suffix","ヨウ, ショウ; さま, さん","ご苦労様 (ごくろうさま·2) = thank you very much for your .., I appreciate your efforts; 異様 (いよう·0) = bizarre, strange, eccentric, odd, queer; 一様 (いちよう·0) = uniformity, evenness, similarity, equality, impartiality; 奥様 (おくさま·1) = wife, your wife, his wife, married lady, madam; 王様 (おうさま·0) = king",お客様は？,,お客様 は,王 水 并 木 羊,"羊,琳,養"
容,"contain, form, looks",ヨウ; い.れる,"寛容 (かんよう·0) = forbearance, tolerance, generosity; 許容 (きょよう·0) = permission, pardon; 形容 (けいよう·0) = form, figure, qualification, description, modifying, figure of speech; 形容詞 (けいようし·3) = (true) adjective; 受容 (じゅよう·0) = reception",間食は美容に悪い。,,間食 は 美容 に 悪い(わるい),穴 口 谷 ハ 个 宀,"蓉,溶,谷"
幼,"infancy, childhood",ヨウ; おさな.い,"乳幼児 (にゅうようじ·3) = infants, babies; 幼馴染 (おさななじみ·4) = childhood friend, friend from infancy, old playmate; 幼魚 (ようぎょ·1) = fry (young fish); 幼子 (おさなご·3) = infant, baby, little child; 幼児 (ようじ·1) = infant, baby, child",アンは幼い少女です。,,は 幼い 少女 です,力 幺,"幻,脅,糸"
預,"deposit, custody, leave with, entrust to","ヨ; あず.ける, あず.かる","普通預金 (ふつうよきん·4) = ordinary bank account; 預かり (あずかり·0,4) = custody, undecided match, draw, tie; 預かる (あずかる·3) = to keep in custody, to receive on deposit, to take charge of; 預け (あずけ·3) = custody, keeping; 預ける (あずける·3) = to give into custody, to leave (a child) in the care of, to entrust",私は彼に金を預けた。,,私(わたし) は 彼(かれ) に 金(かね) を 預ける,貝 目 ハ 欠 マ 一 亅 頁,"頂,貯,財"
与,"bestow, participate in, give, award, impart, provide, cause, gift, godsend","ヨ; あた.える, あずか.る, くみ.する, ともに","関与 (かんよ·1) = participation, taking part in, participating in, being concerned in; 寄与 (きよ·1) = contribution, service; 給与 (きゅうよ·1) = allowance, grant, supply; 供与 (きょうよ·1) = giving, provision, furnishing; 参与 (さんよ·1) = participation, taking part",彼女はお金を与えた。,,彼女 は お金 を 与える,勹 一 卜,"上,朽,巧"
余,"too much, myself, surplus, other, remainder","ヨ; あま.る, あま.り, あま.す, あんま.り","持て余す (もてあます·4,0) = to be too much for one, to find unmanageable, to be beyond one's control, to not know what to do with; 剰余金 (じょうよきん·0) = surplus, balance; 余波 (なごり·3,0) = remains, traces, vestiges, memory; 余す (あます·2) = to save, to leave over, to spare; 余りに (あまりに) = too much, excessively, too",身に余る栄光。,,身に余る栄光,一 二 ハ 个 亅 示 小,"祭,示,介"
予,"beforehand, previous, myself, I","ヨ, シャ; あらかじ.め","執行猶予 (しっこうゆうよ·5) = stay of execution, suspended sentence; 猶予 (ゆうよ·1) = postponement, deferment; 予科 (よか·1) = preparatory course, preparatory department; 予感 (よかん·0) = presentiment, premonition; 予期 (よき·1) = expectation, assume will happen, forecast",予約してある。,,予約 為る(する),マ 一 亅,"了,丁,序"
郵,"mail, stagecoach stop",ユウ,"郵政省 (ゆうせいしょう·3) = Ministry of Posts and Telecommunications; 郵送 (ゆうそう·0) = mailing; 郵便為替 (ゆうびんかわせ) = postal money order; 郵便局 (ゆうびんきょく·3) = post office; 郵便 (ゆうびん·0) = mail, postal service",郵便が届いた。,,郵便 が 届く,｜ ノ 一 邦,"垂,乃,丑"
遊,play,"ユウ, ユ; あそ.ぶ, あそ.ばす","園遊会 (えんゆうかい·3) = garden party; 火遊び (ひあそび·2) = playing with fire, playing with love; 回遊 (かいゆう·0) = excursion, circular tour; 外遊 (がいゆう·0) = foreign travel; 吟遊詩人 (ぎんゆうしじん·5) = troubadour, minstrel",遊びにこいよ。,,遊びに来る よ,込 子 方 乞,"竹,旋,放"
由,"wherefore, a reason","ユ, ユウ, ユイ; よし, よ.る","経由 (けいゆ·0,1) = go by the way, via; 事由 (じゆう·0) = reason, cause; 自由 (じゆう·2) = freedom, liberty, as it pleases you; 自由化 (じゆうか·0) = liberalization, liberalization, freeing; 自由業 (じゆうぎょう·2) = self-employed profession (eg actor, artist), liberal profession",俺は自由な男。,,俺(おれ) は 自由 男,｜ 日 田,"申,甲,迪"
勇,"courage, cheer up, be in high spirits, bravery, heroism",ユウ; いさ.む,"蛮勇 (ばんゆう·0) = foolhardiness, recklessness, savage valour, savage valor, brute courage; 武勇 (ぶゆう·1) = bravery, military prowess, valour, valor; 勇 (ゆう·1) = bravery, courage, heroism; 勇ましい (いさましい·4) = brave, valiant, gallant, courageous; 勇み足 (いさみあし·3,0) = overeagerness, rashness, forward step-out (in sumo)",彼は勇敢だった。,,彼(かれ) は 勇敢 だ,田 力 マ,"湧,男,矛"
優,"tenderness, excel, surpass, actor, superiority, gentleness","ユウ, ウ; やさ.しい, すぐ.れる, まさ.る","女優 (じょゆう·0) = actress; 声優 (せいゆう·0) = voice actor or actress (radio, animation, etc.); 男優 (だんゆう·0) = actor; 俳優 (はいゆう·0) = actor, actress, player, performer; 優しい (やさしい·0,3) = tender, kind, gentle, graceful, affectionate, amiable, suave",優しい人です。,,優しい 人(ひと) です,一 化 心 白 冖 夂 自,"憂,百,伯"
輸,"transport, send, be inferior","ユ, シュ",運輸 (うんゆ·1) = transportation; 運輸省 (うんゆしょう·3) = Ministry of Transport; 逆輸入 (ぎゃくゆにゅう·3) = reimportation; 禁輸 (きんゆ·0) = embargo; 空輸 (くうゆ·0) = air transport,輸血が必要です。,,輸血 が 必要 です,刈 月 車 个 一,"諭,愉,今"
油,"oil, fat","ユ, ユウ; あぶら","揮発油 (きはつゆ·3,0) = volatile oil; 給油 (きゅうゆ·0) = supply of oil; 軽油 (けいゆ·0) = diesel oil, light oil, gasoline, petrol; 原油 (げんゆ·0) = crude oil; 重油 (じゅうゆ·0) = heavy oil, crude petroleum",水は油よりも重い。,,水(みず) は 油 よりも 重い,｜ 汁 日 田,"申,甲,由"
約,"promise, approximately, shrink",ヤク,"違約 (いやく·0) = breach of contract, default; 解約 (かいやく·0) = cancellation of contract; 確約 (かくやく·0) = firm promise, definite promise; 規約 (きやく·0) = agreement, rules, code, protocol, convention; 旧約 (きゅうやく·0) = Old Testament, old promise, the old covenant",約束は約束。,,約束 は 約束,糸 幺 小 丶 勹,"絢,糸,勺"
役,"duty, war, campaign, drafted labor, office, service, role","ヤク, エキ","悪役 (あくやく·0) = villain, baddie, the villain's part; 一役 (いちやく·0,2) = an office, an important office; 監査役 (かんさやく·0,3) = auditor, inspector; 顔役 (かおやく·0) = influential man, boss; 区役所 (くやくしょ·2) = ward office, council (regional)",私は役員になった。,,私(わたし) は 役員 になる,彳 殳 几 又,"鍛,設,般"
戻,"re-, return, revert, resume, restore, go backwards","レイ; もど.す, もど.る","引戻す (ひきもどす·4) = to bring back, to restore; 押戻す (おしもどす·4) = to push back; 逆戻り (ぎゃくもどり·3,0) = retrogression, reversal, relapse; 呼び戻す (よびもどす·4) = to call back, to call home; 後戻り (あともどり·3) = backtrack",すぐに戻るよ。,,直ぐに 戻る よ,戸 大 一 尸,"涙,戸,雇"
毛,"fur, hair, feather, down",モウ; け,"育毛剤 (いくもうざい·3,0) = (hair) tonic; 羽毛 (うもう·0) = feathers, plumage, down; 赤毛 (あかげ·0) = redhead; 脱毛 (だつもう·0) = hair removal; 髪の毛 (かみのけ·3) = hair (head)",毛布をください。,,毛布 を 下さい,,
面,"mask, face, features, surface","メン, ベン; おも, おもて, つら","一面 (いちめん·0,2) = one side, one phase, front page, the other hand, the whole surface; 仮面 (かめん·0) = mask, disguise; 画面 (がめん·1,0) = terminal screen, scene, picture, the field (in TV), photo; 海面 (かいめん·0) = sea level, (surface of) sea; 外面 (そとづら·0) = exterior, surface, outward appearance",面倒だな。,,面倒 だ な,,
綿,cotton,メン; わた,"綿 (わた·2) = cotton, padding; 綿布 (めんぷ·1) = cotton cloth, cotton material; 綿密 (めんみつ·0) = minute, detailed, careful, scrupulous, thorough; 木綿 (きわた·1) = cotton; 石綿 (せきめん·0) = asbestos",綿は水を吸い込む。,,綿(めん) は 水(みず) を 吸い込む,巾 糸 幺 小 白,"線,糸,縮"
鳴,"chirp, cry, bark, sound, ring, echo, honk","メイ; な.く, な.る, な.らす","共鳴 (きょうめい·0) = resonance, sympathy; 怒鳴る (どなる·2) = to shout, to yell; 悲鳴 (ひめい·0) = shriek, scream; 百家争鳴 (ひゃっかそうめい·1) = Let a hundred schools of thought contend; 鳴き声 (なきごえ·3,0) = cry (esp. animal), roar",羊は何て鳴くの？,,羊 は 何て 鳴く の,口 鳥 杰,"馬,舌,石"
迷,"astray, be perplexed, in doubt, lost, err, illusion",メイ; まよ.う,"昏迷 (こんめい·0) = stupefaction, stupor, unconsciousness, confusion; 低迷 (ていめい·0) = hanging low (over), hovering around (price level), low hanging (eg clouds), sluggish (eg economy); 迷わす (まよわす·3) = to puzzle, perplex, bewilder, delude, mislead, fascinate; 迷宮 (めいきゅう·0) = mystery, maze, labyrinth; 迷彩 (めいさい·0) = camouflage, disguise",彼は森で迷った。,,彼(かれ) は 森 で(#2028980) 迷う,込 米,"連,逐,退"
命,"fate, command, decree, destiny, life, appoint","メイ, ミョウ; いのち","一命 (いちめい·0) = (a) life, (a) command; 運命 (うんめい·1) = fate; 延命 (えんめい·0) = long life, longevity, macrobiotics; 革命 (かくめい·0) = revolution",一生懸命働いた。,,一生懸命 働く,口 个 卩 一,"含,吟,令"
娘,"daughter, girl","ジョウ; むすめ, こ",一人娘 (ひとりむすめ·4) = an only daughter; 孫娘 (まごむすめ·3) = granddaughter; 娘 (むすめ·3) = daughter; 娘婿 (むすめむこ·4) = adopted son-in-law,真理は時の娘。,,真理 は 時(とき) の 娘(むすめ),艮 女,"良,限,郎"
無,"nothingness, none, ain't, nothing, nil, not","ム, ブ; な.い","皆無 (かいむ·1) = nothing; 感慨無量 (かんがいむりょう·0) = deep emotion, one's mind is filled with thousand emotions; 間も無く (まもなく·2) = soon, before long, in a short time; 虚無 (きょむ·1) = nihility, nothingness",入場無料。,,入場 無料,｜ ノ 一 杰 乞,"垂,乃,丑"
夢,"dream, vision, illusion","ム, ボウ; ゆめ, ゆめ.みる, くら.い","悪夢 (あくむ·1) = nightmare, bad dream; 初夢 (はつゆめ·0) = year's first dream; 夢 (ゆめ·2) = dream; 夢にも (ゆめにも·2) = not in the slightest, not in one's wildest dreams; 夢見る (ゆめみる·3,2) = to dream (of)",よい夢を。,,良い 夢 を,買 夕 冖 艾,"多,苑,葬"
務,"task, duties",ム; つと.める,"医務 (いむ·1) = medical affairs; 医務室 (いむしつ·2) = medical office; 外務 (がいむ·1) = foreign affairs; 外務省 (がいむしょう·3) = Department of Foreign Affairs; 義務 (ぎむ·1) = duty, obligation, responsibility",まだ勤務中だ。,,未だ 勤務 中(ちゅう) だ,矛 力 攵,"霧,茅,脅"
眠,"sleep, die, sleepy","ミン; ねむ.る, ねむ.い","安眠 (あんみん·0) = quiet sleep; 快眠 (かいみん·0) = pleasant sleep; 休眠 (きゅうみん·0) = idle, dormant; 居眠り (いねむり·3) = dozing, nodding off; 催眠 (さいみん·0) = hypnotism",眠い！,,眠い,口 氏 目 尸,"局,舌,石"
未,"un-, not yet, hitherto, still, even now, sign of the ram, 1-3PM, eighth sign of Chinese zodiac","ミ, ビ; いま.だ, ま.だ, ひつじ","前代未聞 (ぜんだいみもん·1) = unheard-of, unprecedented, unparalleled in history (unparalleled), record-breaking; 未解決 (みかいけつ·2) = unsettled, pending, unresolved; 未開 (みかい·0) = savage land, backward region, uncivilized, uncivilised; 未開拓 (みかいたく·2) = undeveloped, wild (areas); 未開発 (みかいはつ·2) = undeveloped (countries), backward, unentered",未成年者お断り。,,未成年者 お断わり,｜ 二 ハ 木 亠,"魅,来,末"
満,"full, enough, pride, satisfy","マン, バン; み.ちる, み.つ, み.たす","円満 (えんまん·0) = perfection, harmony, peace, smoothness, completeness, satisfaction, integrity; 干満 (かんまん·0) = ebb and flow; 充満 (じゅうまん·0) = being filled with, teaming with, pregnant with; 順風満帆 (じゅんぷうまんぱん·0) = smooth sailing; 肥満 (ひまん·0) = corpulence, fatness, obesity",満席です。,,満席 です,｜ 一 汁 二 冂 山 艾,"両,華,溝"
末,"end, close, tip, powder, posterity","マツ, バツ; すえ","巻末 (かんまつ·0) = end of a book; 期末 (きまつ·0) = end of term; 結末 (けつまつ·0) = end, conclusion; 月末 (つきずえ·0,3) = end of the month; 跡始末 (あとしまつ·3) = settlement (of affairs), remedial measures",週末にね。,,週末 に ね(#2029080),｜ 一 ハ 木 亠,"茉,抹,束"
枚,"sheet of..., counter for flat thin objects or sheets","マイ, バイ","一枚 (いちまい·2) = one thin flat object, one sheet; 一枚看板 (いちまいかんばん·5) = (a) leading player, the best item one has (to show); 一枚岩 (いちまいいわ·3) = monolithic; 三枚 (さんまい·1,0) = comedy; 三枚目 (さんまいめ·5) = comedian",彼は三枚目だ。,,彼(かれ) は 三枚目 だ,木 攵 乞,"整,竹,牧"
埋,"bury, be filled up, embedded","マイ; う.める, う.まる, う.もれる, うず.める, うず.まる, い.ける","穴埋め (あなうめ·0,4) = filling in gaps, filling in blanks (in a form, etc); 埋める (うめる·0) = to bury, to fill (a seat, a vacant position), to make amends; 埋もれる (うづもれる·0,4) = to be buried, to be covered, to be hidden; 埋葬 (まいそう·0) = burial",空所を埋めろ。,,空所(くうしょ) を 埋める(うめる),土 里,"墨,圭,童"
磨,"grind, polish, scour, improve, brush (teeth)","マ; みが.く, す.る","切磋琢磨 (せっさたくま·1) = cultivate one's character by studying hard, diligent application; 雪達磨 (ゆきだるま·3) = snowman; 達磨 (だるま·0) = daruma (tumbling doll), Bodhidharma, prostitute; 磨ぐ (とぐ·1) = to sharpen, to grind, to scour, to hone, to polish, to wash (rice); 歯磨き (はみがき·2) = dentifrice, toothpaste",歯を磨いたの？,,歯を磨く の,口 石 木 广 麻,"麿,麻,杏"
防,"ward off, defend, protect, resist",ボウ; ふせ.ぐ,"攻防 (こうぼう·0) = offense and defense, offence and defence; 国防 (こくぼう·0) = national defence, national defense; 砂防 (さぼう·0) = erosion control; 消防 (しょうぼう·0) = fire fighting, fire department",防御が崩れた。,,防御 が 崩れる,方 阡,"陣,限,訪"
貿,"trade, exchange",ボウ,保護貿易 (ほごぼうえき·3) = protective trade; 貿易 (ぼうえき·0) = trade (foreign),彼は貿易で財産を築いた。,,彼(かれ) は 貿易 で(#2028980) 財産 を 築く,貝 目 ハ 刀 厶,"貧,買,頒"
棒,"rod, stick, cane, pole, club, line",ボウ,"警棒 (けいぼう·0) = baton; 指揮棒 (しきぼう·0,2) = conductor's stick, conductor's baton; 相棒 (あいぼう·0,3) = partner, pal, accomplice; 鉄棒 (かなぼう·0) = iron rod, crowbar, horizontal bar (gymnastics); 貧棒 (びんぼう) = poverty, destitute, poor",鬼に金棒。,,鬼 に 金棒,｜ 一 人 木 二 大,"奉,泰,槻"
望,"ambition, full moon, hope, desire, aspire to, expect","ボウ, モウ; のぞ.む, もち","渇望 (かつぼう·0) = craving, longing, thirsting; 冀望 (きぼう·0) = hope, wish, aspiration; 志望 (しぼう·0) = wish, desire, ambition; 失望 (しつぼう·0) = disappointment, despair; 属望 (しょくぼう·0) = (having great) expectation, pinning one's hopes on",失望するな。,,失望 為る(する) な,王 亡 月,"朋,瑚,豚"
暴,"outburst, rave, fret, force, violence, cruelty, outrage","ボウ, バク; あば.く, あば.れる","横暴 (おうぼう·0) = violence, oppression, high-handedness, tyranny, despotism; 自暴自棄 (じぼうじき·4) = desperation, despair, self-abandonment; 粗暴 (そぼう·0) = wild, rude, violent, hard; 暴れる (あばれる·0) = to act violently, to rage, to struggle, to be riotous",暴動が治まった。,,暴動 が 治まる,｜ 一 水 二 日 ハ 井,"爆,昔,典"
忙,"busy, occupied, restless","ボウ, モウ; いそが.しい, せわ.しい, おそ.れる, うれえるさま","多忙 (たぼう·0) = busy, pressure of work; 忙しい (せわしい·3) = busy, irritated; 繁忙 (はんぼう·0) = pressure of business, busy; 忙殺 (ぼうさつ·0) = worked to death",僕は忙しい。,,僕(ぼく) は 忙しい(いそがしい),亡 亠,"盲,忘,妄"
忘,forget,ボウ; わす.れる,"忘れ物 (わすれもの·0) = lost article, something forgotten; 忘却 (ぼうきゃく·0) = lapse of memory, forgetfulness, oblivion; 忘年会 (ぼうねんかい·3) = year-end party; 忘れ去る (わすれさる·4) = to forget completely, to leave behind; 物忘れ (ものわすれ·3) = forgetfulness",忘れ物ない？,,忘れ物 無い,心 亡 亠,"忙,衣,亡"
帽,"cap, headgear","ボウ, モウ; ずきん, おお.う","烏帽子 (えぼし·0,1) = noble's court headgear; 脱帽 (だつぼう·0) = removing one's hat; 帽子 (ぼうし·0) = hat",君には脱帽するよ。,,君(きみ) には 脱帽 為る(する) よ,巾 日 目,"冒,晶,昌"
坊,"boy, priest's residence, priest","ボウ, ボッ","桜ん坊 (サクランボ) = (edible) cherry; 赤ん坊 (あかんぼう·0) = baby; 朝寝坊 (あさねぼう·3) = oversleeping, late riser; 坊さん (ぼうさん·0) = Buddhist priest, monk; 坊や (ぼうや·1) = boy",彼女は朝寝坊だ。,,彼女 は 朝寝坊 だ,土 方,"圭,防,訪"
亡,"deceased, the late, dying, perish","ボウ, モウ; な.い, な.き-, ほろ.びる, ほろ.ぶ, ほろ.ぼす","興亡 (こうぼう·0) = rise and fall, ups and downs; 死亡 (しぼう·0) = death, mortality; 死亡者 (しぼうしゃ·2) = the deceased, deaths, persons killed; 死亡率 (しぼうりつ·2) = death rate, mortality; 逃亡 (とうぼう·0) = escape",彼は逃亡を図った。,,彼(かれ) は 逃亡 を 図る,亠,"衣,蛮,芝"
豊,"bountiful, excellent, rich","ホウ, ブ; ゆた.か, とよ","豊か (ゆたか·1) = abundant, wealthy, plentiful, rich; 豊漁 (ほうりょう·0) = good catch, good haul; 豊作 (ほうさく·0) = abundant harvest, bumper crop; 豊年 (ほうねん·0) = fruitful year; 豊富 (ほうふ·0,1) = abundance, wealth, plenty, bounty",今年は豊作だった。,,今年 は 豊作 だ,｜ 一 口 豆 日 并,"曹,亜,艶"
訪,"call on, visit, look up, offer sympathy","ホウ; おとず.れる, たず.ねる, と.う","探訪 (たんぼう·0) = searching, hunting for news story, journalist; 訪ねる (たずねる·3) = to visit; 訪れる (おとずれる·4) = to visit; 訪日 (ほうにち·0) = visit to Japan; 訪米 (ほうべい·0) = visit to America",彼は友人を訪ねた。,,彼(かれ) は 友人 を 訪ねる,言 方,"防,談,記"
法,"method, law, rule, principle, model, system","ホウ, ハッ, ホッ, フラン; のり","悪法 (あくほう·0) = bad law; 違法 (いほう·0) = illegal, illegality, unlawfulness; 遠近法 (えんきんほう·0) = perspective; 化学療法 (かがくりょうほう·4) = chemotherapy; 画法 (がほう·0) = art of drawing and painting",釈迦に説法。,,釈迦に説法,汁 土 厶,"渥,圭,至"
放,"set free, release, fire, shoot, emit, banish, liberate","ホウ; はな.す, -っぱな.し, はな.つ, はな.れる, こ.く, ほう.る","飲み放題 (のみほうだい) = all you can drink, bottomless cup; 解放 (かいほう·0) = release, unleashing, liberation, emancipation; 開放 (かいほう·0) = open, throw open, liberalization, liberalisation; 豪放 (ごうほう·0) = largehearted, frank, unaffected; 釈放 (しゃくほう·0) = release, liberation, acquittal",腕を放して。,,腕(うで) を 放す,方 攵 乞,"倣,激,敷"
抱,"embrace, hug, hold in arms","ホウ; だ.く, いだ.く, かか.える","辛抱 (しんぼう·1) = patience, endurance; 抱え (かかえ·0) = armful, employee; 抱える (かかえる·0) = to hold or carry under or in the arms, to have (esp. problems, debts, etc.), to employ; 抱き合う (だきあう·3) = to embrace each other",もう少しの辛抱だ。,,もう少し の 辛抱 だ,勹 已 扎,"包,巳,己"
宝,"treasure, wealth, valuables",ホウ; たから,"国宝 (こくほう·0) = national treasure; 財宝 (ざいほう·0) = treasure; 至宝 (しほう·0) = most valuable asset, pride of .., most important person; 七宝 (しっぽう·0) = the 7 treasures (gold, silver, pearls, agate, crystal, coral, lapis lazuli), cloisonne; 東宝 (とうほう) = Toho (Japanese film studio)",伝家の宝刀をぬく。,,伝家 の 宝刀 を 抜く,王 宀 丶,"玉,球,柱"
報,"report, news, reward, retribution",ホウ; むく.いる,"一報 (いっぽう·0) = information; 会報 (かいほう·0) = bulletin, report; 確報 (かくほう·0) = definite report, confirmed data; 官報 (かんぽう·1) = official daily gazette, official telegram; 吉報 (きっぽう·0) = good news",悪事の報い。,,悪事 の 報い,十 辛 土 又 立 亠 卩,"幸,倖,辛"
包,"wrap, pack up, cover, conceal","ホウ; つつ.む, くる.む","空包 (くうほう·0) = blank shot or cartridge, blank ammunition; 内包 (ないほう·0) = connotation, comprehension; 包み (つつみ·3) = bundle, package, parcel, bale; 包囲 (ほうい·1) = siege, encirclement, envelopment; 包括 (ほうかつ·0) = inclusion, comprehension, subsumption",包帯をしなさい。,,包帯 を 為る(する) 為さい,勹 已,"飽,胞,泡"
暮,"livelihood, make a living, spend time","ボ; く.れる, く.らす","歳暮 (せいぼ·0) = end of the year, year-end gift; 朝令暮改 (ちょうれいぼかい·0) = an unsettled course of action, (orders or laws) being revised often with no guiding principles; 日暮れ (ひぐれ·0) = twilight, sunset, dusk, evening; 年の暮れ (としのくれ·0) = year end; 暮らし (くらし·0) = living, livelihood, subsistence, circumstances",裕福に暮らす。,,裕福 に 暮らす,大 日 艾,"膜,漠,模"
募,"recruit, campaign, gather (contributions), enlist, grow violent",ボ; つの.る,"応募 (おうぼ·1,0) = subscription, application; 共同募金 (きょうどうぼきん·5) = community chest; 公募 (こうぼ·1,0) = public appeal (eg for contributions), public offering (of securities), public advertisement (of a post); 募る (つのる·2) = to invite, to solicit help, participation, etc.; 募金 (ぼきん·0) = fund-raising, collection of funds",仕事に応募する。,,仕事に応募する,大 日 力 艾,"暮,菖,膜"
補,"supplement, supply, make good, offset, compensate, assistant, learner",ホ; おぎな.う,"候補 (こうほ·1) = candidacy, nomination, candidate, pick, choice, list; 補う (おぎなう·3) = to compensate for; 補完 (ほかん·0) = complementation, completion; 補給 (ほきゅう·0) = supply, supplying, replenishment; 補強 (ほきょう·0) = compensation, reinforcement",彼は立候補した。,,彼(かれ) は 立候補 為る(する),十 初 用 丶,"甫,輔,浦"
捕,"catch, capture","ホ; と.らえる, と.らわれる, と.る, とら.える, とら.われる, つか.まえる, つか.まる","逮捕 (たいほ·1) = arrest, apprehension, capture; 分捕り品 (ぶんどりひん·0,4) = loot, booty, plunder; 分捕る (ぶんどる·3) = to capture, to seize, to plunder; 捕まる (つかまる·0) = to be caught, to be arrested; 捕逸 (ほいつ·0) = (baseball) passed ball, catcher missing a ball",捕まえた。,,捕まえる,十 用 丶 扎,"甫,輔,補"
保,"protect, guarantee, keep, preserve, sustain, support","ホ, ホウ; たも.つ","安全保障 (あんぜんほしょう·5) = security eg (guarantee of) military security, network security, etc.; 安保 (あんぽ·1) = US-Japan Security Treaty, safety, security; 火災保険 (かさいほけん·4) = fire insurance; 過保護 (かほご·2) = excessive care; 確保 (かくほ·1) = guarantee, maintain, ensure, insure, secure, reservation",俺が保証するよ。,,俺(おれ) が 保証(ほしょう) 為る(する) よ,化 口 木,"杏,休,舌"
返,"return, answer, fade, repay","ヘン; かえ.す, -かえ.す, かえ.る, -かえ.る","御返し (おかえし·0) = return gift, revenge, change; 引返す (ひきかえす·3) = to repeat, to send back, to bring back, to retrace one's steps; 恩返し (おんがえし·3) = requital of a favour, requital of a favor; 繰返し (くりかえし·0) = repetition, reiteration, iteration, cycle, G adv, repeatedly; 繰返す (くりかえす·3,0) = to repeat, to do something over again",引き返そう。,,引き返す,込 又 厂,"反,皮,版"
辺,"environs, boundary, border, vicinity","ヘン; あた.り, ほと.り, -べ","磯辺 (いそべ·0) = seashore, beach; 一辺倒 (いっぺんとう·3) = complete devotion to one side; 右辺 (うへん·1) = right side; 海辺 (かいへん·0) = beach, seashore; 岸辺 (きしべ·0,3) = bank (of a river)",まずその辺です。,,先ず その辺 です,込 刀,"初,連,逐"
編,"compilation, knit, plait, braid, twist, editing, completed poem, part of a book","ヘン; あ.む, -あ.み","改編 (かいへん·0) = reorganization, reorganisation; 後編 (こうへん·0) = latter part, sequel; 再編 (さいへん·0) = reorganization, reorganisation, reshuffle; 全編 (ぜんぺん·0,1) = whole book (volume); 続編 (ぞくへん·0) = continuation",ビルは編集部員です。,,は 編集 部員 です,｜ 一 戸 糸 幺 小 冂 冊 尸 廾,"遍,綸,偏"
片,"one-sided, leaf, sheet","ヘン; かた-, かた","一片 (いっぺん·3,0) = (a) slice, (a) piece; 跡片付け (あとかたづけ·3,4) = tidying up, cleaning, clearing away, putting in order; 断片 (だんぺん·3,0) = fragment, crumb, shred, bits and pieces; 破片 (はへん·0) = fragment, splinter, broken piece",それ片づけて。,,其れ 片付ける,,
変,"unusual, change, strange","ヘン; か.わる, か.わり, か.える","異変 (いへん·0) = accident, disaster; 一変 (いっぺん·0) = complete change, about-face; 可変 (かへん·0) = variable, changeable, convertible, controllable; 改変 (かいへん·0) = change, innovation, transformation",変ですね。,,変 です ね(#2029080),亠 夂,"麦,衣,抜"
壁,"wall, lining (stomach), fence",ヘキ; かべ,"外壁 (そとかべ·2,0) = outer wall; 隔壁 (かくへき·0) = barrier wall; 岸壁 (がんぺき·0) = wharf, breakwater, steep cliff; 障壁 (しょうへき·0) = enclosing wall, barrier; 城壁 (じょうへき·0) = rampart",壁に手をつけ！,,壁 に 手を付ける,口 十 辛 土 立 尸,"避,癖,居"
米,"rice, USA, metre","ベイ, マイ, メエトル; こめ, よね","外米 (がいまい·0) = foreign rice; 玄米 (げんまい·1,0) = unpolished rice, unmilled rice, brown rice; 古米 (こまい·0,1) = old rice; 新米 (しんまい·0) = new rice, novice, newbie, tyro; 精米 (せいまい·0) = polished rice",私は米国人です。,,私(わたし) は 米国人 です,,
閉,"closed, shut","ヘイ; と.じる, と.ざす, し.める, し.まる, た.てる","開閉 (かいへい·0) = opening and shutting; 自閉症 (じへいしょう·2) = autism, autistic; 閉ざす (とざす·2,0) = to shut, to close, to lock, to fasten, to plunge (in grief); 閉じる (とじる·2) = to close (eg book, eyes, meeting, etc.), to shut; 閉じ籠る (とじこもる·4,0) = to seclude oneself, to shut oneself away",閉会した。,,閉会 為る(する),ノ 一 門 亅,"才,丞,了"
並,"row, and, besides, as well as, line up, rank with, rival, equal","ヘイ, ホウ; な.み, なら.べる, なら.ぶ, なら.びに","居並ぶ (いならぶ·3,0) = to sit in a row, to be arrayed; 軒並 (のきなみ·0) = row of houses, every door, totally, altogether, across the board; 山並み (やまなみ·0) = range of mountains; 歯並び (はならび·2) = row of teeth, set of teeth, dentition; 足並み (あしなみ·0) = pace, step",足並みをそろえる。,,足並み を 揃える,｜ 一 二 并,"評,普,譜"
平,"even, flat, peace","ヘイ, ビョウ, ヒョウ; たい.ら, -だいら, ひら, ひら-","金平 (きんぴら·0) = finely chopped cooked vegetable (typically burdock); 公平 (こうへい·0) = fairness, impartial, justice; 水平 (すいへい·0) = level, horizontality; 水平線 (すいへいせん·0) = horizon (related to sea or lakes); 太平洋 (たいへいよう·3) = Pacific Ocean",平熱です。,,平熱 です,干 并,"坪,南,献"
兵,"soldier, private, troops, army, warfare, strategy, tactics","ヘイ, ヒョウ; つわもの","衛兵 (えいへい·0) = palace guard, sentinel, garrison; 化学兵器 (かがくへいき·4) = chemical weapons; 海兵 (かいへい·0) = sailor, marine; 海兵隊 (かいへいたい·0) = Marine Corps, Royal Marines; 核兵器 (かくへいき·3) = nuclear weapons",兵士は武装する。,,兵士 は 武装 為る(する),一 斤 ハ,"浜,丘,八"
粉,"flour, powder, dust","フン, デシメートル; こ, こな","火の粉 (ひのこ·1) = sparks; 花粉 (かふん·0) = pollen; 花粉症 (かふんしょう·0,2) = hay fever, allergy to pollen; 受粉 (じゅふん·0) = pollinization, fertilization; 小麦粉 (こむぎこ·0,3) = wheat flour",それは粉薬です。,,其れ は 粉薬 です,刀 并 米 ハ,"分,初,八"
仏,"Buddha, the dead, France","ブツ, フツ; ほとけ","神仏 (しんぶつ·1) = Shinto and Buddhism; 成仏 (じょうぶつ·1) = enter Nirvana, become a Buddha, go to heaven, rest in peace, die (peacefully); 石仏 (いしぼとけ·3) = stone Buddhist image; 大仏 (だいぶつ·0) = large statue of Buddha; 念仏 (ねんぶつ·0) = Buddhist prayer, prayer to Amitabha",知らぬが仏。,,知る が 仏(ほとけ),化 厶,"伝,俊,偶"
沸,"seethe, boil, ferment, uproar, breed","フツ; わ.く, わ.かす","沸かす (わかす·0) = to boil, to heat; 沸き返る (わきかえる·3) = to boil up, to break out, to arise, to seethe, to get excited, to be in uproar; 沸騰 (ふっとう·0) = boiling, seething; 沸き起る (わきおこる·4) = to burst, to arise",お風呂沸いてる？,,お風呂 沸く,｜ ノ 弓 汁,"弔,悌,済"
払,"pay, clear out, prune, banish, dispose of","フツ, ヒツ, ホツ; はら.う, -はら.い, -ばら.い","引き払う (ひきはらう·4) = to vacate; 後払い (あとばらい·3) = deferred payment; 支払う (しはらう·3) = to pay; 酔払い (よっぱらい·0) = drunkard; 酔っ払う (よっぱらう·0,4) = to get drunk",前払いですか。,,前払い ですか,厶 扎,"拡,握,撤"
複,"duplicate, double, compound, multiple",フク,"単複 (たんぷく·1) = simplicity and complexity, singular and plural, single and double, singles and doubles (in tennis); 複眼 (ふくがん·0) = compound eyes; 複合 (ふくごう·0) = composite, complex; 複雑 (ふくざつ·0) = complex, complicated; 複雑さ (ふくざつさ) = complexity",あの絵は複製です。,,彼の(あの) 絵 は 複製 です,初 日 夂 乞,"覆,竹,晶"
腹,"abdomen, belly, stomach",フク; はら,"下っ腹 (したっぱら·0) = abdomen, stomach, under parts; 下腹部 (かふくぶ·3) = abdomen; 空腹 (くうふく·0) = hunger; 山腹 (さんぷく·0) = hillside, mountainside; 切腹 (せっぷく·0) = seppuku, disembowelment, harakiri",彼は腹黒い。,,彼(かれ) は 腹黒い,月 日 夂 ノ 一 人 乞,"復,胆,晋"
福,"blessing, fortune, luck, wealth",フク,"幸福 (こうふく·0) = happiness, blessedness; 至福 (しふく·0) = beatitude, supreme bliss; 七福神 (しちふくじん·4) = Seven Deities of Good Luck; 社会福祉 (しゃかいふくし·5,4) = social welfare; 祝福 (しゅくふく·0) = blessing",無知は幸福。,,無知 は 幸福,一 口 田 礼,"祐,幅,富"
幅,"hanging scroll, width",フク; はば,"横幅 (よこはば·0) = breadth, width; 肩幅 (かたはば·2) = shoulder width (breadth); 振幅 (しんぷく·0) = amplitude (of vibration), swing of pendulum; 全幅 (ぜんぷく·0) = overall width, wing span, all, every, utmost",大幅に昇給した。,,大幅 昇給 為る(する),一 巾 口 田,"福,師,富"
復,"restore, return to, revert, resume",フク; また,"往復 (おうふく·0) = round trip, coming and going, return ticket; 恢復 (かいふく·0) = recovery (from illness), improvement, rehabilitation, restoration; 修復 (しゅうふく·0) = repair, mending; 復活 (ふっかつ·0) = revival (eg musical), come-back, restoration, rebirth, resurrection; 復刊 (ふっかん·0) = reissue, putting back in print",彼は復讐した。,,彼(かれ) は 復讐 為る(する),日 夂 彳 ノ 一 人 乞,"腹,覆,履"
副,"vice-, duplicate, copy",フク,"副業 (ふくぎょう·0) = side job, sideline, subsidiary business; 副作用 (ふくさよう·3) = reaction, secondary effect; 副産物 (ふくさんぶつ·3) = byproduct, side line; 副次的 (ふくじてき·0) = secondary; 副社長 (ふくしゃちょう) = executive vice-president",副作用はありませんか。,,副作用 は 有る か,一 刈 口 田,"福,幅,富"
封,"seal, closing","フウ, ホウ","開封 (かいふう·0) = unsealed letter, breaking the seal; 完封 (かんぷう·0) = complete blockade (seal), baseball shutout; 同封 (どうふう·0) = enclosure (eg in a letter); 封 (ふう·1) = seal; 封印 (ふういん·0) = seal, stamp",封筒をください。,,封筒 を 下さい,寸 土,"寺,詩,時"
部,"section, bureau, dept, class, copy, part, portion, counter for copies of a newspaper or magazine",ブ; -べ,"一部 (いちぶ·2) = one part, one portion, one section, some, one copy, eg of a document; 一部始終 (いちぶしじゅう·4) = full particulars, the whole story, from beginning to end; 一部分 (いちぶぶん·3) = part, portion, section; 下部 (かぶ·1) = substructure, lower part, subordinate (office), good and faithful servant; 下腹部 (かふくぶ·3) = abdomen",部屋を出ろ。,,部屋 を 出る,口 邦 立,"舌,石,陪"
舞,"dance, flit, circle, wheel","ブ; ま.う, -ま.う, まい","歌舞伎 (かぶき·0) = kabuki, Japanese classical drama; 見舞う (みまう·2,0) = to ask after (health), to visit; 鼓舞 (こぶ·1) = inspiration, encouragement; 舞い込む (まいこむ·3,0) = to drop in, to happen to",彼を見舞った。,,彼(かれ) を 見舞う,｜ ノ 一 舛 二 夕 無 乞,"井,垂,乃"
武,"warrior, military, chivalry, arms","ブ, ム; たけ.し","核武装 (かくぶそう·3) = nuclear arms; 西武 (せいぶ) = Seibu (conglomerate: stores, railway, etc.), Western military; 武家 (ぶけ·1,0) = samurai, warrior, military family; 武官 (ぶかん·1) = military or naval officer; 武器 (ぶき·1) = weapon, arms, ordinance",文は武に勝る。,,文(ぶん) は 武 に 勝る,止 弋,"賦,足,肯"
負,"defeat, negative, -, minus, bear, owe, assume a responsibility","フ; ま.ける, ま.かす, お.う","気負い (きおい·0,2) = fighting spirit, fighting mood; 根負け (こんまけ·0,4) = running out of patience with, having tried and failed; 自負 (じふ·1) = conceit, bragging about one's own ability; 勝負 (しょうぶ·1) = victory or defeat, match, contest, game, bout; 請け負う (うけおう·3,0) = to contract, to undertake",負けるな。,,負ける な,貝 目 ハ 勹,"買,貝,貧"
膚,"skin, body, grain, texture, disposition",フ; はだ,"山膚 (やまはだ·0) = mountain's surface, bare surface of a mountain; 皮膚 (ひふ·1) = skin; 皮膚病 (ひふびょう·0) = skin disease; 膚寒い (はだざむい·4) = chilly, unpleasantly cold; 膚触り (はだざわり·3) = the touch of, feel of",日光は皮膚に作用する。,,日光 は 皮膚 に 作用 為る(する),月 田 卜 匕 厂 虍,"虜,慮,虚"
符,"token, sign, mark, tally, charm",フ,"音符 (おんぷ·0) = (musical) note; 疑問符 (ぎもんふ·2) = question mark; 終止符 (しゅうしふ·3) = full stop, period, end; 切符 (きっぷ·0) = ticket; 八分音符 (はちぶおんぷ·4) = 8th note",往復切符の料金は？,,往復切符 の 料金 は,化 寸 竹 乞,"付,等,竹"
浮,"floating, float, rise to surface","フ; う.く, う.かれる, う.かぶ, む, う.かべる","浮かべる (うかべる·0) = to float, to express, to look (sad, glad); 浮き (うき·0) = float (fishing), buoy; 浮き立つ (うきたつ·3) = to be enlivened, to be exhilarated",木は水に浮く。,,木(き) は 水(みず) に 浮く,子 汁 爪,"乳,淳,渓"
普,"universal, wide(ly), generally, Prussia","フ; あまね.く, あまねし","普 (ふ) = widely, generally; 普及 (ふきゅう·0) = diffusion, spread; 普賢 (ふげん·1) = Samantabhadra (bodhisattva), Universal Compassion; 普段 (ふだん·1) = usually, habitually, ordinarily, always; 普通 (ふつう·0) = generally, ordinarily, usually, train that stops at every station",視力は普通です。,,視力 は 普通 です,｜ 一 二 日 并,"譜,昔,並"
怖,"dreadful, be frightened, fearful","フ, ホ; こわ.い, こわ.がる, お.じる, おそ.れる","畏怖 (いふ·1) = awe, fear, fright; 怖れ (おそれ·3) = fear, horror, anxiety, concern, uneasiness; 恐怖 (きょうふ·1,0) = fear, dread, dismay, terror; 恐怖症 (きょうふしょう·3,0) = morbid fear, phobia",怖かったから。,,怖い から,ノ 一 巾 忙,"希,布,稀"
府,"borough, urban prefecture, govt office, representative body, storehouse",フ,"政府 (せいふ·1) = government, administration; 総理府 (そうりふ·3) = Prime Minister's office; 太宰府 (だざいふ) = (ancient) Kyushu; 都道府県 (とどうふけん·4,5) = administrative divisions of Japan: Tokyo-to, Hokkai-do, Osaka-fu, Kyoto-fu and remaining prefectures; 府県 (ふけん·1,2) = prefecture",政府打倒。,,政府 打倒,化 寸 广,"腐,付,附"
布,"linen, cloth",フ; ぬの,"画布 (がふ·1,0) = (oil painting) canvas; 絹布 (けんぷ·1) = silk, silk cloth; 公布 (こうふ·1,0) = official proclamation, announcement; 財布 (さいふ·0) = purse, handbag, wallet; 撒布 (さっぷ·1,0) = dissemination, scattering, sprinkling, spraying",ほら財布だ。,,ほら 財布 だ,ノ 一 巾,"希,怖,稀"
富,"wealth, enrich, abundant","フ, フウ; と.む, とみ","国富 (こくふ·1) = national wealth; 貧富 (ひんぷ·1) = wealth and poverty, rich and poor; 富み (とみ·1) = wealth, fortune; 富む (とむ·1) = to be rich, to become rich; 富貴 (ふっき·1) = riches and honours, riches and honors, wealth and rank",彼は大富豪だ。,,彼(かれ) は 大(だい) 富豪 だ,口 田 宀 一,"福,幅,寅"
婦,"lady, woman, wife, bride",フ,"家政婦 (かせいふ·2) = housekeeper, maid; 看護婦 (かんごふ·3) = (female) nurse; 貴婦人 (きふじん·2) = lady; 産婦人科 (さんふじんか·0) = maternity and gynecology department; 主婦 (しゅふ·1) = housewife, mistress",似た者夫婦。,,似た者 夫婦,ヨ 巾 女 冖,"掃,滞,浸"
夫,"husband, man","フ, フウ, ブ; おっと, そ.れ","工夫 (くふう·0) = device, scheme; 大丈夫 (だいじょうぶ·3) = safe, all right, O.K.; 農夫 (のうふ·1) = peasant; 夫 (おっと·0) = (my) husband; 夫君 (ふくん·1,2) = one's husband",漁夫の利。,,漁夫 の 利,人 二 大 亠,"替,潜,峡"
付,"adhere, attach, refer to, append","フ; つ.ける, -つ.ける, -づ.ける, つ.け, つ.け-, -つ.け, -づ.け, -づけ, つ.く, -づ.く, つ.き, -つ.き, -つき, -づ.き, -づき","位置付け (いちつけ·0) = placement, fixed position; 横付け (よこづけ·0) = coming alongside; 回付 (かいふ·1,0) = transmitting, referring to, passing on; 格付け (かくずけ·0) = rating, classification, allocation, grading; 気付 (きづけ·0) = Care Of (CO)",気を付けてね。,,気を付けて ね(#2029080),化 寸,"附,府,侍"
貧,"poverty, poor","ヒン, ビン; まず.しい","極貧 (ごくひん·0) = destitution; 清貧 (せいひん·0) = honourable poverty, honorable poverty; 貧しい (まずしい·3) = poor, needy; 貧血 (ひんけつ·0) = anemia, anaemia; 貧困 (ひんこん·0) = poverty, lack",彼は貧しい。,,彼(かれ) は 貧しい,貝 目 刀 ハ,"頒,貿,買"
秒,second (1/60 minute),ビョウ,秒 (びょう·1) = second (60th min); 秒速 (びょうそく·0) = per second; 秒読み (びょうよみ·0) = countdown; 毎秒 (まいびょう·0) = every second,陣痛が約４５秒続きます。,,陣痛 が 約 秒 続く,ノ 禾 小,"少,称,秀"
評,"evaluate, criticism, comment",ヒョウ,"評価 (ひょうか·1) = evaluation, assessment; 批評 (ひひょう·0) = criticism; 評判 (ひょうばん·0) = reputation; 好評 (こうひょう·0) = favorable reception",彼は評判がよい。,,彼(かれ) は 評判 が 良い,｜ 一 言 二 并,"譜,並,普"
表,"surface, table, chart, diagram","ヒョウ; おもて, -おもて, あらわ.す, あらわ.れる, あら.わす","意思表示 (いしひょうじ·3) = declaration of intention; 意表 (いひょう·0) = surprise, something unexpected; 一覧表 (いちらんひょう·0) = list, table, schedule, catalogue, catalog; 公表 (こうひょう·0) = official announcement, proclamation; 時刻表 (じこくひょう·0) = table, diagram, chart, timetable, schedule",表か裏か。,,表(おもて) か 裏(うら) か,衣 士 土 二 亠,"俵,麦,装"
氷,"icicle, ice, hail, freeze, congeal","ヒョウ; こおり, ひ, こお.る","樹氷 (じゅひょう·0) = frost covered trees; 氷 (こおり·0) = ice, shaved ice; 氷河 (ひょうが·1) = glacier; 氷解 (ひょうかい·0) = melting, thawing; 氷原 (ひょうげん·0) = ice field, ice floe, snow field",氷が溶けている。,,氷(こおり) が 溶ける,水 丶,"永,詠,球"
標,"signpost, seal, mark, stamp, imprint, symbol, emblem, trademark, evidence, souvenir, target","ヒョウ; しるべ, しるし","目標 (もくひょう·0) = goal, target; 標準 (ひょうじゅん·0) = standard, norm; 商標 (しょうひょう·0) = trademark; 指標 (しひょう·0) = indicator",銃を標的にあわせろ。,,銃 を 標的 合わせる,示 二 小 西 木,"禁,票,襟"
筆,"writing brush, writing, painting brush, handwriting",ヒツ; ふで,"鉛筆 (えんぴつ·0) = pencil; 加筆 (かひつ·0) = correction, improvement, revision; 健筆 (けんぴつ·0) = powerful pen; 自筆 (じひつ·0) = one's own handwriting; 執筆 (しっぴつ·0) = writing",彼は筆まめだ。,,彼(かれ) は 筆まめ だ,竹 聿 乞,"竹,笹,第"
必,"invariably, certain, inevitable",ヒツ; かなら.ず,"必ず (かならず·0) = necessarily, certainly, without fail, positively, invariably; 必ずしも (かならずしも·4) = (not) always, (not) necessarily, (not) all, (not) entirely; 必携 (ひっけい·0) = handbook, manual, vade mecum; 必見 (ひっけん·0) = worth seeing, a must-see; 必殺 (ひっさつ·0) = certain kill",君が必要だ。,,君(きみ) が 必要 だ,ノ 心,"秘,泌,感"
匹,"equal, head, counter for small animals, roll of cloth",ヒツ; ひき,"匹敵 (ひってき·0) = comparing with, match, rival, equal; 匹 (ひつ·2) = head, counter for small animals, roll of cloth",彼は魚を３匹釣った。,,彼(かれ) は 魚 を 匹(ひき) 釣る,儿 匚,"臣,巨,堪"
鼻,"nose, snout",ビ; はな,耳鼻科 (じびか·0) = otolaryngology; 鼻 (はな·0) = nose; 鼻炎 (びえん·0) = nasal inflammation; 鼻歌 (はなうた·0) = humming,鼻声だね。,,鼻声 だ ね(#2029080),自 田 廾 目,"臭,息,算"
美,"beauty, beautiful","ビ, ミ; うつく.しい","華美 (かび·1) = pomp, splendor, splendour, gaudiness; 甘美 (かんび·1) = sweet; 美事 (みごと·1) = splendid, magnificent, beautiful, admirable; 讃美 (さんび·1) = praise, adoration, glorification; 美 (び·1) = beauty",美は皮一重。,,美(び) は 皮 一重,王 大 并 羊,"僕,撲,羊"
備,"equip, provision, preparation","ビ; そな.える, そな.わる, つぶさ.に","下準備 (したじゅんび·3) = preliminary arrangements, spade work; 完備 (かんび·1) = perfection, completion; 備える (そなえる·3) = to furnish, to provide for, to equip, to install, to have ready, to prepare for, to possess, to have, to be endowed with, to be armed with; 軍備 (ぐんび·1) = armaments, military preparations; 警備 (けいび·1) = defense, defence, guard, policing, security",才色兼備だ。,,才色兼備 だ,化 用 厂 艾,"花,仮,蔵"
飛,"fly, skip (pages), scatter","ヒ; と.ぶ, と.ばす, -と.ばす","一足飛び (いっそくとび·4,3) = (at) one bound; 高飛車 (たかびしゃ·0) = high-handed, domineering, on one's high horse; 吹き飛ぶ (ふきとぶ·3) = to be blown off, to blow off",鳥は飛ぶ。,,鳥 は 飛ぶ,,
非,"un-, mistake, negative, injustice, non-",ヒ; あら.ず,"是か非か (ぜかひか) = right or wrong; 是非 (ぜひ·1) = certainly, without fail, right and wrong, pros and cons; 非公開 (ひこうかい·2) = private; 非公式 (ひこうしき·2) = informal",是非どうぞ。,,是非 どうぞ,,
費,"expense, cost, spend, consume, waste","ヒ; つい.やす, つい.える","運動費 (うんどうひ·3) = campaign fund; 会費 (かいひ·0) = membership fee; 学費 (がくひ·0) = tuition, school expenses; 巨費 (きょひ·1) = great cost; 空費 (くうひ·0,1) = wastefulness",私費で旅行した。,,私費で 旅行 為る(する),｜ 貝 目 ハ 弓,"買,貝,弔"
被,"incur, cover, veil, brood over, shelter, wear, put on, be exposed (film), receiving","ヒ; こうむ.る, おお.う, かぶ.る, かぶ.せる","被る (かぶる·2) = to wear (on head, usu. one's own), to put on (over head, usu. one's own), to pour or dash water, dust, etc. (on oneself), to bear (eg someone's debts, faults, etc.), to overlap; 被害 (ひがい·1) = damage; 被害者 (ひがいしゃ·2) = victim, injured party, sufferer; 被験者 (ひけんしゃ·2) = (test) subject, testee; 被告 (ひこく·0) = defendant, the accused",被告は無罪になった。,,被告 は 無罪 になる,初 皮 又,"皮,疲,波"
皮,"pelt, skin, hide, leather",ヒ; かわ,"一皮 (ひとかわ·2) = unmasking; 樹皮 (じゅひ·1) = (tree) bark; 脱皮 (だっぴ·0) = shedding, molting, emergence; 薄皮 (うすかわ·0) = thin skin; 皮下 (ひか·2,1) = subcutaneous",美は皮一重。,,美(び) は 皮 一重,又,"霞,桑,暇"
疲,"exhausted, tire, weary","ヒ; つか.れる, -づか.れ, つか.らす","疲れ (つかれ·3) = tiredness, fatigue; 疲れる (つかれる·3) = to get tired, to tire; 疲れ果て (つかれはて) = being tired out; 疲弊 (ひへい·0) = exhaustion, impoverishment, ruin",疲れたよ。,,疲れる よ,皮 又 疔,"皮,被,波"
比,"compare, race, ratio, Philipines",ヒ; くら.べる,"比べ (くらべ·0) = contest, comparison, competition; 恵比寿 (えびす·0) = The God of Wealth; 対比 (たいひ·0,1) = contrast, comparison; 反比例 (はんぴれい·3) = inverse proportion; 比 (ひ·1) = ratio, proportion, Philippines",彼は勇敢無比である。,,彼(かれ) は 勇敢 無比 である,,
批,"criticism, strike",ヒ,"批准 (ひじゅん·0) = ratification, ratify; 批難 (ひなん·1) = blame, attack, criticism; 批判 (ひはん·0) = criticism, judgement, judgment, comment; 批判的 (ひはんてき·0) = critical; 批評 (ひひょう·0) = criticism, review, commentary",彼は批判に神経過敏だ。,,彼(かれ) は 批判 に 神経過敏 だ,比 扎,"鹿,皆,昆"
悲,"jail cell, grieve, sad, deplore, regret","ヒ; かな.しい, かな.しむ","慈悲 (じひ·1) = compassion, benevolence, charity, mercy; 悲哀 (ひあい·0,1) = sorrow, grief, sadness; 悲運 (ひうん·1,0) = fate; 悲観 (ひかん·0) = pessimism, disappointment; 悲願 (ひがん·1) = one's dearest wish, Buddha's vow to save humanity",ああ悲しい。,,嗚呼 悲しい,心 非,"輩,罪,斐"
彼,"he, that, the","ヒ; かれ, かの, か.の","彼等 (あれら·1) = they (usually male), those; 彼岸 (ひがん·0,2) = equinoctial week (when Buddhist services are held); 彼氏 (かれし·1) = boyfriend; 彼女 (かのじょ·1) = she, girl friend, sweetheart; 彼方 (あちら·0) = the other, the other side, there, yonder, that",彼は誰？,,彼(かれ) は 誰,皮 又 彳,"行,皮,被"
否,"negate, no, noes, refuse, decline, deny","ヒ; いな, いや","安否 (あんぴ·1) = safety, welfare, well-being; 可否 (かひ·1) = propriety, right and wrong, advisability, pro and con, ayes and noes; 拒否 (きょひ·1) = denial, veto, rejection, refusal; 拒否権 (きょひけん·2,3) = right of veto; 合否 (ごうひ·1) = success or failure, result",夜を徹するか否か。,,夜 を 徹する か否か,ノ 一 口 ｜ 丶,"吏,垂,右"
番,"turn, number in a series",バン; つが.い,"暗証番号 (あんしょうばんごう·5) = PIN, password number; 一番 (いちばん·2,0) = best, first, number one, game, round, bout, fall, event (in a meet); 一番手 (いちばんて·3) = first player, first worker; 一番乗り (いちばんのり·3) = leader of a charge, first to arrive; 局番 (きょくばん·0) = telephone exchange number",だれの番だ。,,誰 の 番(ばん) だ,田 釆 米,"審,藩,翻"
晩,"nightfall, night",バン,"ひと晩 (ひとばん·2) = one evening, all night, overnight; 今晩 (こんばん·1) = tonight, this evening; 昨晩 (さくばん·2) = last night; 早晩 (そうばん·0) = sooner or later, eventually; 朝晩 (あさばん·1) = morning and evening",今晩暇かな？,,今晩 暇(ひま) かな,免 日 儿 勹,"旬,逸,晶"
販,"marketing, sell, trade",ハン,"再販 (さいはん·0) = resale; 市販 (しはん·0) = marketing, commercial (eg software); 信販 (しんぱん·0) = sales on credit; 信販会社 (しんぱんがいしゃ) = credit company",私は販売員です。,,私(わたし) は 販売員 です,貝 目 ハ 又 厂,"買,賢,貝"
般,"carrier, carry, all",ハン,"一般 (いっぱん·0) = general, liberal, universal, ordinary, average; 一般的 (いっぱんてき·0) = popular, typical, general; 今般 (こんぱん·1) = now, recently, this time; 諸般 (しょはん·1,0) = circumstances; 先般 (せんぱん·1) = some time ago, the other day",一般に日本人は勤勉だ。,,一般に 日本人 は 勤勉 だ,舟 殳 几 又,"盤,搬,鍛"
犯,"crime, sin, offense","ハン, ボン; おか.す","違犯 (いはん·0) = violation (of law), transgression, infringement, breach; 共犯 (きょうはん·0) = complicity; 軽犯罪 (けいはんざい·3) = minor offense, minor offense, misdemeanor, misdemeanour; 再犯 (さいはん·0) = second offense, second offence; 主犯 (しゅはん·0) = principal offence, principal offense, principal offender",君は殺人犯だ。,,君(きみ) は 殺人犯 だ,乙 卩,"礼,卯,範"
版,"printing block, printing plate, edition, impression, label",ハン,"改訂版 (かいていばん·0) = revised edition; 活版 (かっぱん·0) = printing, typography; 原版 (げんぱん·1,0) = typesetting plates (books), mold, mould, pressing plates (records), original edition; 豪華版 (ごうかばん·0) = deluxe edition; 再版 (さいはん·0) = reprint(ing), second edition",あの出版社は黒字だ。,,彼の(あの) 出版社 は 黒字 だ,片 又 厂,"反,皮,返"
板,"plank, board, plate, stage","ハン, バン; いた","一枚看板 (いちまいかんばん·5) = (a) leading player, one's sole Sunday best, the best item one has (to show); 羽子板 (はごいた·2) = battledore; 看板 (かんばん·0) = sign, signboard, doorplate, poster, billboard, appearance, figurehead, policy, attraction, closing time; 基板 (きばん·0) = substrate, (computer) circuit board; 血小板 (けっしょうばん·0) = platelet",黒板を見なさい。,,黒板 を 見る 為さい,又 木 厂,"桑,反,皮"
反,anti-,"ハン, ホン, タン, ホ; そ.る, そ.らす, かえ.す, かえ.る, -かえ.る","拒絶反応 (きょぜつはんのう·4) = rejection; 正反対 (せいはんたい·3) = bipolar, polar, polarity, exactly opposite; 二律背反 (にりつはいはん·1,0) = antinomy, self-contradiction; 反 (たん·1) = roll of cloth (c. 10 yds.), .245 acres, 300 tsubo; 反す (かえす·1) = to change, to turn over, to turn upside down",反対投票多数。,,反対 投票 多数,又 厂,"返,版,板"
判,"judgement, signature, stamp, seal","ハン, バン; わか.る","原判決 (げんはんけつ·3) = original decision; 公判 (こうはん·0) = public hearing, trial; 裁判 (さいばん·1) = trial, judgement, judgment; 裁判官 (さいばんかん·3) = judge",猫に小判。,,猫(ねこ) に 小判,｜ 刈 二 并 十,"半,畔,伴"
抜,"slip out, extract, pull out, pilfer, quote, remove, omit","バツ, ハツ, ハイ; ぬ.く, -ぬ.く, ぬ.き, ぬ.ける, ぬ.かす, ぬ.かる","引抜き (ひきぬき·0) = hiring from another company, recruitment, scouting; 海抜 (かいばつ·0) = height above sea level; 奇抜 (きばつ·0) = novel, original, striking, strange, eccentric, fantastic; 駆抜ける (かけぬける·0,4) = to run past from behind, to run through (eg gate); 見抜く (みぬく·2) = to see through",彼女抜群ですよ。,,彼女 抜群 です よ,夂 亠 扎 又,"変,衣,皮"
髪,hair of the head,ハツ; かみ,"間一髪 (かんいっぱつ·1) = hair's breadth; 金髪 (きんぱつ·0) = blond hair; 散髪 (さんぱつ·0) = hair-cutting, hair-dressing; 洗髪 (せんぱつ·0) = shampoo; 前髪 (まえがみ·0) = forelock",彼は金髪だ。,,彼(かれ) は 金髪 だ,夂 一 長 彡 髟,"参,惨,峰"
畑,"farm, field, garden, one's specialty, (kokuji)","はた, はたけ, -ばたけ","花畑 (はなばたけ·3) = flower garden, flower bed; 桑畑 (くわばた·3) = mulberry field, mulberry plantation; 麦畑 (むぎばたけ·3) = wheat field, barley field, cornfield; 畑 (はたけ·0) = field; 畑違い (はたけちがい·4) = out of one's line, out of one's field",ここは昔、畑だった。,,此処 は 昔 畑 だ,火 田,"炎,黄,魚"
肌,"texture, skin, body, grain",キ; はだ,"素肌 (すはだ·1) = bare (naked) body, complexion (eg face); 地肌 (じはだ·0,1) = texture, grain; 鳥肌 (とりはだ·0) = goose flesh, pimples; 肌 (はだ·1) = skin, body, grain (eg of wood), texture, disposition, temperament, character, type; 肌色 (はだいろ·0) = flesh-coloured, flesh-colored, skin-coloured, skin-colored",少し肌寒い。,,少し 肌寒い,月 几,"朋,飢,豚"
箱,"box, chest, case, bin, railway car",ソウ; はこ,"重箱 (じゅうばこ·0) = nest of boxes; 巣箱 (すばこ·1,0) = nest box, hive; 箱詰め (はこづめ·0) = packed in a box (i.e. chocolates); 箱入り (はこいり·0) = cased, boxed; 投票箱 (とうひょうばこ·3) = ballot box",この箱は上げ底だ。,,此の 箱 は 上げ底 だ,竹 木 目 乞,"相,算,竹"
麦,"barley, wheat",バク; むぎ,"蕎麦 (そば·1) = soba (Japanese buckwheat noodles); 小麦 (こむぎ·0,2) = wheat; 小麦粉 (こむぎこ·0,3) = wheat flour; 大麦 (おおむぎ·0,3) = barley; 麦 (むぎ·1) = wheat, barley",ここで小麦を作る。,,此処 で(#2028980) 小麦 を 作る,夂 土 二 亠,"変,彗,表"
爆,"bomb, burst open, pop, split",バク; は.ぜる,"核爆発 (かくばくはつ·3) = nuclear explosion; 起爆 (きばく·0) = exploding; 原子爆弾 (げんしばくだん·4) = atomic bomb, A-bomb; 原水爆 (げんすいばく·3) = atom and hydrogen bomb; 原爆 (げんばく·0) = atomic bomb, A-bomb",聴衆は爆笑した。,,聴衆 は 爆笑 為る(する),｜ 一 火 水 日 ハ 井,"暴,典,曹"
薄,"dilute, thin, weak (tea)","ハク; うす.い, うす-, -うす, うす.める, うす.まる, うす.らぐ, うす.ら-, うす.れる, すすき","軽薄 (けいはく·0) = frivolous, superficial; 精神薄弱 (せいしんはくじゃく·5,6) = mental retardation, mentally retarded; 薄 (すすき·0) = Japanese pampas grass; 薄い (うすい·0,2) = thin, weak, watery, diluted; 薄っぺら (うすっぺら·0) = very thin (cheap)",薄暮れが迫った。,,薄暮れ が 迫る,十 汁 寸 田 丶 艾,"博,専,簿"
泊,"overnight, put up at, ride at anchor, 3-day stay","ハク; と.まる, と.める","一泊 (いっぱく·0) = stopping one night; 外泊 (がいはく·0) = spending night away from home; 宿泊 (しゅくはく·0) = lodging; 停泊 (ていはく·0) = anchorage, moorings; 泊る (とまる·0) = to stay at (eg hotel)",何泊されますか。,,何 泊 為れる か,汁 白,"源,激,酒"
倍,"double, twice, times, fold",バイ,"一倍 (いちばい·0) = one share, one amount; 人一倍 (ひといちばい·0) = more than others, redoubled, unusual; 倍 (ばい·0) = twice, times, -fold, double, doubled, increase; 倍加 (ばいか·0) = doubling; 倍額 (ばいがく·0) = double amount",二の二倍は四。,,二 の 二倍 は 四,化 口 立,"位,舌,石"
配,"distribute, spouse, exile, rationing",ハイ; くば.る,"気配 (きはい·2,0,1) = indication, market trend, worry; 軍配 (ぐんばい·0) = stratagem, tactics, (ancient) military leader's fan, wrestling umpire's fan; 減配 (げんぱい·0) = reduction in a dividend, smaller ration; 交配 (こうはい·0) = mating, crossbreeding, cross-fertilization, cross-fertilisation; 勾配 (こうばい·0) = slope, incline, gradient, grade, pitch",心配するな。,,心配 為る(する) な,酉 已,"巳,己,酒"
背,"stature, height, back, behind, disobey, defy, go back on, rebel","ハイ; せ, せい, そむ.く, そむ.ける","上背 (うわぜい·0) = stature, height; 二律背反 (にりつはいはん·1,0) = antinomy, self-contradiction; 背 (せい·1) = height, stature; 背泳ぎ (せおよぎ·2) = backstroke (swim.); 背景 (はいけい·0) = background, scenery, setting, circumstance",鯔背だね。,,鯔背 だ ね(#2029080),月 匕 爿,"北,老,朋"
杯,"counter for cupfuls, wine glass, glass, toast",ハイ; さかずき,"一杯 (いっぱい·(名)1,(副)0) = cup of .., drink, full, to the utmost, up to (one's income), (a) lot of, much; 苦杯 (くはい·0) = bitter experience (ordeal); 祝杯 (しゅくはい·0) = toast, congratulatory cup; 杯 (さかずき·0,4) = wine cups; 満杯 (まんぱい·0) = full",一杯どう？,,一杯 如何(どう),｜ ノ 一 木 礼,"垂,乃,丑"
敗,"failure, defeat, reversal",ハイ; やぶ.れる,"一敗 (いっぱい·0) = one defeat; 完敗 (かんぱい·0) = complete defeat; 失敗 (しっぱい·0) = failure, mistake, blunder; 勝敗 (しょうはい·0) = victory or defeat, issue (of battle); 惜敗 (せきはい·0) = regrettable defeat, defeat by a narrow margin",失敗したなあ。,,失敗 為る(する) なあ,貝 目 ハ 攵 乞,"買,貝,貧"
拝,"worship, adore, pray to","ハイ; おが.む, おろが.む","参拝 (さんぱい·0) = worship; 崇拝 (すうはい·0) = worship, adoration, admiration, cult; 拝む (おがむ·2) = to worship, to beg, to make a supplication; 拝啓 (はいけい·1) = Dear (so and so); 拝見 (はいけん·0) = seeing, look at",彼は今礼拝中だ。,,彼(かれ) は 今(いま) 礼拝(#1557560) 中(ちゅう) だ,｜ 一 干 扎,"措,抹,華"
馬,horse,"バ; うま, うま-, ま","愛馬 (あいば·1) = favourite horse, favorite horse; 馬屋 (うまや·0) = stable, barn; 下馬 (げば·1) = dismounting; 下馬評 (げばひょう·0) = rumor, rumour, gossip, speculation, irresponsible criticism, hearsay; 騎馬 (きば·1) = horse-riding",馬鹿な！,,馬鹿,杰,"魚,焦,庶"
破,"rend, rip, tear, break, destroy, defeat, frustrate","ハ; やぶ.る, やぶ.れる","喝破 (かっぱ·1) = proclamation; 型破り (かたやぶり·3) = unusual, unconventional; 撃破 (げきは·1) = crushing; 打ち破る (うちやぶる·4,0) = to hit; 打破 (だは·1) = break-down, defeat, abolish",破水しました。,,破水 為る(する),口 石 皮 又,"舌,石,皮"
波,"waves, billows, Poland",ハ; なみ,"横波 (よこなみ·0) = side (transverse) wave, broadside sea; 音波 (おんぱ·1) = sound wave; 寒波 (かんぱ·1) = cold wave; 荒波 (あらなみ·0) = stormy seas, raging waves; 高周波 (こうしゅうは·3) = high frequency, HF",波が高い。,,波 が 高い,汁 皮 又,"婆,皮,被"
農,"agriculture, farmers",ノウ,"兼業農家 (けんぎょうのうか·5) = part-time farmer; 農 (のう·1) = farming, agriculture; 農園 (のうえん·0) = plantation; 農家 (のうか·1) = farmer, farm family; 農学 (のうがく·0) = agriculture",私は農場で働いた。,,私(わたし) は 農場 で(#2028980) 働く,｜ 衣 一 辰 日 厂,"濃,曹,晨"
脳,"brain, memory","ノウ, ドウ; のうずる","主脳 (しゅのう·0) = head, brains, leading spiri; 小脳 (しょうのう·1,0) = cerebellum; 洗脳 (せんのう·0) = brainwashing; 大脳 (だいのう·0,1) = brain, cerebrum; 頭脳 (ずのう·1) = head, brains, intellect",脳波をとります。,,脳波 を 取る,月 尚 凵,"肖,朋,凹"
能,"ability, talent, skill, capacity",ノウ; よ.く,"可能 (かのう·0) = possible, practicable, feasible; 可能性 (かのうせい·0) = potentiality, likelihood, possibility, availability; 勘能 (かんのう·0,1) = proficient, skillful, satisfaction, fortitude; 官能 (かんのう·0) = the senses; 機能 (きのう·1) = function, facility, faculty",不能になりました。,,不能 になる,月 匕 厶,"罷,熊,態"
濃,"concentrated, thick, dark, undiluted",ノウ; こ.い,"濃い (こい·1) = thick (as of color, liquid) (colour), dense, strong; 濃厚 (のうこう·0) = density, richness, concentration, tension; 濃紺 (のうこん·0) = dark blue; 濃縮 (のうしゅく·0) = concentrated; 濃淡 (のうたん·0,3) = light and shade, shade (of colour, color)",血は水より濃い。,,血 は 水(みず) より 濃い,｜ 衣 一 汁 辰 日 厂,"農,湿,曹"
悩,"trouble, worry, in pain, distress, illness","ノウ; なや.む, なや.ます, なや.ましい, なやみ","苦悩 (くのう·0,1) = suffering, distress, affliction, anguish, agony, trouble; 思い悩む (おもいなやむ·5,0) = to worry; 伸び悩む (のびなやむ·4,0) = to be sluggish (business); 悩ましい (なやましい·4) = seductive, carnal, enchanting, troubling, difficult, thorny, hard, anxious, uneasy; 悩ます (なやます·3) = to afflict, to torment, to harass, to molest",そのことで悩むな。,,其の 事(こと) で(#2028980) 悩む な,尚 忙 凵,"凹,脳,肖"
燃,"burn, blaze, glow","ネン; も.える, も.やす, も.す","可燃 (かねん·0) = inflammable; 可燃性 (かねんせい·0) = combustibility; 可燃物 (かねんぶつ·2) = combustible(s), inflammables, inflammability; 核燃料 (かくねんりょう·3) = atomic fuel; 再燃 (さいねん·0) = recurrence, revival, resuscitation",木が燃える。,,木(き) が 燃える,火 犬 夕 杰,"然,馬,炎"
念,"wish, sense, idea, thought, feeling, desire, attention",ネン,"一念 (いちねん·0,2) = determined purpose; 怨念 (おんねん·0,3) = grudge, malice, hatred; 概念 (がいねん·1) = general idea, concept, notion; 観念 (かんねん·1) = idea, notion, conception, sense (eg of duty), resignation, preparedness, acceptance",残念だ！,,残念 だ,｜ 一 心 个,"今,稔,慧"
熱,"heat, temperature, fever, mania, passion",ネツ; あつ.い,"亜熱帯 (あねったい·2) = subtropics; 炎熱 (えんねつ·0) = sweltering heat; 温熱 (おんねつ·0) = hot fever; 加熱 (かねつ·0) = heating; 過熱 (かねつ·0) = superheating, overheating",平熱です。,,平熱 です,土 九 丶 儿 杰,"勢,丸,馬"
猫,cat,ビョウ; ねこ,"黒猫 (くろねこ·0) = black cat; 山猫 (やまねこ·0) = wildcat, lynx; 猫 (ねこ·1) = cat; 野良猫 (のらねこ·0) = stray cat, alley cat; 仔猫 (こねこ·2) = kitten",猫に小判。,,猫(ねこ) に 小判,田 犯 艾,"苗,菓,描"
認,"acknowledge, witness, discern, recognize, appreciate, believe","ニン; みと.める, したた.める","確認 (かくにん·0) = affirmation, confirmation, validation; 誤認 (ごにん·0) = misrecognition, mistaking (x for y); 公認 (こうにん·0) = official recognition, authorization, authorisation, licence, license, accreditation; 自認 (じにん·0) = admission, (self-)acknowledgment, (self-)acknowledgement",ご確認ください。,,御(ご) 確認 下さい,言 心 刀 丶,"忍,刃,初"
任,"responsibility, duty, term, entrust to, appoint","ニン; まか.せる, まか.す","委任 (いにん·0) = charge, trust; 委任状 (いにんじょう·0) = commission, proxy; 一任 (いちにん·0) = entrusting; 解任 (かいにん·0) = dismissal; 帰任 (きにん·0) = return to one's post",任せて！,,任せる,ノ 王 化 士,"妊,廷,侑"
乳,"milk, breasts","ニュウ; ちち, ち","牛乳 (ぎゅうにゅう·0) = (cow's) milk; 搾乳 (さくにゅう·0) = milking (a cow); 授乳 (じゅにゅう·0) = suckling (a baby), nursing; 鐘乳洞 (しょうにゅうどう·3,0) = limestone cave (cavern, grotto); 豆乳 (とうにゅう·0) = soy milk",牛は乳が出る。,,牛 は 乳 が 出る,乙 子 爪,"孔,礼,浮"
難,"difficult, impossible, trouble, accident, defect","ナン; かた.い, -がた.い, むずか.しい, むづか.しい, むつか.しい, -にく.い","海難 (かいなん·0) = shipwreck; 救難 (きゅうなん·0) = rescue, salvage; 苦難 (くなん·1,0) = suffering, distress, hardship, trial; 困難 (こんなん·1) = difficulty, distress; 災難 (さいなん·3) = calamity, misfortune",難しすぎる。,,難しい 過ぎる(すぎる),艾 隹 大 口 亠 二,"芝,器,唯"
軟,soft,"ナン; やわ.らか, やわ.らかい","硬軟 (こうなん·1,0) = hardness; 柔軟 (じゅうなん·0) = flexible, lithe, soft, pliable; 軟化 (なんか·0) = softening, mollification; 軟骨 (なんこつ·0) = cartilage; 軟式 (なんしき·0) = (tennis) played with a soft ball",彼女は柔軟な頭をしている。,,彼女 は 柔軟 頭(あたま) を 為る(する),欠 車,"飲,陣,連"
内,"inside, within, between, among, house, home","ナイ, ダイ; うち","案内 (あんない·3) = information, guidance, leading; 案内書 (あんないしょ·5,0) = guidebook, guide; 以内 (いない·1) = within, inside of, less than; 域内 (いきない·2) = inside the area; 屋内 (おくない·2) = indoor (court, pool, etc)",その内訳は？,,其の 内訳 は,人 冂,"丙,柄,納"
鈍,"dull, slow, foolish, blunt","ドン; にぶ.い, にぶ.る, にぶ-, なま.る, なまく.ら","鈍化 (どんか·1,0) = becoming dull, slowing down; 鈍感 (どんかん·0) = thickheadedness, stolidity; 鈍器 (どんき·1) = blunt weapon; 鈍行 (どんこう·0) = ordinary train, slow train; 鈍い (のろい·2) = dull (eg a knife), thickheaded, slow (opposite of fast), stupid",彼は動作が鈍い。,,彼(かれ) は 動作 が 鈍い(にぶい),金 屯,"針,欽,鐘"
曇,"cloudy weather, cloud up",ドン; くも.る,"曇る (くもる·2) = to become cloudy, to become dim; 曇 (くもり·3) = cloudiness, cloudy weather, shadow; 薄曇り (うすぐもり·0,3) = slightly cloudy; 曇り空 (くもりぞら·4) = cloudy sky (weather)",曇ってきた。,,曇る(くもる) 来る(くる),雨 二 日 厶,"雲,晶,昌"
届,"deliver, reach, arrive, report, notify, forward","カイ; とど.ける, -とど.け, とど.く","届け出る (とどけでる·4) = to report, to notify; 届出 (とどけで·0) = report, notification; 付け届け (つけとどけ·0) = tip, present; 無届け (むとどけ·2) = without notice, without leave",手が届かない。,,手が届く,｜ 日 尸 田,"申,甲,由"
突,"stab, protruding, thrusting, thrust, pierce, prick","トツ, カ; つ.く","煙突 (えんとつ·0) = chimney; 玉突き (たまつき·2,4) = billiards, serial collisions (of cars); 激突 (げきとつ·0) = crash into, clash; 衝突 (しょうとつ·0) = collision, conflict; 追突 (ついとつ·0) = rear-end collision",突然彼は死んだ。,,突然 彼(かれ) は 死ぬ,穴 大 儿 宀,"空,窮,窓"
独,"single, alone, spontaneously, Germany","ドク, トク; ひと.り","孤独 (こどく·0) = isolation, loneliness, solitude; 単独 (たんどく·0) = sole, independence, single, solo (flight); 東独 (とうどく) = East Germany; 独り (ひとり·2) = alone, unmarried; 独演 (どくえん·0) = solo, solo performance",独身ですか。,,独身 ですか,虫 犯,"触,蛮,蚊"
毒,"poison, virus, venom, germ, harm, injury, spite",ドク,"気の毒 (きのどく·3,4) = pitiful, (a) pity; 消毒 (しょうどく·0) = disinfection, sterilization, sterilisation; 中毒 (ちゅうどく·1) = poisoning; 毒 (どく·2) = poison, toxicant; 毒殺 (どくさつ·0) = poisoning, kill by poison",お気の毒様。,,お気の毒 様(さま),土 母 亠 毋 二,"麦,彗,衣"
得,"gain, get, find, earn, acquire, can, may, able to, profit, advantage, benefit","トク; え.る, う.る","会得 (えとく·0,1) = understanding, comprehension, grasp, perception, appreciation; 獲得 (かくとく·0) = acquisition, possession; 既得権 (きとくけん·3,2) = vested rights; 自業自得 (じごうじとく·0) = paying for one's mistakes, getting one's just deserts, suffering the consequences (of one's own actions), reap what you sow; 取得 (しゅとく·0) = acquisition",説得に努めた。,,説得 に 努める,寸 日 彳 一,"晋,旦,行"
銅,copper,ドウ; あかがね,"青銅 (せいどう·0) = bronze; 銅山 (どうざん·1) = copper mine; 銅線 (どうせん·0) = copper line, copper wire; 銅像 (どうぞう·0) = bronze statue; 銅版画 (どうはんが) = copperplate engraving, etching",銅はよく電気を通す。,,銅 は 良く 電気 を 通す,金 口 冂 一,"尚,向,胴"
童,"juvenile, child",ドウ; わらべ,"悪童 (あくどう·0) = bad boy; 河童 (かっぱ·0) = water demon, excellent swimmer, rolled sushi containing a stick of cucumber; 学童 (がくどう·0) = school child, pupil; 児童 (じどう·1) = children, juvenile; 神童 (しんどう·0,1) = prodigy, wonder child",河童の川流れ。,,河童 の 川流れ,里 立,"鐘,瞳,憧"
導,"guidance, leading, conduct, usher",ドウ; みちび.く,"引導 (いんどう·3) = requiem, prayer for dead, dismissal; 指導 (しどう·0) = leadership, guidance, coaching; 主導 (しゅどう·0) = main leadership; 主導権 (しゅどうけん·2) = hegemony, leadership, initiative; 先導 (せんどう·0) = guidance, leadership",彼は指導力のある人だ。,,彼(かれ) は 指導力 之(の) 有る 人(ひと) だ,込 自 寸 并 首,"道,遵,遂"
逃,"escape, flee, shirk, evade, set free","トウ; に.げる, に.がす, のが.す, のが.れる","食い逃げ (くいにげ·0) = running away without paying for food, bilk; 逃がす (にがす·2) = to let loose, to set free, to let escape; 逃げる (にげる·2) = to escape, to run away; 逃げ回る (にげまわる·4,0) = to run from place to place; 逃げ込む (にげこむ·3,0) = to take refuge in, to succeed in running away",逃げるな。,,逃げる な,込 儿 冫,"兆,羽,眺"
到,"arrival, proceed, reach, attain, result in",トウ; いた.る,"殺到 (さっとう·0) = rush, flood; 周到 (しゅうとう·0) = scrupulous, meticulous, careful; 到達 (とうたつ·0) = reaching, attaining, arrival; 到着 (とうちゃく·0) = arrival; 到底 (とうてい·0) = (cannot) possibly",到着したいものだ。,,到着 したい 物(もの) だ,刈 至 土 厶,"倒,致,渥"
筒,"cylinder, pipe, tube, gun barrel, sleeve",トウ; つつ,"井筒 (いづつ·1) = well crib; 円筒 (えんとう·0) = cylinder; 気筒 (きとう·0) = cylinder; 水筒 (すいとう·0) = canteen, flask, water bottle; 筒 (つつ·2,0) = pipe, tube",封筒をください。,,封筒 を 下さい,口 竹 冂 乞 一,"尚,向,銅"
等,"etc., and so forth, class (first), quality, equal, similar","トウ; ひと.しい, など, -ら","一等 (いっとう·(名)0,3,(副)0) = first-class, first-rank, A1, the most, the best; 何等 (なにら·1) = whatever, what, what sort of, any kind of, nothing whatever (with neg. verb); 均等 (きんとう·0) = equality, uniformity, evenness; 高等 (こうとう·0) = high class, high grade; 高等学校 (こうとうがっこう·5) = senior high school",彼等の数は多い。,,彼ら(かれら) 数(かず) は 多い,寸 竹 土 乞,"封,寺,符"
当,"hit, right, appropriate, himself","トウ; あ.たる, あ.たり, あ.てる, あ.て, まさ.に, まさ.にべし","引当 (ひきあて·0) = mortgage, security; 穏当 (おんとう·0) = proper, reasonable, right; 過当 (かとう·0) = excessive, exorbitant; 該当 (がいとう·0) = corresponding, answering to, coming under, applying to; 割当てる (わりあてる·4) = to assign, to allot, to allocate, to divide among, to distribute, to prorate",本当に？,,本当に,ヨ 尚,"耀,隠,雪"
灯,"lamp, a light, light, counter for lights","トウ; ひ, ほ-, ともしび, とも.す, あかり","懐中電灯 (かいちゅうでんとう·5) = electric torch, flashlight; 街灯 (がいとう·0) = street light; 提灯 (ちょうちん·3) = paper lantern; 点灯 (てんとう·0) = lighting; 灯台 (とうだい·0) = lighthouse",灯りが点いた。,,明かり が 点く,一 火 亅,"了,丁,炎"
湯,"hot water, bath, hot spring",トウ; ゆ,"給湯 (きゅうとう·0) = hot-water supply; 銭湯 (せんとう·1) = bath-house, public bath; 茶の湯 (ちゃのゆ·0) = tea ceremony; 湯 (ゆ·1) = hot water; 湯気 (ゆげ·1) = steam, vapour, vapor",いい湯だなあ。,,いい 湯 だ な,｜ 一 汁 日 勿,"湿,曹,暢"
盗,"steal, rob, pilfer","トウ; ぬす.む, ぬす.み","怪盗 (かいとう·0) = mysterious (phantom) thief; 強盗 (ごうとう·0) = robbery, burglary; 窃盗 (せっとう·0,3) = theft, stealing, larceny; 盗人 (ぬすびと·0) = thief, robber; 盗み (ぬすみ·3) = stealing",盗人にも仁義。,,盗人 にも 仁義,欠 皿 冫,"次,血,羽"
投,"throw, discard, abandon, launch into, join, invest in, hurl, give up, sell at a loss","トウ; な.げる, -な.げ","意気投合 (いきとうごう·1,0) = hit it off with (a person), find a kindred spirit in (a person), sympathy, mutual understanding; 円盤投げ (えんばんなげ·0) = discus throw; 下手投げ (したてなげ·0) = (baseball) an underhand throw, (sumo) an underarm throw; 継投 (けいとう·0) = relieving the (starting) pitcher",反対投票多数。,,反対 投票 多数,扎 殳 几 又,"搬,鍛,設"
島,island,トウ; しま,"群島 (ぐんとう·0) = island group, archipelago; 孤島 (ことう·0) = solitary island; 小島 (こじま·0) = small island, islet; 千島 (ちしま) = Kurile Islands; 全島 (ぜんとう·1,0) = the whole island",日本は島国だ。,,日本 は 島国 だ,山 鳥 白,"迫,舶,皇"
塔,"pagoda, tower, steeple",トウ,"管制塔 (かんせいとう·0) = control tower; 金字塔 (きんじとう·0) = pyramid, monumental work; 塔 (とう·1) = tower, pagoda; 仏塔 (ぶっとう·0) = pagoda; 鉄塔 (てっとう·0) = pylon, steel tower",あれは塔です。,,彼(あれ) は 塔 です,口 土 个 艾 一,"舎,含,吟"
凍,"frozen, congeal, refrigerate","トウ; こお.る, こご.える, こご.る, い.てる, し.みる","解凍 (かいとう·0) = thaw, decompression (eg of a file); 凍らす (こおらす) = to freeze, to refrigerate; 凍結 (とうけつ·0) = frozen; 凍死 (とうし·0) = death from cold, freezing to death; 凍傷 (とうしょう·0) = frostbite, chilblains",彼は凍死した。,,彼(かれ) は 凍死 為る(する),｜ 一 日 木 冫 田,"棟,東,槽"
党,"party, faction, clique","トウ; なかま, むら","悪党 (あくとう·3) = scoundrel, rascal, villain; 一党 (いっとう·0) = party, clique; 挙党 (きょとう·0) = entire (political) party; 共産党 (きょうさんとう·0) = Communist Party; 共和党 (きょうわとう·0) = Republican Party",僕は甘党だ。,,僕(ぼく) は 甘党 だ,口 尚 儿 冖,"掌,常,営"
倒,"overthrow, fall, collapse, drop, break down","トウ; たお.れる, -だお.れ, たお.す","あっ倒 (あっとう·0) = overwhelm, overpower, overwhelming; 圧倒的 (あっとうてき·0) = overwhelming; 一辺倒 (いっぺんとう·3) = complete devotion to one side; 押倒す (おしたおす·4) = to push down; 共倒れ (ともだおれ·0) = falling together, mutual destruction, joint bankruptcy",政府打倒。,,政府 打倒,化 刈 至 土 厶,"到,佳,仏"
怒,"angry, be offended","ド, ヌ; いか.る, おこ.る","喜怒哀楽 (きどあいらく·1) = human emotions (joy, anger, pathos, and humor) (humour); 激怒 (げきど·1) = rage, indignation, exasperation; 怒り (いかり·3) = anger, hatred, wrath; 怒る (いかる·2) = to get angry, to get mad, to be angry; 怒気 (どき·1) = anger, wrath",怒るなよ。,,怒る(おこる) な よ,女 心 又,"奴,皮,恕"
努,"toil, diligent, as much as possible",ド; つと.める,"努める (つとめる·3) = to serve, to fill a post, to serve under, to work (for), to exert oneself, to endeavor, to endeavour, to be diligent, to play (the part of); 努力 (どりょく·1) = great effort, exertion, endeavour, endeavor, effort",説得に努めた。,,説得 に 努める,女 又 力,"奴,皮,怒"
途,"route, way, road",ト,"帰途 (きと·1,2) = on the way back, returning; 使途 (しと·1,2) = purpose for which money is spent, the way money is spent; 前途 (ぜんと·1) = future prospects, outlook, the journey ahead; 中途 (ちゅうと·0) = in the middle, half-way; 中途半端 (ちゅうとはんぱ·4) = halfway, half measures, unfinished, incomplete, by halves",君には前途がある。,,君(きみ) には 前途 が 有る,込 ハ 个 亅 木 一,"塗,本,介"
登,"ascend, climb up","トウ, ト, ドウ, ショウ, チョウ; のぼ.る, あ.がる","山登り (やまのぼり·3) = mountain climbing, mountaineering; 登り下り (のぼりおり·3) = rising and falling, going up and down; 登記 (とうき·1) = registry, registration; 登校 (とうこう·0) = attendance (at school); 登山 (とざん·1,0) = mountain climbing",塀に登るな。,,塀 に 登る な,口 豆 并 癶,"澄,豆,痘"
渡,"transit, ford, ferry, cross, import, deliver, diameter, migrate","ト; わた.る, -わた.る, わた.す","鳥渡 (ちょいと·1,0) = just a minute, short time, just a little, somewhat, easily, readily, rather; 過渡 (かと·1) = crossing, ferry, transient, changing old to new; 過渡期 (かとき·2) = transition period; 橋渡し (はしわたし·3) = bridge building, mediation; 響き渡る (ひびきわたる·5,0) = to resound",通りを渡れ。,,通り(とおり) を 渡る,汁 又 广,"皮,波,漫"
徒,"junior, emptiness, vanity, futility, uselessness, ephemeral thing, gang, set, party, people","ト; いたずら, あだ","学徒 (がくと·1) = student, follower, students and pupils; 教徒 (きょうと·1) = believer, adherent; 使徒 (しと·1,2) = apostle, disciple; 信徒 (しんと·1) = layman, believer, adherent, follower, laity; 生徒 (せいと·1) = pupil",トムは生徒です。,,は 生徒 です,走 土 彳,"行,圭,越"
塗,"paint, plaster, daub, smear, coating","ト; ぬ.る, ぬ.り, まみ.れる","黒塗り (くろぬり·0) = blackening, blackened thing; 漆塗り (うるしぬり·0) = lacquering, lacquer ware; 塗る (ぬる·0) = to paint, to plaster, to lacquer, to varnish; 塗装 (とそう·0) = coating",恥の上塗りはよせ。,,恥の上塗り は 止せ,汁 土 ハ 个 亅 木 一,"途,桂,杜"
殿,"Mr., hall, mansion, palace, temple, lord","デン, テン; との, -どの","宮殿 (きゅうでん·0) = palace; ご殿 (ごてん·1) = palace, court; 神殿 (しんでん·0,1) = temple, sacred place; 正殿 (せいでん·0) = main temple, state chamber; 殿 (どの·1) = person, Mister (mostly in addressing someone on an envelope), Mr",宮殿には高い塔がある。,,宮殿 には 高い 塔 が 有る,｜ 一 二 ハ 尸 殳 几 又,"共,段,戸"
伝,"transmit, go along, walk along, follow, report, communicate, legend, tradition","デン, テン; つた.わる, つた.える, つた.う, つだ.う, -づた.い, つて","以心伝心 (いしんでんしん·1) = telepathy, tacit understanding, communion of mind with mind, sympathy; 遺伝 (いでん·0) = heredity, inherent; 遺伝学 (いでんがく·2) = genetics, study of heredity; 遺伝子 (いでんし·2) = gene, genetic",手伝おうか。,,手伝う か,化 二 厶,"仏,仁,芸"
点,"spot, point, mark, speck, decimal point","テン; つ.ける, つ.く, た.てる, さ.す, とぼ.す, とも.す, ぼち","一点 (いってん·3) = speck, dot, point, only a little, particle, only one; 一点張り (いってんばり·0) = persistence; 汚点 (おてん·0) = stain, blot, flaw, disgrace; 観点 (かんてん·1,3) = point of view; 基点 (きてん·0) = datum point, cardinal point, reference point, origin",灯りが点いた。,,明かり が 点く,口 卜 杰,"占,鮎,馬"
展,"unfold, expand",テン,"個展 (こてん·0) = personal exhibition; 出展 (しゅってん·0) = exhibit, display; 進展 (しんてん·0) = progress, development; 展開 (てんかい·0) = develop, expansion (opposite of compression); 展示 (てんじ·0) = exhibition, display",展示会を見てきました。,,展示会 を 見る 来る(くる),｜ 衣 一 二 尸,"戸,三,霊"
鉄,iron,テツ; くろがね,"近鉄 (きんてつ·0,1) = Kinki Nippon Tetsudou (railway co.); 鋼鉄 (こうてつ·0) = steel; 国鉄 (こくてつ·0) = national railway; 私鉄 (してつ·0) = private railway; 製鉄 (せいてつ·0) = iron manufacture",鉄は硬い。,,鉄(てつ) は 硬い,ノ 金 二 矢 大 乞,"迭,邦,矢"
適,"suitable, occasional, rare, qualified, capable",テキ; かな.う,"快適 (かいてき·0) = pleasant, agreeable, comfortable; 最適 (さいてき·0) = optimum, the most suitable; 適確 (てっかく·0) = precise, accurate; 適中 (てきちゅう·0) = strike home, hit the mark, become realized, become realised; 適する (てきする·3) = to fit, to suit",気候は快適です。,,気候 は 快適 です,口 込 十 并 立 亠 冂 滴,"摘,嫡,敵"
的,"bull's eye, mark, target, object, adjective ending",テキ; まと,"圧倒的 (あっとうてき·0) = overwhelming; 意図的 (いとてき·0) = intentional, on purpose; 一時的 (いちじてき·0) = temporary; 一般的 (いっぱんてき·0) = popular, typical, general; 一方的 (いっぽうてき·0) = one-sided, unilateral, arbitrary",彼は内向的だ。,,彼(かれ) は 内向的 だ,白 丶 勹,"勺,釣,酌"
滴,"drip, drop","テキ; しずく, したた.る","水滴 (すいてき·0) = drop of water; 点滴 (てんてき·0) = raindrops, falling drop of water, intravenous drip",水も滴る美人。,,水も滴る 美人,口 十 汁 并 立 亠 冂,"適,摘,嫡"
泥,"mud, mire, adhere to, be attached to","デイ, ナイ, デ, ニ; どろ","雲泥の差 (うんでいのさ) = wide difference, a world of difference; 汚泥 (おでい·0) = dirty mud; 泥 (どろ·2) = mud; 泥沼 (どろぬま·0) = bog, marsh; 泥水 (どろみず·2) = muddy water, red-light district",彼は泥棒だ。,,彼(かれ) は 泥棒 だ,汁 匕 尸,"尼,老,化"
程,"extent, degree, law, formula, distance, limits, amount","テイ; ほど, -ほど","音程 (おんてい·0) = musical interval, step; 課程 (かてい·0) = course, curriculum; 過程 (かてい·0) = process; 規程 (きてい·0) = official regulations, inner rules; 工程 (こうてい·0) = manufacturing process, work schedule, amount of work",身の程を知れ。,,身の程 を 知る,王 禾 口,"和,呈,舌"
庭,"courtyard, garden, yard",テイ; にわ,"家庭 (かてい·0) = home, family, household; 家庭科 (かていか·0) = home economics; 家庭教師 (かていきょうし·4) = tutor, coach",家庭は円満だ。,,家庭 は 円満 だ,王 广 廴,"艇,廷,麻"
底,"bottom, sole, depth, bottom price, base, kind, sort",テイ; そこ,"海底 (かいてい·0) = bottom of the ocean; 基底 (きてい·0) = base, ground; 心底 (しんてい·0,1) = one's innermost depths, completely (from the bottom of one's heart); 谷底 (たにぞこ·0) = bottom of valley or ravine; 底 (そこ·0) = bottom, sole",底を持ってくれ。,,底(そこ) を 持つ 呉れる,氏 广,"麻,鹿,邸"
定,"determine, fix, establish, decide","テイ, ジョウ; さだ.める, さだ.まる, さだ.か","安定 (あんてい·0) = stability, equilibrium; 案の定 (あんのじょう·3) = sure enough, as usual; 意思決定 (いしけってい·1) = decision-making; 一定 (いちじょう·0) = fixed, settled, constant, definite, uniform, regularized, regularised, defined, standardized, standardised, certain, prescribed; 仮定 (かてい·0) = assumption, supposition, hypothesis",お勘定です。,,御(お) 勘定 です,疋 宀,"錠,是,安"
停,"halt, stopping","テイ; と.める, と.まる","調停 (ちょうてい·0) = arbitration, conciliation, mediation; 停学 (ていがく·0) = suspension from school; 停止 (ていし·0) = suspension, interruption, stoppage, ban, standstill, deadlock, stalemate, abeyance; 停車 (ていしゃ·0) = stopping (eg train); 停職 (ていしょく·0) = suspension from office",あ、停電だ。,,あ 停電 だ,化 口 亅 亠 冖 一,"何,伺,亭"
痛,"pain, hurt, damage, bruise","ツウ; いた.い, いた.む, いた.ましい, いた.める","胃痛 (いつう·0) = stomach-ache, stomach pain, gastralgia; 苦痛 (くつう·0) = pain, agony; 腰痛 (ようつう·0) = pain in the hip, lumbago; 手痛い (ていたい·3) = severe, hard; 陣痛 (じんつう·0) = labour (birth) pains, labor pains",喉が痛い。,,喉(のど) が 痛い,用 疔 マ,"矛,踊,痢"
追,"chase, drive away, follow, pursue, meanwhile",ツイ; お.う,"後追い (あとおい·0) = following someone; 訴追 (そつい·0) = legal action; 追い越し (おいこし·0) = passing; 追い越す (おいこす·3) = to pass (eg car), to outdistance, to outstrip; 追い回す (おいまわす·4) = to chase about, to hang on, to drive hard",流行を追うな。,,流行 を 追う な,｜ 口 込,"遣,中,速"
賃,"fare, fee, hire, rent, wages, charge",チン,"運賃 (うんちん·1) = freight rates, shipping expenses, fare; 家賃 (やちん·1) = rent; 工賃 (こうちん·1) = wages, pay; 賃金 (ちんぎん·1) = wages; 賃借 (ちんしゃく·0) = hiring, renting, leasing",バス賃はいくらですか。,,バス賃 は 幾ら ですか,王 化 貝 目 ハ,"買,貨,偵"
珍,"rare, curious, strange","チン; めずら.しい, たから","珍 (ちん·1) = rare, curious, strange; 珍しい (めずらしい·4) = unusual, rare; 珍重 (ちんちょう·0) = prize, value highly; 珍品 (ちんぴん·0) = curio, rare article; 珍味 (ちんみ·1,0) = delicacy",フグは日本の珍味だ。,,河豚 は 日本 の 珍味 だ,王 个 彡,"診,琴,栓"
沈,"sink, be submerged, subside, be depressed, aloes","チン, ジン; しず.む, しず.める","意気銷沈 (いきしょうちん·1,0) = depressed in spirits, dispirited, disheartened, rejection; 撃沈 (げきちん·0) = sinking (ship); 沈む (しずむ·0) = to sink, to feel depressed; 沈下 (ちんか·0,1) = sinking, subsidence; 沈降 (ちんこう·0) = precipitate, settle",月が沈んだ。,,月(つき) が 沈む,汁 尢 冖,"滞,深,浸"
直,"straightaway, honesty, frankness, fix, repair","チョク, ジキ, ジカ; ただ.ちに, なお.す, -なお.す, なお.る, なお.き, す.ぐ","安直 (あんちょく·0) = inexpensive, cheap, easy, simple; 一直線 (いっちょくせん·3,4) = straight line; 開き直る (ひらきなおる·5,0) = to become defiant, to turn upon, to become serious; 急転直下 (きゅうてんちょっか·5) = suddenly and precipitately, take a sudden turn; 居直る (いなおる·3) = to sit up properly straight, to become aggressive",かけ直すよ。,,掛け直す よ,十 目 ｜ 一,"置,値,購"
頂,"place on the head, receive, top of head, top, summit, peak","チョウ; いただ.く, いただき","山頂 (さんちょう·0) = summit (eg mountain); 絶頂 (ぜっちょう·0) = summit, peak, climax; 頂き (いただき·0) = crown (of head), summit (of mountain), spire, easy win for one, something received; 頂上 (ちょうじょう·3) = top, summit, peak; 頂戴 (ちょうだい·3) = please do for me (preceded by -te), reception, being given, get",またメール頂戴。,,又 メール(#1132620) 頂戴,一 貝 目 ハ 頁 亅,"預,貯,財"
超,"transcend, super-, ultra-","チョウ; こ.える, こ.す","超す (こす·0) = to cross over (eg mountain), to go across, to go over (eg with audience), to pass (time, eg a winter), to surpass, to be better than, to move house; 出超 (しゅっちょう·0) = excess of exports, favorable balance of trade, favourable balance of trade; 超越 (ちょうえつ·0) = transcendental; 超音速 (ちょうおんそく·3) = supersonic speed; 超過 (ちょうか·0) = excess, being more than",それに超したことはない。,,其れ に 越す 事(こと) は 無い,口 走 土 刀,"吐,召,舌"
調,"tune, tone, meter, key (music), writing style, prepare, exorcise, investigate","チョウ; しら.べる, しら.べ, ととの.う, ととの.える","栄養失調 (えいようしっちょう·5) = malnutrition; 下調べ (したしらべ·3,0) = preliminary investigation, preparation; 快調 (かいちょう·0) = harmony, excellent condition; 格調 (かくちょう·0) = noble, dignified; 基調 (きちょう·0) = basis, keynote",その調子だ。,,其の 調子 だ,言 口 土 冂,"周,尚,向"
張,"lengthen, counter for bows and stringed instruments, stretch, spread, put up (tent)","チョウ; は.る, -は.り, -ば.り","威張る (いばる·2) = to be proud, to swagger; 一点張り (いってんばり·0) = persistence; 拡張 (かくちょう·0) = expansion, extension, enlargement, escape (ESC); 頑張る (がんばる·3) = to persist, to insist on, to stand firm, to try one's best",頑張れよ。,,頑張る よ,弓 長,"脹,弧,弘"
庁,government office,"チョウ, テイ; やくしょ","官公庁 (かんこうちょう·3) = government administration office; 官庁 (かんちょう·1) = government office, authorities; 環境庁 (かんきょうちょう·3) = Environment Agency",彼は官庁で相当な職についている。,,彼(かれ) は 官庁 で(#2028980) 相当 職に就く,一 亅 广,"了,丁,序"
兆,"portent, 10**12, trillion, sign, omen, symptoms","チョウ; きざ.す, きざ.し","兆 (ちょう·1) = sign, omen, indication, portent, 1,000,000,000,000, trillion (American), billion (British); 兆 (きざし·1) = signs, omen, symptoms",あの雲は雨の前兆だ。,,彼の(あの) 雲 は 雨 の 前兆 だ,儿 冫,"逃,眺,桃"
貯,"savings, store, lay in, keep, wear mustache","チョ; た.める, たくわ.える","貯金 (ちょきん·0) = (bank) savings; 貯水 (ちょすい·0) = storage of water; 貯水池 (ちょすいち·2) = reservoir; 貯蔵 (ちょぞう·0) = storage, preservation; 貯える (たくわえる·4,3) = to store, to lay in stock",彼は貯金を増やした。,,彼(かれ) は 貯金 を 増やす,一 貝 目 ハ 亅 宀,"頂,財,買"
著,"renowned, publish, write, remarkable, phenomenal, put on, don, wear, arrival, finish (race), counter for suits of clothing, literary work","チョ, チャク; あらわ.す, いちじる.しい","共著 (きょうちょ·1,0) = collaboration, co-authorship; 顕著 (けんちょ·1) = remarkable, striking, obvious; 原著 (げんちょ·1) = the original work; 前著 (ぜんちょ·1) = ibid., the above-mentioned publication; 著しい (いちじるしい·5) = remarkable, considerable",彼は著述に励んでいた。,,彼(かれ) は 著述 に 励む,日 老 艾,"菖,暑,晶"
駐,"stop-over, reside in, resident",チュウ,"常駐 (じょうちゅう·0) = staying permanently, being stationed, resident; 進駐 (しんちゅう·0) = occupation, stationing; 駐在 (ちゅうざい·0) = residence, stay; 駐車 (ちゅうしゃ·0) = parking (eg car); 駐車場 (ちゅうしゃじょう·0) = parking lot, parking place",ここは駐車禁止です。,,此処 は 駐車禁止 です,王 馬 丶 杰,"玉,駅,駄"
虫,"insect, bug, temper","チュウ, キ; むし","害虫 (がいちゅう·0) = harmful insect, noxious insect; 寄生虫 (きせいちゅう·0) = parasite; 玉虫色 (たまむしいろ·0) = iridescent, equivocal; 昆虫 (こんちゅう·0) = insect, bug; 殺虫 (さっちゅう·0) = killing insects or pests",虫がよすぎる。,,虫がよい 過ぎる(すぎる),,
柱,"pillar, post, cylinder, support",チュウ; はしら,"円柱 (えんちゅう·0) = column, shaft, cylinder; 火柱 (ひばしら·2) = pillar of fire, blazing column; 支柱 (しちゅう·0) = prop, brace, fulcrum; 大黒柱 (だいこくばしら·5) = central pillar, mainstay; 柱 (はしら·3,0) = pillar, post",技師が電柱を上った。,,技師 が 電柱 を 登る,王 木 丶,"琳,玉,球"
宙,"mid-air, air, space, sky, memorization, interval of time",チュウ,"宇宙 (うちゅう·1) = universe, cosmos, space; 宇宙空間 (うちゅうくうかん·4) = the void of space; 大宇宙 (だいうちゅう·3) = the universe",宇宙には限りはない。,,宇宙 には 限り(かぎり) は 無い,｜ 日 宀 田,"申,甲,由"
仲,"go-between, relationship",チュウ; なか,"犬猿の仲 (けんえんのなか) = loggerheads (lit: dog and monkey), like cats and dogs; 仲断 (ちゅうだん) = interruption, suspension, break; 仲 (なか·1) = relation, relationship; 仲介 (ちゅうかい·0) = agency, intermediation; 仲間 (なかま·3) = company, fellow, colleague, associate, comrade, mate, group, circle of friends, partner",彼女と仲がよい。,,彼女 と 仲が良い,｜ 化 口,"中,舌,石"
竹,bamboo,チク; たけ,"松竹梅 (しょうちくばい·4,3) = high, middle, and low ranking, brand of sake; 竹 (たけ·0) = bamboo, middle (of a three-tier ranking system); 竹細工 (たけざいく·3) = bamboo work; 竹刀 (しない·1) = (bamboo) fencing stick; 竹馬 (ちくば·2,1) = (walk on) stilts, bamboo horse",林に竹が目立つ。,,林 に 竹 が 目立つ,乞,"筆,笹,第"
畜,"livestock, domestic fowl and animals",チク,"家畜 (かちく·0) = domestic animals, livestock, cattle; 人畜 (じんちく·0,1) = men and animals; 畜産 (ちくさん·0) = animal husbandry; 牧畜 (ぼくちく·0) = stock-farming",家畜が餓死した。,,家畜 が 餓死 為る(する),玄 田 亠 幺,"蓄,玄,弦"
築,"fabricate, build, construct",チク; きず.く,"改築 (かいちく·0) = structural alteration of building, reconstruction; 建築 (けんちく·0) = construction, architecture; 構築 (こうちく·0) = construction; 新築 (しんちく·0) = new building, new construction; 増築 (ぞうちく·0) = addition to a building",家を新築中です。,,家(いえ) を 新築 中(ちゅう) です,工 竹 木 丶 几,"机,凡,恐"
遅,"slow, late, back, later","チ; おく.れる, おく.らす, おそ.い","出遅れる (でおくれる·0) = to get a late start; 遅い (おそい·0,2) = late, slow; 遅延 (ちえん·0) = delay; 遅刻 (ちこく·0) = lateness, late coming",遅れるな。,,遅れる,王 込 并 羊 尸,"達,羊,養"
置,"placement, put, set, deposit, leave behind, keep, employ, pawn","チ; お.く, -お.き","安置 (あんち·1,0) = enshrinement, installation (of image); 位置付け (いちつけ·0) = placement, fixed position; 拘置 (こうち·1,0) = detention, confinement, arrest; 拘置所 (こうちしょ·0,4) = prison, detention house; 再配置 (さいはいち) = rearrangement, reallocation, realignment, relocation",それを下に置け。,,其れ を 下(した) に 置く,十 買 目 一 ｜,"直,値,干"
恥,"shame, dishonor","チ; は.じる, はじ, は.じらう, は.ずかしい","恥 (はじ·2) = shame, embarrassment; 恥らう (はじらう·3) = to feel shy, to be bashful, to blush; 恥じる (はじる·2) = to feel ashamed; 恥辱 (ちじょく·0) = disgrace, shame, insult",恥を知れ！,,恥を知る,耳 心,"聴,聡,聞"
値,"price, cost, value","チ; ね, あたい","安値 (やすね·2,0) = low price; 引け値 (ひけね·0) = closing quotations; 下値 (したね·0,2) = lowest price; 価値 (かち·1) = value, worth, merit; 価値観 (かちかん·3,2) = values",値段聞いた？,,値段 聞く,化 十 目 ｜ 一,"直,置,干"
談,"discuss, talk",ダン,"縁談 (えんだん·0) = marriage proposal, engagement; 会談 (かいだん·0) = conversation, conference, discussion, interview; 怪談 (かいだん·0) = ghost story; 歓談 (かんだん·0) = pleasant talk, chat; 講談 (こうだん·0) = story-telling",相談し合う。,,相談 為る(する) 合う,火 言,"炎,訪,記"
段,"grade, steps, stairs","ダン, タン","一段 (いちだん·(名)2,(副)0) = more, much more, still more, all the more, part (of a talk); 一段落 (ひとだんらく·3) = pause; 階段 (かいだん·0) = stairs; 格段 (かくだん·0) = special, exceptional, remarkable; 減段 (げんたん·0) = reduction (of crop size), reduction of acreage (under cultivation)",値段聞いた？,,値段 聞く,｜ 殳 几 又 ノ 一,"垂,友,乃"
暖,warmth,"ダン, ノン; あたた.か, あたた.かい, あたた.まる, あたた.める","温暖 (おんだん·0) = warmth; 暖冬 (だんとう·0) = mild winter; 暖房 (だんぼう·0) = heating; 暖流 (だんりゅう·0) = warm current; 暖い (あったかい·4) = warm, mild, genial",この冬は暖かい。,,此の 冬 は 暖かい,ノ 一 爪 日 又,"友,援,暇"
断,"severance, decline, refuse, apologize, warn, dismiss, prohibit, decision, judgement, cutting","ダン; た.つ, ことわ.る, さだ.める","一刀両断 (いっとうりょうだん·0) = cutting in two with a single stroke, taking decisive (drastic) measure, cutting the (Gordian) knot; 英断 (えいだん·0) = resolution, decisive judgement, decisive judgment; 横断 (おうだん·0) = crossing; 横断歩道 (おうだんほどう·5) = pedestrian crossing",返品お断り。,,返品 お断わり,斤 米 ｜ 一,"丘,華,粗"
団,"group, association","ダン, トン; かたまり, まる.い","圧力団体 (あつりょくだんたい·5) = pressure group, lobby; 一団 (いちだん·0) = body, group, party, gang, troupe; 営団 (えいだん·0) = corporation, foundation; 外郭団体 (がいかくだんたい·5) = auxiliary organization, auxiliary organisation; 楽団 (がくだん·0) = orchestra, band",花より団子。,,花 より 団子,寸 囗,"口,討,耐"
炭,"charcoal, coal",タン; すみ,"活性炭 (かっせいたん·0) = activated charcoal; 採炭 (さいたん·0) = coal mining; 薪炭 (しんたん·0) = wood and charcoal, fuel; 石炭 (せきたん·3) = coal",石炭が燃えている。,,石炭 が 燃える,火 山 厂,"灰,炎,岸"
探,"grope, search, look for","タン; さぐ.る, さが.す","逆探知 (ぎゃくたんち·3) = phone trace, detecting the source of a telephone call; 手探り (てさぐり·2) = fumbling, groping; 探る (さぐる·0,2) = to search, to look for, to sound out; 探求 (たんきゅう·0) = quest, pursuit",彼は鍵を探した。,,彼(かれ) は 鍵(かぎ) を 探す,木 儿 冖 扎,"深,桃,栄"
担,"shouldering, carry, raise, bear","タン; かつ.ぐ, にな.う","担ぐ (かつぐ·2) = to shoulder, to carry on shoulder; 担架 (たんか·1) = stretcher, litter; 担当 (たんとう·0) = (in) charge; 担当者 (たんとうしゃ) = the one in charge, responsible party; 担任 (たんにん·0) = in charge (of something), homeroom teacher",これは、私の担当だ。,,此れ は 私(わたし) 担当 だ,一 日 扎,"揚,晋,旦"
単,"simple, one, single, merely",タン; ひとえ,"単なる (たんなる·1) = mere, simple, sheer; 単に (たんに·1) = simply, merely, only, solely; 単位 (たんい·1) = unit, denomination, credit (in school); 単一 (たんいつ·0) = single, simple, sole, individual, unitory; 単価 (たんか·1) = unit price, unit cost",答は簡単でした。,,答え(#1449530) は 簡単 です,十 尚 田,"禅,戦,弾"
谷,valley,"コク; たに, きわ.まる","峡谷 (きょうこく·0) = glen, ravine, gorge, canyon; 渓谷 (けいこく·0) = valley, ravine, canyon; 谷間 (たにあい·0) = valley, ravine, chasm, dell, cleavage; 谷川 (たにがわ·0) = mountain stream; 谷底 (たにぞこ·0) = bottom of valley or ravine",四谷駅で降りて下さい。,,駅 で(#2028980) 降りる 下さい,口 ハ 个,"呉,只,介"
達,"accomplished, reach, arrive, attain","タツ, ダ; -たち","伊達 (だて·0) = dandyism, vainglorious, showy, gallantry; 上達部 (かんだちめ·4,3) = Imperial Court, court noble, the nobility; 私達 (わたくしたち·4) = we, us; 上達 (じょうたつ·0) = improvement, advance, progress; 雪達磨 (ゆきだるま·3) = snowman",子供達は皆寝た。,,子供たち は 皆 寝る,王 込 土 并 羊,"遅,羊,養"
濯,"laundry, wash, pour on, rinse","タク; すす.ぐ, ゆす.ぐ","洗濯 (せんたく·0) = washing, laundry; 洗濯機 (せんたっき·4,3) = washing machine (laundry)",鬼の留守に洗濯。,,鬼 の 留守 に 洗濯,ヨ 汁 隹,"燿,準,耀"
宅,"home, house, residence, our house, my husband",タク,"家宅 (かたく·0) = domicile, premises; 帰宅 (きたく·0) = returning home; 在宅 (ざいたく·0) = being in, being at home; 自宅 (じたく·0) = one's home; 社宅 (しゃたく·0) = company owned house",早く帰宅しろ。,,早く 帰宅 為る(する),ノ 一 乙 宀,"託,宥,宏"
第,"No., residence","ダイ, テイ","及第 (きゅうだい·0) = passing an examination; 次第 (しだい·0) = order, precedence, program, programme, agenda, circumstances, immediate(ly), as soon as, dependent upon; 次第に (しだいに·0) = gradually; 式次第 (しきしだい·3) = program of a ceremony (programme)",君次第だよ。,,君(きみ) 次第 だ よ,弓 竹 乞,"竹,筆,笹"
退,"retreat, withdraw, retire, resign, repel, expel, reject","タイ; しりぞ.く, しりぞ.ける, ひ.く, の.く, の.ける, ど.く","一進一退 (いっしんいったい·3,0) = now advancing and now retreating, ebb and flow, seesawing, taking alternately favorable and unfavorable turns; 引退 (いんたい·0) = retire; 撃退 (げきたい·0) = repulse, repel (i.e. the enemy); 減退 (げんたい·0) = decline, ebb, failure, decay, decrease, loss; 後退 (こうたい·0) = retreat, backspace (BS)",退屈だなあ。,,退屈 だ なあ,込 艮,"良,限,郎"
袋,"sack, bag, pouch","タイ, ダイ; ふくろ","胃袋 (いぶくろ·2) = stomach; 紙袋 (かみぶくろ·3) = paper bag; 手袋 (てぶくろ·2) = glove; 寝袋 (ねぶくろ·0,2) = sleeping bag; 足袋 (たび·1) = tabi, Japanese socks (with split toe)",胃袋は耳を持たぬ。,,胃袋 は 耳 を 持つ,衣 化 弋 亠,"依,褒,衣"
替,"exchange, spare, substitute, per-","タイ; か.える, か.え-, か.わる","為替 (かわせ·0) = money order, exchange; 為替管理 (かわせかんり·4) = exchange control; 為替銀行 (かわせぎんこう·4) = exchange bank; 為替相場 (かわせそうば·4) = exchange rates; 取替える (とりかえる·0,4,3) = to exchange, to replace",着替えてきます。,,着替える 来る(くる),人 大 二 日 亠,"潜,夫,椿"
帯,"sash, belt, obi, zone, region","タイ; お.びる, おび","亜熱帯 (あねったい·2) = subtropics; 安全地帯 (あんぜんちたい·5,6) = safety zone; 一帯 (いったい·0) = region, zone, whole place; 温帯 (おんたい·0) = temperate zone; 緩衝地帯 (かんしょうちたい·5,6) = buffer zone",包帯をしなさい。,,包帯 を 為る(する) 為さい,｜ 一 巾 冖,"師,華,畳"
対,"vis-a-vis, opposite, even, equal, versus, anti-, compare","タイ, ツイ; あいて, こた.える, そろ.い, つれあ.い, なら.ぶ, むか.う","一対 (いっつい·0) = pair (of screens or vases, etc.); 一対一 (いったいいち·3,2) = one-to-one; 応対 (おうたい·0,1) = receiving, dealing with; 初対面 (しょたいめん·2) = first meeting, first interview with; 正反対 (せいはんたい·3) = bipolar, polar, polarity, exactly opposite",絶対だよ！,,絶対 だ よ,寸 文,"討,蚊,耐"
打,"strike, hit, knock, pound, dozen","ダ, ダアス; う.つ, う.ち-, ぶ.つ","安打 (あんだ·0,1) = safe hit (baseball); 一打 (いちだ·2) = stroke, blow; 殴打 (おうだ·1) = hit, strike; 犠打 (ぎだ·1) = sacrifice fly, bunt; 強打 (きょうだ·1) = smiting",政府打倒。,,政府 打倒,亅 扎,"推,排,拷"
他,"other, another, the others",タ; ほか,"他 (ほか·0) = other (esp. places and things), the rest; 自他 (じた·1) = oneself and others, transitive and intransitive; 他意 (たい·1) = ill will, malice, another intention, secret purpose, ulterior motive, fickleness, double-mindedness; 他界 (たかい·0) = death, the next world; 他国 (たこく·0,1) = foreign country, another province",他にご用は？,,他(ほか) に ご用 は,化 也,"俳,信,価"
損,"damage, loss, disadvantage, hurt, injure","ソン; そこ.なう, そこな.う, -そこ.なう, そこ.ねる, -そこ.ねる","欠損 (けっそん·0,1) = deficit, shortage, loss, damage; 損 (そん·1) = loss, disadvantage; 損じ (そんじ·1) = slip, error, failure; 損じる (そんじる·3,0) = to harm, to hurt, to injure, to damage; 損ねる (そこねる·3) = to harm, to hurt, to injure",短気は損気。,,短気 は 損気,貝 目 ハ 口 扎,"唄,買,賠"
尊,"revered, valuable, precious, noble, exalted","ソン; たっと.い, とうと.い, たっと.ぶ, とうと.ぶ","自尊 (じそん·0) = self-respect, esteem; 尊 (そん·1) = precious, valuable, priceless, noble, exalted, sacred; 尊敬 (そんけい·0) = respect, esteem, reverence, honour, honor; 尊厳 (そんげん·0,3) = dignity, majesty, sanctity; 尊重 (そんちょう·0) = respect, esteem, regard",愛より尊い物はない。,,愛 より 尊い 物(もの) は 無い,寸 酉 并,"遵,猶,闘"
孫,"grandchild, descendants",ソン; まご,"子孫 (しそん·1) = descendants, posterity, offspring; 孫 (まご·2) = grandchild; 孫娘 (まごむすめ·3) = granddaughter; 初孫 (はつまご·0) = first grandchild; 孫子 (まごこ·2) = children and grandchildren, posterity, descendants",彼らは孫を誉めた。,,彼ら(かれら) は 孫 を 褒める,ノ 子 糸 幺 小,"紗,系,級"
存,"suppose, be aware of, believe, feel","ソン, ゾン","異存 (いぞん·0) = objection; 一存 (いちぞん·0) = one's own discretion (idea, responsibility); 温存 (おんぞん·0) = preserve, retain; 既存 (きそん·0) = existing; 残存 (ざんぞん·0) = remain, survive",神は存在する。,,神(かみ) は 存在 為る(する),｜ ノ 一 子,"垂,乃,丑"
卒,"graduate, soldier, private, die","ソツ, シュツ; そっ.する, お.える, お.わる, ついに, にわか","学卒 (がくそつ·0) = college graduate; 高卒 (こうそつ·0) = high school graduate; 卒業 (そつぎょう·0) = graduation; 脳卒中 (のうそっちゅう·3) = stroke, cerebral haemorrhage, cerebral hemorrhage; 卒先 (そっせん·0) = taking the initiative",学校を卒業した。,,学校 を 卒業 為る(する),十 人 亠,"翠,衣,汁"
続,"continue, series, sequel","ゾク, ショク, コウ, キョウ; つづ.く, つづ.ける, つぐ.ない","永続 (えいぞく·0) = permanence, continuation; 勤続 (きんぞく·0) = continuous service; 継続 (けいぞく·0) = continuation; 後続 (こうぞく·0) = succeeding, following, trailing; 持続 (じぞく·0) = continuation",悪事続きだ。,,悪事 続き だ,士 糸 幺 小 儿 冖,"結,索,糸"
速,"quick, fast","ソク; はや.い, はや-, はや.める, すみ.やか","音速 (おんそく·0) = speed of sound; 加速 (かそく·0) = acceleration; 加速度 (かそくど·3,2) = acceleration; 快速 (かいそく·0) = high speed, celerity, mobility, express (train that bypasses many stations); 急速 (きゅうそく·0) = rapid (eg progress)",全速前進。,,全速 前進,｜ 一 口 込 ハ 木,"束,遣,追"
測,"fathom, plan, scheme, measure",ソク; はか.る,"観測 (かんそく·0) = observation; 計測 (けいそく·0) = measurement, measure, instrumentation; 実測 (じっそく·0) = survey, actual measurements; 推測 (すいそく·0) = guess, conjecture; 測候所 (そっこうじょ·0,5) = weather measurement station",その長さを測れますか。,,其の 長い さ を 計る か,貝 目 ハ 刈 汁,"則,買,側"
束,"bundle, sheaf, ream, tie in bundles, govern, manage, control","ソク; たば, たば.ねる, つか, つか.ねる","花束 (はなたば·2,3) = bunch of flowers, bouquet; 結束 (けっそく·0) = union, unity; 口約束 (くちやくそく·3) = verbal promise; 拘束 (こうそく·0) = restriction, restraint; 札束 (さつたば·0,3) = roll of banknotes",約束は約束。,,約束 は 約束,｜ 一 口 ハ 木,"速,亜,疎"
息,"breath, respiration, son, interest (on money)",ソク; いき,"安息 (あんそく·0) = rest, repose; 一人息子 (ひとりむすこ·4) = an only son; 一息 (ひといき·2) = breath, pause, effort; 休息 (きゅうそく·0) = rest, relief, relaxation; 姑息 (こそく·0) = makeshift",休息しろ。,,休息 為る(する),自 心 目,"憩,臭,想"
則,"rule, follow, based on, model after",ソク; のっと.る,"会則 (かいそく·0) = society or club regulations, constitution; 学則 (がくそく·0) = school regulations; 規則 (きそく·2,1) = rules, regulations, conventions; 規則的 (きそくてき·0) = systematic, regular, routine; 原則 (げんそく·0) = principle, general rule",規則に逆らうな。,,規則 に 逆らう な,貝 目 ハ 刈,"測,側,買"
側,"side, lean, oppose, regret","ソク; かわ, がわ, そば","縁側 (えんがわ·0) = veranda, porch, balcony, open corridor; 下側 (したがわ·0) = underside; 西側 (にしがわ·0) = west side, west bank; 側近 (そっきん·0) = close associate, close aide, brains-truster; 側溝 (そっこう·0) = gutter, ditch",左側通行を守れ。,,左側通行 を 守る,化 貝 目 ハ 刈,"則,買,賃"
造,"create, make, structure, physique","ゾウ; つく.る, つく.り, -づく.り","荷造り (にづくり·2) = packing, baling, crating; 改造 (かいぞう·0) = remodeling, remodelling, restructuring, modding (comp); 偽造 (ぎぞう·0) = forgery, falsification, fabrication, counterfeiting; 急造 (きゅうぞう·0) = hurried construction; 形造る (かたちづくる·5) = to form, to shape, to make, to mold, to mould, to build up",橋は石造りだ。,,橋(はし) は 石造り だ,ノ 口 込 土,"告,呂,吐"
贈,"presents, send, give to, award to, confer on, presenting something","ゾウ, ソウ; おく.る","贈る (おくる·0) = to send, to give to, to award to, to confer on; 贈収賄 (ぞうしゅうわい·3) = bribery, corruption; 贈呈 (ぞうてい·0) = presentation; 贈答 (ぞうとう·0) = exchange of presents; 贈与 (ぞうよ·1) = donation, presentation",手袋はよい贈り物だ。,,手袋 は 良い 贈り物 だ,貝 目 ハ 田 日 并,"買,顕,賜"
蔵,"storehouse, hide, own, have, possess","ゾウ, ソウ; くら, おさ.める, かく.れる","愛蔵 (あいぞう·0) = treasured, cherished; 収蔵 (しゅうぞう·0) = garnering, collection; 蔵書 (ぞうしょ·0,1) = book collection; 蔵相 (ぞうしょう·0) = Minister of Finance; 大蔵 (おおくら·0) = Ministry of Finance",彼は蔵書をふやした。,,彼(かれ) は 蔵書 を 増やす,ノ 臣 戈 艾 厂,"臓,茂,成"
臓,"entrails, viscera, bowels",ゾウ; はらわた,"肝臓 (かんぞう·0) = liver; 心臓 (しんぞう·0) = heart; 腎臓 (じんぞう·0) = kidney; 臓 (ぞう·1) = viscera, bowels; 臓器 (ぞうき·1) = viscera, internal organs",心臓に悪いな。,,心臓 に 悪い(わるい) な,ノ 月 臣 戈 艾 厂,"蔵,茂,成"
憎,"hate, detest","ゾウ; にく.む, にく.い, にく.らしい, にく.しみ","憎しみ (にくしみ·0) = hatred; 憎む (にくむ·2) = to hate, to detest; 憎悪 (ぞうお·1) = hatred; 愛憎 (あいにく·0) = likes and dislikes; 心憎い (こころにくい·5) = refined, admirable, superb",彼は憎めない奴だ。,,彼(かれ) は 憎む 奴(やつ) だ,田 日 并 忙,"層,増,僧"
増,"increase, add, augment, gain, promote","ゾウ; ま.す, ま.し, ふ.える, ふ.やす","急増 (きゅうぞう·0) = explosion, proliferation, surge; 激増 (げきぞう·0) = sudden increase; 水増し (みずまし·0) = inflation (of budget, claim, etc.); 増す (ます·0) = to increase, to grow; 増やし (ふやし) = increase",事故の数が増えた。,,事故 の 数(かず) が 増える,田 土 日 并,"憎,層,僧"
像,"statue, picture, image, figure, portrait",ゾウ,"映像 (えいぞう·0) = reflection, image; 画像 (がぞう·0) = image, picture, portrait; 解像度 (かいぞうど·3) = resolution (eg display, dpi), granularity (eg timer); 虚像 (きょぞう·0) = virtual image, pretense, pretence; 胸像 (きょうぞう·0) = bust (statue)",想像力を働かせた。,,想像力 を 働かせる,化 勹 豕 口 一,"象,号,啄"
装,"attire, dress, pretend, disguise, profess","ソウ, ショウ; よそお.う, よそお.い","仮装 (かそう·0) = costume, fancy dress, masquerade, disguise, converted (cruiser); 改装 (かいそう·0) = remodelling, remodeling, reorganization, reorganisation; 核武装 (かくぶそう·3) = nuclear arms; 軽装 (けいそう·0) = lightweight equipment or dress; 女装 (じょそう·0) = female clothing, wearing female clothing",正装着用です。,,正装 着用 です,衣 士 爿 亠,"壮,表,衣"
草,"grass, weeds, herbs, pasture, write, draft","ソウ; くさ, くさ-, -ぐさ","下草 (したくさ·0) = undergrowth, weeds beneath a tree; 海草 (かいそう·0) = seaweed, marine plant; 起草 (きそう·0) = drafting, draughting, drawing up a bill; 雑草 (ざっそう·0) = weed; 七草 (ななくさ·2) = the seven spring flowers, the seven fall flowers, the seven autumn flowers",羊は草を食べる。,,羊 は 草(くさ) を 食べる,十 日 艾,"菖,汁,晶"
総,"general, whole, all, full, total","ソウ; す.べて, すべ.て, ふさ","事務総局 (じむそうきょく) = secretariat-general; 総書 (そうしょ) = series (of publications), library (of literature); 総菜 (そうざい·0) = side dish, daily (household) dish; 総意 (そうい·1) = consensus of opinion",総員、脱出せよ！,,総員 脱出 為る(する),糸 幺 小 心 ハ 厶,"紛,糸,公"
窓,"window, pane","ソウ, ス; まど, てんまど, けむだし","車窓 (しゃそう·0) = car window; 出窓 (でまど·0) = bay window; 窓 (まど·1) = window; 窓越しに (まどごしに) = over the window sill; 窓口 (まどぐち·2) = ticket window, contact person, point of contact",窓を閉めて。,,窓 を 閉める,穴 心 儿 厶 宀,"允,窒,突"
相,"inter-, mutual, together, each other, minister of state, councillor, aspect, phase, physiognomy","ソウ, ショウ; あい-","位相 (いそう·0) = phase (in science), topology; 為替相場 (かわせそうば·4) = exchange rates; 外相 (がいしょう·0) = Foreign Minister; 形相 (けいそう·0) = features, look, aspect, phase, form; 血相 (けっそう·3) = expression, looks",相談し合う。,,相談 為る(する) 合う,木 目,"霜,植,査"
争,"contend, dispute, argue","ソウ; あらそ.う, いか.でか","階級闘争 (かいきゅうとうそう·5) = class struggle; 競争 (きょうそう·0) = competition, contest, to compete; 係争 (けいそう·0) = contention, dispute; 抗争 (こうそう·0) = dispute, resistance; 戦争 (せんそう·0) = war",血は争えない。,,血 は 争えない,ヨ 一 亅 勹,"了,丁,浄"
燥,"parch, dry up",ソウ; はしゃ.ぐ,"乾燥 (かんそう·0) = dry, arid, insipid, dehydrated; 乾燥機 (かんそうき·3) = drying machine, dryer, desiccator; 焦燥 (しょうそう·0) = impatience, uneasiness, irritation",肌が乾燥しています。,,肌 が 乾燥 為る(する),火 口 木 品,"杏,操,藻"
操,"maneuver, manipulate, operate, steer, chastity, virginity, fidelity","ソウ, サン; みさお, あやつ.る","節操 (せっそう·0,3) = constancy, integrity, honor, honour, chastity, fidelity; 操 (みさお·0) = chastity, fidelity, honour, honor, faith; 操り (あやつり·0,3) = manipulation, puppet; 操る (あやつる·3) = to manipulate, to operate, to pull strings; 操業 (そうぎょう·0) = operation",彼は体操が得意だ。,,彼(かれ) は 体操 が 得意 だ,口 木 扎 品,"杏,燥,藻"
掃,"sweep, brush","ソウ, シュ; は.く","一掃 (いっそう·0) = clean sweep; 清掃 (せいそう·0) = cleaning; 掃海 (そうかい·0) = sweeping the sea for mines, dragging for mines; 掃除 (そうじ·0) = cleaning, sweeping; 掃討 (そうとう·0) = cleaning up, sweeping up, mopping up",よし！掃討完了！,,よし 掃討 完了,ヨ 巾 冖 扎,"婦,滞,揮"
捜,"search, look for, locate","ソウ, シュ, シュウ; さが.す","捜査 (そうさ·1) = search (esp. in criminal investigations), investigation; 捜索 (そうさく·0) = search (esp. for someone or something missing), investigation; 捜す (さがす·0) = to search (for something lost), to seek (a suspect in a crime), to search (for something desired, needed), to look for; 特捜 (とくそう·0) = special investigation",僕は君を捜していた。,,僕(ぼく) は 君(きみ) を 探す,｜ 日 又 扎 田,"抽,押,申"
想,"concept, think, idea, thought","ソウ, ソ; おも.う","仮想 (かそう·0) = imagination, supposition, virtual, potential (enemy); 回想 (かいそう·0) = reflection, reminiscence; 感想 (かんそう·0) = impressions, thoughts; 奇想天外 (きそうてんがい·2,0) = fantastic idea, bizarre; 空想 (くうそう·0) = daydream, fantasy, fancy, vision",それの感想は？,,其れ の 感想 は,心 木 目,"相,霜,植"
層,"stratum, social class, layer, story, floor",ソウ,"一層 (いっそ·(名)1,(副)0) = much more, still more, all the more, (would) rather, sooner, might as well; 下層 (かそう·0) = lower strata (classes); 階層 (かいそう·0) = class, level, stratum, layer, hierarchy; 高層 (こうそう·0) = upper; 上層 (じょうそう·0) = upper stratum (classes, stories, storeys)",彼は事態を一層悪くした。,,彼(かれ) は 事態 を 一層 悪い(わるい) 為る(する),田 日 并 尸,"憎,届,増"
双,"pair, set, comparison, counter for pairs","ソウ; ふた, たぐい, ならぶ, ふたつ","双紙 (そうし·1) = copy-book, storybook, notebook; 双刃 (りょうば·0) = double-edged, double-edged blade; 双 (ふた·1) = pair, set; 双眼鏡 (そうがんきょう·0) = binoculars, field glasses",彼女は双子です。,,彼女 は 双子 です,又 丶,"皮,殺,殴"
組,"association, braid, plait, construct, assemble, unite, cooperate, grapple","ソ; く.む, くみ, -ぐみ","改組 (かいそ·1) = reorganization, reorganisation; 共同組合 (きょうどうくみあい·5) = cooperative, partnership; 協同組合 (きょうどうくみあい·5) = cooperative, partnership; 五人組 (ごにんぐみ·0) = five-family unit, five-man group; 骨組み (ほねぐみ·0,4) = skeleton, framework",この番組見る？,,此の 番組 見る,一 糸 幺 小 目,"糸,且,給"
祖,"ancestor, pioneer, founder",ソ,"開祖 (かいそ·1) = (sect) founder, apostle, originator, inventor; 教祖 (きょうそ·1) = founder of a religious sect; 元祖 (がんそ·1) = originator, founder, pioneer, inventor; 始祖 (しそ·1) = founder, originator, pioneer; 宗祖 (しゅうそ·1) = sect founder",彼は祖父似だ。,,彼(かれ) は 祖父 似 だ,一 目 礼,"且,阻,粗"
全,"whole, entire, all, complete, fulfill","ゼン; まった.く, すべ.て","安全 (あんぜん·0) = safety, security; 安全地帯 (あんぜんちたい·5,6) = safety zone; 安全保障 (あんぜんほしょう·5) = security eg (guarantee of) military security, network security, etc.; 完全 (かんぜん·0) = perfection, completeness; 健全 (けんぜん·0) = health, soundness, wholesome",全速前進。,,全速 前進,王 ハ 个,"金,介,八"
然,"sort of thing, so, if so, in that case, well","ゼン, ネン; しか, しか.り, しか.し, さ","依然 (いぜん·0) = still, as yet; 敢然 (かんぜん·0) = boldly; 偶然 (ぐうぜん·0) = (by) chance, unexpectedly, suddenly, accident, fortuity; 決然 (けつぜん·0) = decisive, resolute, determined",偶然だね！,,偶然 だ ね(#2029080),犬 夕 杰,"燃,馬,多"
善,"virtuous, good, goodness","ゼン; よ.い, い.い, よ.く, よし.とする","改善 (かいぜん·0) = betterment, improvement, incremental and continuous improvement; 勧善懲悪 (かんぜんちょうあく·5,0) = rewarding good and punishing evil, novel or drama with a rewarding-good-and-punishing-evil theme, moral purpose, morality play; 偽善 (ぎぜん·0) = hypocrisy; 最善 (さいぜん·0) = the very best; 慈善 (じぜん·0) = charity, philanthropy",慈善を行う。,,慈善 を 行う,王 口 并 羊,"群,繕,豆"
選,"elect, select, choose, prefer",セン; えら.ぶ,"改選 (かいせん·0) = re-election; 厳選 (げんせん·0) = careful selection; 互選 (ごせん·0) = mutual election, co-opting; 公選 (こうせん·0) = public election; 再選 (さいせん·0) = re-election",これを選びます。,,此れ を 選ぶ,｜ 込 二 ハ 已,"巽,共,巳"
船,"ship, boat","セン; ふね, ふな-","艦船 (かんせん·0,1) = (ocean) vessels, warship; 汽船 (きせん·0) = steamship; 客船 (きゃくせん·0) = passenger boat; 漁船 (ぎょせん·0) = fishing boat; 黒船 (くろふね·0) = black ships",乗船する。,,乗船 為る(する),口 舟 ハ,"呉,只,舌"
線,"line, track",セン; すじ,"一線 (いっせん·0) = line; 一直線 (いっちょくせん·3,4) = straight line; 沿線 (えんせん·0) = along railway line; 横線 (よこせん·0) = horizontal line, abscissa; 架線 (かせん·0) = aerial wiring",下線部を訳せ。,,下線部 を 訳す,糸 幺 小 水 白,"綿,糸,泉"
浅,"shallow, superficial, frivolous, wretched, shameful",セン; あさ.い,"遠浅 (とおあさ·0) = shoal, wide shallow beach; 浅い (あさい·0,2) = shallow, superficial; 浅黒い (あさぐろい·4) = darkish, swarthy; 浅瀬 (あさせ·0) = shoal, shallows, sand bar, ford",眠りが浅いんだ。,,眠り が 浅い のだ,汁 戈 二,"銭,残,桟"
泉,"spring, fountain",セン; いずみ,"温泉 (おんせん·0) = spa, hot spring, onsen; 源泉 (げんせん·0) = source; 泉 (いずみ·0) = spring, fountain; 泉水 (せんすい·0) = fountain, miniature lake; 霊泉 (れいせん·0) = miraculous spring or fountain",この温泉は穴場だね。,,此の 温泉 は 穴場 だ ね(#2029080),水 白,"線,迫,舶"
戦,"war, battle, match","セン; いくさ, たたか.う, おのの.く, そよぐ, わなな.く","悪戦苦闘 (あくせんくとう·0) = hard fighting, hard struggle, fighting against heavy odds; 一戦 (いっせん·0) = battle, game, bout; 応戦 (おうせん·0) = accepting a challenge, returning fire; 開戦 (かいせん·0) = outbreak of war, starting a war; 観戦 (かんせん·0) = watching a (sports) game",戦いに勝つ。,,戦い に 勝つ,十 尚 田 戈,"単,卑,禅"
専,"specialty, exclusive, mainly, solely",セン; もっぱ.ら,"高専 (こうせん·0) = (prewar) college; 住専 (じゅうせん·0) = housing-loan corporation; 専ら (もっぱら·0,1) = wholly, solely, entirely; 専横 (せんおう·0) = arbitrariness, despotism, tyranny; 専科 (せんか·1) = specialized course, specialised course",専攻は何ですか。,,専攻 は 何(なに) ですか,十 寸 田,"博,卑,薄"
占,"fortune-telling, divining, forecasting, occupy, hold, have, get, take","セン; し.める, うらな.う","寡占 (かせん·0) = oligopoly; 星占い (ほしうらない·3,4) = astrology, horoscope; 占う (うらなう·3) = to forecast, to predict; 占拠 (せんきょ·1) = occupation; 占星術 (せんせいじゅつ·3) = astrology",漁夫の利を占める。,,漁夫 の 利 を 占める,口 卜,"粘,点,店"
絶,"discontinue, beyond, sever, cut off, abstain, interrupt, suppress","ゼツ; た.える, た.やす, た.つ","隔絶 (かくぜつ·0) = isolation, separation; 気絶 (きぜつ·0) = faint, swoon; 拒絶 (きょぜつ·0) = refusal, rejection; 拒絶反応 (きょぜつはんのう·4) = rejection; 根絶 (こんぜつ·0) = eradication, extermination",絶対だよ！,,絶対 だ よ,糸 幺 小 色,"糸,緋,維"
雪,snow,セツ; ゆき,"降雪 (こうせつ·0) = snowfall, snow; 豪雪 (ごうせつ·0) = tremendous snowfall; 細雪 (ささめゆき·3) = light snow fall, small snow flakes; 初雪 (はつゆき·0) = first snow (of season); 除雪 (じょせつ·0) = snow removal",雪は消えた。,,雪 は 消える,ヨ 雨,"霞,需,雷"
節,"node, season, period, occasion, verse, clause, stanza, honor, joint, knuckle, knob, knot, tune, melody","セツ, セチ; ふし, -ぶし, のっと","音節 (おんせつ·0) = syllable; 関節 (かんせつ·0) = joints (knee joint, elbow joint, etc); 関節炎 (かんせつえん·4,0) = arthritis; 季節 (きせつ·2,1) = season; 季節風 (きせつふう·0) = seasonal winds",猫にかつお節。,,猫(ねこ) に 鰹節,艮 竹 卩 乞,"即,良,範"
設,"establishment, provision, prepare",セツ; もう.ける,"移設 (いせつ·0) = moving establishment; 架設 (かせつ·0) = construction, building; 開設 (かいせつ·0) = establishment, opening; 既設 (きせつ·0) = established, existing; 建設 (けんせつ·0) = construction, establishment",建設的な提案だよ。,,建設的 提案 だ よ,言 殳 几 又,"鍛,般,疫"
折,"fold, break, fracture, bend, yield, submit","セツ; お.る, おり, お.り, -お.り, お.れる","右折 (うせつ·0) = turning to the right, right turn; 曲折 (きょくせつ·0) = windings, meanderings, complications; 屈折 (くっせつ·0) = bending, indentation, refraction; 骨折 (こっせつ·0) = bone fracture; 左折 (させつ·0) = turning to the left, left turn",二つ折り厳禁。,,二つ折り 厳禁,斤 扎,"逝,誓,哲"
接,"touch, contact, adjoin, piece together","セツ, ショウ; つ.ぐ","応接 (おうせつ·0) = reception; 間接 (かんせつ·0) = indirection, indirectness; 間接税 (かんせつぜい·4) = indirect tax; 間接的 (かんせつてき·0) = indirect; 近接 (きんせつ·0) = neighboring, neighbouring, adjacent, adjoin",接戦でしたね。,,接戦 です ね(#2029080),女 立 扎,"摘,嫡,辛"
責,"blame, condemn, censure",セキ; せ.める,"引責 (いんせき·0) = taking responsibility; 自責 (じせき·0) = self-condemnation; 重責 (じゅうせき·0) = heavy responsibility; 責め (せめ·2) = persecution, blame, responsibility",私の責任です。,,私(わたし) 責任 です,貝 目 ハ 土 亠 二,"積,漬,債"
績,"exploits, unreeling cocoons",セキ,"業績 (ぎょうせき·0) = achievement, performance, results, work, contribution; 功績 (こうせき·0) = achievements, merit, meritorious service, meritorious deed; 実績 (じっせき·0) = achievements, actual results; 成績 (せいせき·0) = results, record, grades; 紡績 (ぼうせき·0) = spinning",それはたいした功績だ。,,其れ は 大した 功績 だ,貝 目 ハ 糸 幺 小 土 亠 二,"責,素,積"
積,"volume, product (x*y), acreage, contents, pile up, stack, load, amass","セキ; つ.む, -づ.み, つ.もる, つ.もり","下積み (したづみ·0) = lowest social strata, goods piled beneath; 見積もる (みつもる·0,3) = to estimate; 集積 (しゅうせき·0) = accumulation; 上積み (うわづみ·0) = deck cargo, upper layer of goods; 積 (せき·1) = product",子供は積み木で遊ぶ。,,子供 は 積み木 で(#2028980) 遊ぶ(あそぶ),禾 貝 目 ハ 土 亠 二,"責,漬,債"
石,stone,"セキ, シャク, コク; いし","一石 (いっせき·4,0) = one game (of go); 一石二鳥 (いっせきにちょう·0,5) = killing two birds with one stone; 化石 (かせき·0) = fossil, petrifaction, fossilization, fossilisation; 懐石料理 (かいせきりょうり·5) = tea-ceremony dishes, traditional Japanese meal brought in courses; 岩石 (がんせき·1) = rock",橋は石造りだ。,,橋(はし) は 石造り だ,口,"舌,邑,足"
昔,"once upon a time, antiquity, old times","セキ, シャク; むかし","一昔 (ひとむかし·2,3) = ages, long time, decade, the past ten years; 昔 (むかし·0) = olden days, former; 昔風 (むかしふう·0) = old fashioned; 昔話 (むかしばなし·4) = folklore, legend; 大昔 (おおむかし·3) = great antiquity, old-fashioned, long ago",昔はよかった。,,昔 は 良い,｜ 一 二 日,"普,措,惜"
席,"seat, mat, occasion, place",セキ; むしろ,"一席 (いっせき·0) = sitting, feast, speech; 宴席 (えんせき·0) = banquet, dinner party; 会席 (かいせき·0) = meeting place, seats for the public, restaurant dinner; 寄席 (よせ·0) = musical hall, vaudeville; 議席 (ぎせき·0) = parliamentary seat",満席です。,,満席 です,巾 广 一 凵,"凹,庁,希"
税,"tax, duty",ゼイ,"印税 (いんぜい·0) = royalty (on book); 課税 (かぜい·0) = taxation; 間接税 (かんせつぜい·4) = indirect tax; 関税 (かんぜい·0) = customs, duty, tariff; 減税 (げんぜい·0) = tax reduction",税込みですよ。,,税込み です よ,禾 口 并 儿,"豆,和,閲"
静,quiet,"セイ, ジョウ; しず-, しず.か, しず.まる, しず.める","安静 (あんせい·0) = rest; 閑静 (かんせい·1) = quiet (eg neighbourhood, neighborhood); 寝静まる (ねしずまる·4) = to fall asleep; 静か (しずか·1) = quiet, peaceful; 静けさ (しずけさ·3) = stillness, silence, hush, calm, serenity",静かに！,,静かに,月 青 土 亅 亠 勹 ヨ 二,"彗,靖,請"
製,"made in..., manufacture",セイ,"官製 (かんせい·0) = government-manufactured; 既製 (きせい·0) = ready-made, off the shelf; 既製服 (きせいふく·2) = ready-made clothes; 作製 (さくせい·0) = manufacture; 手製 (てせい·0) = handmade",あの絵は複製です。,,彼の(あの) 絵 は 複製 です,衣 刈 牛 巾 亠,"裂,衣,亡"
精,"refined, ghost, fairy, energy, vitality, semen, excellence, purity, skill","セイ, ショウ, シヤウ","高精度 (こうせいど) = high precision; 受精卵 (じゅせいらん·2) = fertilized eggs, fertilised eggs; 水精 (すいしょう·1) = crystal; 精 (せい·1) = spirit; 精鋭 (せいえい·0) = elite, picked, powerful, efficient",彼女は筆不精だ。,,彼女 は 筆不精 だ,月 青 土 二 米 亠,"靖,請,清"
清,"pure, purify, cleanse, exorcise, Manchu dynasty","セイ, ショウ, シン; きよ.い, きよ.まる, きよ.める","血清 (けっせい·0) = serum; 粛清 (しゅくせい·0) = (political) purge; 清ます (すます·2) = to clear, to make clear, to be unruffled, to look unconcerned, to look demure, to look prim, to put on airs; 清む (すむ·1) = to clear (eg weather), to become transparent; 清い (きよい·2) = clear, pure, noble",君の手は清潔ですか。,,君(きみ) 手 は 清潔 ですか,月 汁 青 土 二 亠,"靖,請,精"
晴,clear up,"セイ; は.れる, は.れ, は.れ-, -ば.れ, は.らす","快晴 (かいせい·0) = good weather; 気晴し (きばらし·0) = recreation, diversion; 見晴らし (みはらし·0) = view; 五月晴れ (さつきばれ·0) = early-summer fine weather (during rainy season); 晴らす (はらす·2) = to dispel, to clear away, to refresh (oneself)",晴れそうだ。,,晴れる そう だ,月 青 土 二 日 亠,"靖,請,精"
星,"star, spot, dot, mark","セイ, ショウ; ほし, -ぼし","衛星 (えいせい·0) = satellite; 火星 (かせい·0) = Mars (planet); 巨星 (きょせい·0) = giant star, great man, big-shot; 暁星 (ぎょうせい·0) = morning star, Venus, rarity; 恒星 (こうせい·0) = fixed star",図星ですか？,,図星 ですか,生 日,"晶,昌,香"
整,"organize, arranging, tune, tone, meter, key (music)","セイ; ととの.える, ととの.う","修整 (しゅうせい·0) = adjustment, retouching (in photography); 整形 (せいけい·0) = orthopedics, plastic surgery, cosmetic surgery, smoothing (bursty traffic, etc.); 整形外科 (せいけいげか·5) = orthopaedic surgery, plastic surgery; 整合 (せいごう·0) = adjustment, coordination, integration, conformity; 整然 (せいぜん·0) = orderly, regular, systematic, well-organized, well-organised, trim, tidy, accurate",髪を整えないと。,,髪 を 整える 無いと,｜ 一 口 止 木 攵 乞,"疎,政,柾"
政,"politics, government","セイ, ショウ; まつりごと, まん","悪政 (あくせい·0) = misgovernment; 圧政 (あっせい·0) = power politics, political pressure, despotic administration; 為政者 (いせいしゃ·2) = statesman; 院政 (いんせい·0) = government by cloistered emperors; 王政 (おうせい·0) = monarchy, imperial rule",政府打倒。,,政府 打倒,一 止 攵 乞,"整,竹,肇"
成,"turn into, become, get, grow, elapse, reach","セイ, ジョウ; な.る, な.す, -な.す","化成 (かせい·0) = change, transformation; 完成 (かんせい·0) = complete, completion, perfection, accomplishment; 既成 (きせい·0) = established, completed, existing; 既成事実 (きせいじじつ·4) = established fact; 京成 (けいせい) = train line Tokyo - Narita",大賛成です。,,大賛成 です,ノ 戈,"誠,茂,盛"
性,"sex, gender, nature","セイ, ショウ; さが","悪性 (あくせい·0) = malignancy, virulence, malignant (cancer), pernicious (anemia, anaemia); 異性 (いせい·0,1) = the opposite sex; 陰性 (いんせい·0) = negative; 可燃性 (かねんせい·0) = combustibility",仮性近視です。,,仮性近視 です,生 忙,"牲,星,惟"
姓,surname,"セイ, ショウ","旧姓 (きゅうせい·0) = one's former (maiden) name; 姓 (せい·1) = surname, family name; 姓名 (せいめい·1) = full name; 同姓 (どうせい·0) = same surname; 百姓 (ひゃくしょう·3) = farmer, peasant",彼の両親はお百姓でした。,,彼(かれ) 両親 は 御(お) 百姓(ひゃくしょう) です,女 生,"要,牲,星"
勢,"forces, energy, military strength","セイ, ゼイ; いきお.い, はずみ","伊勢丹 (いせたん) = Isetan (department store); 威勢 (いせい·0) = power, might, authority; 運勢 (うんせい·1) = luck; 加勢 (かせい·0) = assistance, backing, reinforcements; 火勢 (かせい·0) = force of flames",情勢は絶望だ。,,情勢 は 絶望 だ,土 力 丶 儿 九,"熱,丸,圭"
制,"system, law, rule",セイ,"王制 (おうせい·0) = monarchical system; 管制 (かんせい·0) = control; 管制塔 (かんせいとう·0) = control tower; 規制 (きせい·0) = regulation, (traffic) policing; 旧制 (きゅうせい·0) = old system, old order",制御できない。,,制御 出来る,ノ 刈 牛 巾 二,"邦,製,刑"
数,"number, strength, fate, law, figures","スウ, ス, サク, ソク, シュ; かず, かぞ.える, しばしば, せ.める, わずらわ.しい","員数 (いんずう·3) = numbers of members (things, people); 過半数 (かはんすう·2,4) = majority; 画数 (かくすう·3) = stroke count; 回数 (かいすう·3) = number of times, frequency, count; 回数券 (かいすうけん·3) = book of tickets",反対投票多数。,,反対 投票 多数,女 米 攵 夂 乞,"竹,牧,楼"
吹,"blow, breathe, puff, emit, smoke",スイ; ふ.く,"吹かす (ふかす·2) = to smoke (a cigarette), to behave as .., to accelerate, to rev up; 吹き込む (ふきこむ·3,0) = to blow into, to breathe into, to inspire, to lay down a recording (music, video, etc.), to indoctrinate",吹雪が続いた。,,吹雪 が 続く,欠 口,"諮,舌,石"
震,"quake, shake, tremble, quiver, shiver","シン; ふる.う, ふる.える","強震 (きょうしん·0) = severe earthquake; 軽震 (けいしん·0) = weak earthquake; 弱震 (じゃくしん·0) = mild earthquake; 身震い (みぶるい·2) = shivering, trembling, shuddering",私は地震が怖い。,,私(わたし) は 地震 が 怖い,衣 雨 辰 厂,"辰,辱,振"
針,"needle, pin, staple, stinger",シン; はり,"検針 (けんしん·0) = inspection of a meter; 指針 (ししん·0) = compass needle (cursor), guideline, pointer; 針 (はり·1) = needle, fish hook, pointer, hand (eg clock), staple (for a stapler); 針金 (はりがね·0) = wire; 針路 (しんろ·1) = course, direction, compass bearing",彼は針で指を刺した。,,彼(かれ) は 針 で(#2028980) 指 を 刺す,金 十,"汁,鎮,隼"
辛,"spicy, bitter, hot, acrid","シン; から.い, つら.い, -づら.い, かのと","香辛料 (こうしんりょう·3) = spices; 辛い (からい·2) = hot (spicy), salty, tough (on someone), adverse, harsh; 辛うじて (かろうじて·0,2) = barely, narrowly, just manage to do st; 辛苦 (しんく·1) = hardship, toil, trouble; 辛酸 (しんさん·0) = hardships, privation",時差ボケで辛い。,,時差ぼけ で(#2028980) 辛い(つらい),十 立,"章,汁,梓"
身,"somebody, person, one's station in life",シン; み,"一身 (いっしん·3) = oneself, one's own interests, throughout the body; 一身上 (いっしんじょう·0) = personal (affairs); 黄身 (きみ·0) = egg yolk; 化身 (けしん·0) = incarnation, impersonation, personification; 我が身 (わがみ·1) = myself, oneself",独身ですか。,,独身 ですか,,
臣,"retainer, subject","シン, ジン","家臣 (かしん·1) = vassal, retainer; 国務大臣 (こくむだいじん·4) = Minister of State; 重臣 (じゅうしん·0) = chief vassal, senior statesman; 総理大臣 (そうりだいじん·4) = Prime Minister; 大臣 (だいじん·1) = cabinet minister",彼は大臣を辞めた。,,彼(かれ) は 大臣 を 辞める,匚,"巨,枢,匹"
神,"gods, mind, soul","シン, ジン; かみ, かん-, こう-","運動神経 (うんどうしんけい·5) = motor nerves, reflexes; 神輿 (みこし·0,1) = portable shrine (carried in festivals); 交感神経 (こうかんしんけい·5) = sympathetic nerves; 祭神 (さいしん·0) = enshrined deity; 阪神 (はんしん·1) = Osaka-Kobe",神はそうする。,,神(かみ) は 然う 為る(する),｜ 日 礼 田,"申,甲,由"
申,"have the honor to, sign of the monkey, 3-5PM, ninth sign of Chinese zodiac","シン; もう.す, もう.し-, さる","上申 (じょうしん·0) = report to a superior; 申 (さる·1) = ninth sign of Chinese zodiac (The Monkey, 3p.m.-5p.m., west-southwest, July); 申込む (もうしこむ·4,0) = to apply for, to make an application, to propose (marriage), to offer (mediation), to make an overture (of peace), to challenge, to lodge (objections), to request (an interview), to subscribe for, to book, to reserve; 申し子 (もうしご·3,0) = heaven-sent child (in answer to a Shinto or Buddhist prayer)",鈴木と申します。,,と 申す,｜ 日 田,"甲,由,迪"
深,"deep, heighten, intensify, strengthen","シン; ふか.い, -ぶか.い, ふか.まる, ふか.める, み-","奥深い (おくぶかい·4) = profound, deep; 興味深い (きょうみぶかい·5) = very interesting, of great interest; 根深い (ねぶかい·3) = deep-rooted, ingrained; 深い (ふかい·2) = deep, profound, thick, close; 深まる (ふかまる·3) = to deepen, to heighten, to intensify",この湖は深い。,,此の 湖(みずうみ) は 深い,汁 木 儿 冖,"探,滞,洸"
寝,"lie down, sleep, rest, bed, remain unsold","シン; ね.る, ね.かす, い.ぬ, みたまや, や.める","就寝 (しゅうしん·0) = going to bed, retiring; 寝かす (ねかす·0) = to put to sleep, to lay (something) on its side; 寝かせる (ねかせる·0) = to put to bed, to lay down, to ferment; 寝そべる (ねそべる·3) = to sprawl, to lie sprawled",彼は寝た。,,彼(かれ) は 寝る,ヨ 又 冖 宀 爿,"浸,侵,皮"
信,"faith, truth, fidelity, trust",シン,"威信 (いしん·0) = dignity; 音信 (いんしん·0) = correspondence, news, letter, tidings; 過信 (かしん·0) = trusting too much, overestimating ability; 外信 (がいしん·0) = external communication; 確信 (かくしん·0) = conviction, confidence",信号は青だ。,,信号 は 青 だ,化 言,"談,訪,記"
伸,"expand, stretch, extend, lengthen, increase","シン; の.びる, の.ばす, の.べる, の.す","屈伸 (くっしん·0) = elasticity; 伸 (のし) = an iron; 伸びやか (のびやか·2) = comfortable, carefree; 伸び伸び (のびのび·3) = feeling at ease, carefree; 伸び悩む (のびなやむ·4,0) = to be sluggish (business)",追伸愛してます。,,追伸 愛する,｜ 化 日 田,"申,甲,由"
触,"contact, touch, feel, hit, proclaim, announce, conflict","ショク; ふ.れる, さわ.る, さわ","一触即発 (いっしょくそくはつ·0) = critical (touch and go) situation, explosive situation; 感触 (かんしょく·0) = sense of touch, feeling, sensation; 手触り (てざわり·2) = feel, touch; 触る (さわる·0) = to touch, to feel; 触れ合う (ふれあう·3) = to come into contact with, to touch (each other)",触るな！,,触る,角 虫,"蛮,蚊,虹"
職,"post, employment, work","ショク, ソク","汚職 (おしょく·0) = corruption; 解職 (かいしょく·0) = discharge, dismissal; 官職 (かんしょく·0,1) = government service; 管理職 (かんりしょく·3) = management; 休職 (きゅうしょく·0) = temporary retirement, suspension from office",彼は辞職した。,,彼(かれ) は 辞職 為る(する),音 耳 日 立 戈,"識,織,章"
植,plant,"ショク; う.える, う.わる","移植 (いしょく·0) = transplanting, porting, implantation, engrafting; 誤植 (ごしょく·0) = misprint; 写植 (しゃしょく·0) = phototypesetting; 植える (うえる·0) = to plant, to grow; 植樹 (しょくじゅ·0) = tree-planting",植物が生える。,,植物 が 生える,十 木 目,"槙,相,汁"
蒸,"steam, heat, sultry, foment, get musty","ジョウ, セイ; む.す, む.れる, む.らす","蒸し暑い (むしあつい·4) = humid, sultry; 蒸し返す (むしかえす·3,0) = to reheat, to steam over, to bring up again, to take up again a problem that has been dealt with; 蒸す (むす·1) = to steam, to poultice, to be sultry; 蒸気 (じょうき·1) = steam, vapour, vapor; 蒸発 (じょうはつ·0) = evaporation, unexplained disappearance",水は蒸気に変わる。,,水(みず) は 蒸気 に 変わる,ノ 一 亅 杰 艾,"才,丞,了"
畳,"tatami mat, counter for tatami mats, fold, shut up, do away with","ジョウ, チョウ; たた.む, たたみ, かさ.なる",四畳半 (よじょうはん·2) = 4.5 tatami mats; 畳 (たたみ·0) = tatami mat (Japanese straw floor coverings); 石畳 (いしだたみ·3) = stone paving; 畳敷 (たたみじき·0) = tatami-matted,ケンは毛布を二つに畳んだ。,,は 毛布 を 二つ に 畳む,一 田 冖,"恵,福,異"
状,"status quo, conditions, circumstances, form, appearance",ジョウ,"委任状 (いにんじょう·0) = commission, proxy; 異状 (いじょう·0) = something wrong, accident, change, abnormality, aberration; 液状 (えきじょう·0) = liquid state; 賀状 (がじょう·0) = new year's card; 冠状 (かんじょう·0) = coronary",難しい状況です。,,難しい 状況 です,犬 爿,"壮,北,伏"
条,"article, clause, item, stripe, streak","ジョウ, チョウ, デキ; えだ, すじ","悪条件 (あくじょうけん·3) = unfavorable conditions, unfavourable conditions; 一条 (いちじょう·2) = streak, matter, quotation; 金科玉条 (きんかぎょくじょう·1) = golden rule; 条件 (じょうけん·3) = condition(s), term(s), requirement(s); 条件付き (じょうけんつき·0) = conditionally, with conditions attached",条件を決める。,,条件 を 決める,木 夂 攵,"格,柊,枚"
情,"feelings, emotion, passion, sympathy, circumstances, facts","ジョウ, セイ; なさ.け","愛情 (あいじょう·0) = love, affection; 温情 (おんじょう·0) = warm heart, kindliness; 感情 (かんじょう·0) = emotion(s), feeling(s), sentiment; 苦情 (くじょう·0) = complaint, troubles, objection; 激情 (げきじょう·0) = violent emotion, passion, fury",彼に同情した。,,彼(かれ) に 同情 為る(する),月 青 土 二 忙 亠,"靖,請,精"
常,"usual, ordinary, normal, regular","ジョウ; つね, とこ-","異常 (いじょう·0) = strangeness, abnormality, disorder; 恒常 (こうじょう·0) = constancy; 常 (とこ·0) = ever, endless; 常に (つねに·1) = always, constantly; 常軌 (じょうき·1) = proper course, beaten track",彼は非常識だ。,,彼(かれ) は 非常識 だ,巾 口 尚 冖,"掌,営,党"
城,castle,ジョウ; しろ,"牙城 (がじょう·0) = stronghold, inner citadel; 開城 (かいじょう·0) = capitulation (of fort); 宮城 (きゅうじょう·0) = Imperial Palace; 傾城 (けいせい·0) = beauty, siren, courtesan, prostitute; 古城 (こじょう·0,1) = old castle, old fortress",あの城は美しい。,,彼の(あの) 城(しろ) は 美しい,ノ 土 戈,"成,圭,載"
賞,"prize, reward, praise",ショウ; ほ.める,"観賞 (かんしょう·0) = admiration, enjoyment; 鑑賞 (かんしょう·0) = appreciation (eg of art), aesthetic sense; 激賞 (げきしょう·0) = enthusiastic praise; 懸賞 (けんしょう·0) = offering prizes, winning, reward; 受賞 (じゅしょう·0) = winning (a prize)",賞は彼の手に。,,賞 は 彼(かれ) の 手 に,貝 目 ハ 口 尚 冖,"償,唄,買"
象,"elephant, pattern after, imitate, image, shape, sign (of the times)","ショウ, ゾウ; かたど.る","印象 (いんしょう·0) = impression; 印象的 (いんしょうてき·0) = impressive; 印象派 (いんしょうは·0) = Impressionists; 気象 (きしょう·0) = weather, climate; 気象学 (きしょうがく·2) = meteorology",象は鼻が長い。,,象(ぞう) は 鼻 が 長い,勹 豕 口 一,"像,号,啄"
紹,"introduce, inherit, help",ショウ,"自己紹介 (じこしょうかい·3) = self-introduction; 紹介 (しょうかい·0) = introduction, referral; 紹介状 (しょうかいじょう·0,3) = letter of introduction",紹介ありがとう。,,紹介 有り難う,口 糸 幺 小 刀,"緯,絹,絡"
笑,laugh,"ショウ; わら.う, え.む","一笑 (いっしょう·0) = laugh, smile; 可笑しい (おかしい·3) = strange, funny, amusing, ridiculous; 苦笑 (くしょう·0) = bitter smile; 苦笑い (にがわらい·3) = bitter smile; 失笑 (しっしょう·0) = laughter at an inappropriate time, sarcastic laughter, snigger",彼は笑った。,,彼(かれ) は 笑う,禾 竹 大 乞,"竹,筆,笹"
章,"badge, chapter, composition, poem, design",ショウ,"印章 (いんしょう·0) = stamp, seal; 楽章 (がくしょう·0) = (musical) movement; 記章 (きしょう·0) = medal, badge, insignia; 勲章 (くんしょう·0) = decoration, order, medal; 憲章 (けんしょう·0) = charter",彼は文章がうまい。,,彼(かれ) は 文章 が 上手い,音 十 日 立,"障,彰,辛"
省,"focus, government ministry, conserve","セイ, ショウ; かえり.みる, はぶ.く","運輸省 (うんゆしょう·3) = Ministry of Transport; 外務省 (がいむしょう·3) = Department of Foreign Affairs; 帰省 (きせい·0) = homecoming, returning home; 省みる (かえりみる·4) = to look back (e.g. over shoulder or at the past), to turn around, to review, to reflect, to reconsider; 厚生省 (こうせいしょう·3) = Ministry of Health and Welfare",この単語を省きなさい。,,此の 単語 を 省く 為さい,ノ 小 目,"少,懸,頻"
照,"illuminate, shine, compare, bashful","ショウ; て.る, て.らす, て.れる","参照 (さんしょう·0) = reference, bibliographical reference, consultation; 照らす (てらす·0,2) = to shine on, to illuminate; 照る (てる·1) = to shine; 照れ屋 (てれや·2,0) = shy, a very shy person; 照会 (しょうかい·0) = inquiry, enquiry, query, reference",前記参照。,,前記 参照,口 刀 日 杰,"昭,唱,召"
焼,"bake, burning","ショウ; や.く, や.き, や.き-, -や.き, や.ける","延焼 (えんしょう·0) = spread of fire; 塩焼 (しおやき·0,4) = (fish) grilled or broiled with salt, boiling seawater to get salt; 焼そば (やきそば·0) = fried soba; 焼き魚 (やきざかな·3) = grilled fish",家は全焼した。,,家(いえ) は 全焼 為る(する),火 十 儿,"炎,汁,克"
消,"extinguish, blow out, turn off, neutralize, cancel","ショウ; き.える, け.す","雲散霧消 (うんさんむしょう·0) = vanishing like mist; 解消 (かいしょう·0) = cancellation, liquidation, resolution; 取消す (とりけす·0,3) = to cancel; 消える (きえる·0) = to go out, to vanish, to disappear; 消え入る (きえいる·3,0) = to vanish",火を消せ。,,火(ひ) を 消す,月 汁 尚,"肖,朋,脳"
昇,rise up,ショウ; のぼ.る,"昇格 (しょうかく·0) = raising of status; 昇級 (しょうきゅう·0) = promotion, advancement; 昇給 (しょうきゅう·0) = salary raise; 昇進 (しょうしん·0) = promotion; 昇任 (しょうにん·0) = promotion",月は昇った。,,月(つき) は 登る,ノ 日 廾 十,"升,千,暁"
招,"beckon, invite, summon, engage",ショウ; まね.く,"手招き (てまねき·2) = beckoning; 招き (まねき·3) = invitation; 招集 (しょうしゅう·0) = calling or convening (a meeting, assembly, congress); 招待 (しょうたい·1) = invitation; 招致 (しょうち·1) = invitation",彼を招待したの？,,彼(かれ) を 招待 為る(する) の,口 刀 扎,"拐,召,舌"
承,"acquiesce, hear, listen to, be informed, receive","ショウ; うけたまわ.る, う.ける","継承 (けいしょう·0) = inheritance, succession, accession; 承る (うけたまわる·5) = to hear, to be told, to know, to receive (order); 承継 (しょうけい·0) = succession, accession, inheritance; 承諾 (しょうだく·0) = consent, acquiescence, agreement; 承知 (しょうち·0) = consent, acceptance, assent, admitting, acknowledgment, acknowledgement, compliance, agreement, awareness",先刻承知。,,先刻 承知,ノ 二 亅 手,"邦,看,才"
床,"bed, counter for beds, floor, padding, tatami","ショウ; とこ, ゆか","温床 (おんしょう·0) = hotbed, breeding ground; 起床 (きしょう·0) = rising, getting out of bed; 鉱床 (こうしょう·0) = ore deposit; 床 (とこ·0) = bed, sickbed, alcove, padding; 床の間 (とこのま·0) = alcove",床に伏せろ！,,床(ゆか) に 伏せる(#1500220),木 广,"麻,摩,麿"
将,"leader, commander, general, admiral, or, and again, soon, from now on, just about","ショウ, ソウ; まさ.に, はた, まさ, ひきい.る, もって","王将 (おうしょう·0) = king, king (for senior player) (shogi); 主将 (しゅしょう·0) = commander-in-chief, (team) captain; 准将 (じゅんしょう·0) = commodore, brigadier general; 女将 (じょしょう·0) = mistress, landlady, hostess, proprietress; 将官 (しょうかん·0) = general, admiral",彼はチームの主将だ。,,彼(かれ) は チーム の 主将 だ,寸 爪 爿,"奨,爵,采"
商,"make a deal, selling, dealing in, merchant",ショウ; あきな.う,"画商 (がしょう·0) = picture dealer; 協商 (きょうしょう·0) = negotiation, agreement; 行商 (ぎょうしょう·0) = monger, peddling; 豪商 (ごうしょう·0) = wealthy merchant; 商 (しょう·1) = quotient",商売は商売。,,商売 は 商売,口 并 立 亠 儿 冂,"高,競,滴"
召,"seduce, call, send for, wear, put on, ride in, buy, eat, drink, catch (cold)",ショウ; め.す,"応召 (おうしょう·0) = being called to the colours (colors) (mil); 召す (めす·1) = to call, to send for, to put on, to wear, to take (a bath), to ride in, to buy, to eat, to drink, to catch (a cold); 召喚 (しょうかん·0) = summons; 召集 (しょうしゅう·0) = convening, calling together (eg parliament)",お気に召しますか。,,お気に召す か,口 刀,"詔,沼,昭"
勝,"victory, win, prevail, excel","ショウ; か.つ, -が.ち, まさ.る, すぐ.れる, かつ","あっ勝 (あっしょう·0) = complete victory; 楽勝 (らくしょう·0) = easy victory; 景勝 (けいしょう·0) = picturesque scenery; 決勝 (けっしょう·0) = decision of a contest, finals (in sports); 自分勝手 (じぶんがって·4) = (very) selfish, self-centered, self-centred, without consulting anybody (else)",楽勝だよ。,,楽勝 だ よ,月 人 大 二 并 力,"騰,朕,脅"
除,"exclude, division (x/3), remove, abolish, cancel, except","ジョ, ジ; のぞ.く, -よ.け","解除 (かいじょ·1) = cancellation, rescinding, release, calling off; 駆除 (くじょ·1) = extermination, expulsion, destruction; 扣除 (こうじょ·1) = subtraction, deduction (eg tax), subsidy; 削除 (さくじょ·1) = elimination, cancellation, deletion, erasure; 除いて (のぞいて) = except, save",彼は除外された。,,彼(かれ) は 除外 為れる,示 个 阡 一,"今,陰,余"
助,"help, rescue, assist","ジョ; たす.ける, たす.かる, す.ける, すけ","一助 (いちじょ·2) = help, assistance; 援助 (えんじょ·1) = assistance, aid, support; 救助 (きゅうじょ·1) = relief, aid, rescue; 互助 (ごじょ·1) = mutual aid, cooperation, benefit; 賛助 (さんじょ·1) = support, patronage",助けて！,,助けて,目 力,"賀,貝,見"
諸,"various, many, several, together",ショ; もろ,"諸君 (しょくん·1) = Gentlemen!, Ladies!; 諸般 (しょはん·1,0) = circumstances; 諸諸 (もろもろ·0) = all kinds of, various; 諸悪 (しょあく·1) = every (kind of) evil or crime",金は諸悪の根源。,,金(かね) は 諸悪 の 根源,言 日 老,"暑,晶,昌"
署,"signature, govt office, police station",ショ,"営林署 (えいりんしょ·5) = forest service field office; 警察署 (けいさつしょ·5,0) = police station; 署名 (しょめい·0) = signature; 税務署 (ぜいむしょ·3,4) = tax office; 副署 (ふくしょ·0) = countersignature",各自の部署に就け。,,各自 の 部署 に 就く,日 買 老,"曙,暑,晶"
緒,"thong, beginning, inception, end, cord, strap","ショ, チョ; お, いとぐち","一緒 (いっしょ·0) = together, meeting, company; 緒 (いとぐち·2) = thread end, beginning, clue; 緒 (お·1) = cord, strap, thong; 緒戦 (ちょせん·0) = beginning of hostilities, beginning of competition; 端緒 (たんちょ·1) = a clue, start, beginning",一緒にくるかい。,,一緒に 来る(くる) かい,糸 幺 小 日 老,"絢,糸,暑"
初,"first time, beginning","ショ; はじ.め, はじ.めて, はつ, はつ-, うい-, -そ.める, -ぞ.め","最初 (さいしょ·0) = beginning, outset, first, onset; 初 (はつ·2) = first, new; 初める (そめる·2) = to begin to; 初演 (しょえん·0) = first performance; 初夏 (しょか·1) = early summer",初耳ですね。,,初耳 です ね(#2029080),刀,"辺,召,分"
処,"dispose, manage, deal with, sentence, condemn, act, behave, place","ショ; ところ, -こ, お.る","仮処分 (かりしょぶん·3) = temporary measures; 泣き処 (なきどころ·0) = weak point, vulnerable point, Achilles' heel; 至る処 (いたるところ·2,6) = everywhere, all over; 処遇 (しょぐう·0) = treatment, dealing with; 処刑 (しょけい·0) = execution",善処いたします。,,善処 致す,几 夂 攵,"条,拠,各"
順,"obey, order, turn, right, docility, occasion",ジュン,"雨天順延 (うてんじゅんえん·1) = rescheduled in case of rain; 帰順 (きじゅん·0) = submission, return to allegiance; 手順 (てじゅん·0,1) = process, procedure, sequence, protocol, instruction; 順 (じゅん·0) = order, turn; 順に (じゅんに·0) = in order, in turn, one by one",万事順調だ。,,万事 順調 だ,貝 目 ハ 川 頁,"買,顕,頒"
純,"genuine, purity, innocence, net (profit)",ジュン,"純愛 (じゅんあい·0) = pure love; 純益 (じゅんえき·0,1) = clear profit, net income, net profit; 純化 (じゅんか·1,0) = purification; 純金 (じゅんきん·0) = pure gold, solid gold; 純情 (じゅんじょう·0) = pure heart, naivete, self-sacrificing devotion",それは純金ですか？,,其れ は 純金 ですか,糸 幺 小 屯,"糸,緋,維"
準,"semi-, correspond to, proportionate to, conform, imitate","ジュン; じゅん.じる, じゅん.ずる, なぞら.える, のり, ひと.しい, みずもり","下準備 (したじゅんび·3) = preliminary arrangements, spade work; 高水準 (こうすいじゅん) = high level; 準じる (じゅんじる·0,3) = to follow, to conform, to apply to; 準ずる (じゅんずる·0,3) = to apply correspondingly, to correspond to, to be proportionate to, to conform to; 準拠 (じゅんきょ·1) = basis, based on, conformance, authority (of), standard",すべて準備完了。,,全て 準備 完了,十 汁 隹,"隼,汁,濯"
述,"mention, state, speak, relate",ジュツ; の.べる,"記述 (きじゅつ·0) = description, descriptor; 供述 (きょうじゅつ·0) = affidavit, deposition, testimony; 口述 (こうじゅつ·0) = verbal statement; 述べる (のべる·2) = to state, to express, to mention; 述懐 (じゅっかい·0) = recollection",彼は著述に励んでいた。,,彼(かれ) は 著述 に 励む,込 十 丶 木,"術,汁,迅"
術,"art, technique, skill, means, trick, resources, magic",ジュツ; すべ,"学術 (がくじゅつ·0,2) = science, learning, scholarship; 奇術 (きじゅつ·1) = magic; 技術 (ぎじゅつ·1) = art, craft, technique, technology, skill; 技術者 (ぎじゅつしゃ·3) = engineer, technical expert, technician, crafts-person",手術は待てない。,,手術 は 待つ,行 十 丶 彳 木,"述,行,汁"
祝,"celebrate, congratulate","シュク, シュウ; いわ.う","慶祝 (けいしゅく·0) = congratulation, celebration; 祝い (いわい·2,0) = celebration, festival; 祝う (いわう·2) = to congratulate, to celebrate; 祝宴 (しゅくえん·0) = (celebration) banquet; 祝賀 (しゅくが·0,2) = celebration, congratulations",今日は祝日です。,,今日 は 祝日 です,口 礼 儿,"舌,石,競"
宿,"inn, lodging, relay station, dwell, lodge, be pregnant, home, dwelling","シュク; やど, やど.る, やど.す","下宿 (げしゅく·0) = boarding, lodging, boarding house; 寄宿 (きしゅく·0) = lodging; 寄宿舎 (きしゅくしゃ·3) = boarding house, school dormitory; 合宿 (がっしゅく·0) = lodging together, training camp, boarding house; 国民宿舎 (こくみんしゅくしゃ·6) = national youth hostels",宿題で忙しい。,,宿題 で(#2028980) 忙しい(いそがしい),化 白 宀,"伯,縮,優"
柔,"tender, weakness, gentleness, softness","ジュウ, ニュウ; やわ.らか, やわ.らかい, やわ, やわ.ら","懐柔 (かいじゅう·0) = conciliation; 柔道 (じゅうどう·1) = judo; 柔軟 (じゅうなん·0) = flexible, lithe, soft, pliable; 柔和 (にゅうわ·0) = gentleness, mildness, meekness; 柔らか (やわらか·3,4) = soft, tender, limp, subdued (colour or light) (color), gentle, meek",柔よく剛を制す。,,柔(じゅう) 良く 剛 を 制する,矛 木 マ,"矛,橘,麻"
舟,"boat, ship","シュウ; ふね, ふな-, -ぶね","呉越同舟 (ごえつどうしゅう·1) = bitter enemies (placed by fate) in the same boat; 舟橋 (ふなはし) = pontoon; 舟艇 (しゅうてい·0) = boat, watercraft; 助け舟 (たすけぶね·4,3) = timely help; 釣り舟 (つりぶね·0) = fishing boat",舟は行方不明だ。,,船(ふね) は 行方不明 だ,,
拾,"pick up, gather, find, go on foot, ten","シュウ, ジュウ; ひろ.う","収拾 (しゅうしゅう·0) = control, settling, coping; 拾いもの (ひろいもの·0) = a find, windfall, bargain; 拾う (ひろう·0) = to pick up, to find, to gather; 拾得 (しゅうとく·0) = picking up, finding",拾った者が持ち主。,,拾う 者(もの) が 持ち主,口 个 扎 一,"搭,含,吟"
修,"discipline, conduct oneself well, study, master","シュウ, シュ; おさ.める, おさ.まる","改修 (かいしゅう·0) = repair, improvement; 監修 (かんしゅう·0) = supervision; 研修 (けんしゅう·0) = training (esp. in-service), induction course; 研修員 (けんしゅういん) = trainee; 修める (おさめる·3) = to study, to complete (a course), to cultivate, to master, to order (one's life), to repair (a fault one has committed)",修理が必要だ。,,修理 が 必要 だ,｜ 化 彡 攵 乞,"脩,悠,倣"
州,"state, province","シュウ, ス; す","欧州 (おうしゅう·1) = Europe; 九州 (きゅうしゅう·1) = Kyushu (southernmost of the four main islands of Japan); 広州 (こうしゅう) = Guangzhou (China), Canton; 州 (しゅう·1) = state, province; 加州 (かしゅう) = State of California",彼は九州へ旅立った。,,彼(かれ) は 九州 へ 旅立つ,｜ 川 丶,"酬,洲,否"
周,"circumference, circuit, lap",シュウ; まわ.り,"一周忌 (いっしゅうき·3) = first anniversary of death; 一周年 (いっしゅうねん·3) = one full year; 外周 (がいしゅう·0) = outer circumference; 高周波 (こうしゅうは·3) = high frequency, HF; 周 (ぐるり·1) = surroundings",僕は周りを見回した。,,僕(ぼく) は 周り を 見回す,口 土 冂,"週,調,彫"
収,"income, obtain, reap, pay, supply, store","シュウ; おさ.める, おさ.まる","押収 (おうしゅう·0) = seizure, confiscation; 回収 (かいしゅう·0) = collection, recovery; 吸収 (きゅうしゅう·0) = absorption, suction, attraction; 月収 (げっしゅう·0) = monthly income; 減収 (げんしゅう·0) = fall, decrease (in income)",綿は水を吸収する。,,綿(わた) は 水(みず) を 吸収 為る(する),｜ 又,"皮,捜,段"
授,"impart, instruct, grant, confer","ジュ; さず.ける, さず.かる","教授 (きょうじゅ·0,1) = teaching, instruction, professor; 授かる (さずかる·3) = to be gifted, to be awarded; 授ける (さずける·3) = to grant, to award, to teach; 授業 (じゅぎょう·1) = lesson, class work; 授業料 (じゅぎょうりょう·2) = school fees",私は教授です。,,私(わたし) は 教授 です,爪 又 冖 扎,"受,皮,援"
受,"accept, undergo, answer (phone), take, get, catch, receive","ジュ; う.ける, -う.け, う.かる","感受性 (かんじゅせい·0) = sensitivity; 甘受 (かんじゅ·1) = submission to, putting up with; 享受 (きょうじゅ·1) = reception, acceptance, enjoyment, being given; 見受ける (みうける·0,3) = to catch sight of, to see, to suppose; 軸受け (じくうけ·0,4) = bearing (eg wheel)",受験に落ちた。,,受験 に 落ちる,爪 又 冖,"授,皮,浸"
酒,"sake, alcohol","シュ; さけ, さか-","飲酒 (いんしゅ·0) = drinking alcohol (sake); 居酒屋 (いざかや·0,3) = bar, pub, tavern; 禁酒 (きんしゅ·0) = prohibition, temperance, abstinence; 造酒屋 (つくりざかや·4) = sake brewer, sake brewery; お酒 (おさけ) = alcohol, sake",彼は禁酒した。,,彼(かれ) は 禁酒 為る(する),汁 酉,"配,淡,浪"
種,"species, kind, class, variety, seed","シュ; たね, -ぐさ","亜種 (あしゅ·1) = sub-species; 異種 (いしゅ·1) = different kind (species, variety), heterologous, heterogenous; 育種 (いくしゅ·0) = (plant) breeding; 一種 (ひとくさ·2) = species, kind, variety; 火種 (ひだね·0,2) = live coals (for firelighting), remains of fire",苦は楽の種。,,苦 は 楽(らく) の 種(たね),｜ 禾 日 里 ノ,"昨,香,曲"
守,"guard, protect, defend, obey","シュ, ス; まも.る, まも.り, もり, -もり, かみ","お守 (おもり·0) = charm, amulet, looking after; 看守 (かんしゅ·0,1) = jailer, gaoler; 見守る (みまもる·0,3) = to watch over, to watch attentively; 厳守 (げんしゅ·1) = strict observance; 攻守 (こうしゅ·1) = offense and defense, offence and defence, batting and fielding",母は留守です。,,母(はは) は 留守 です,寸 宀,"狩,討,耐"
取,"take, fetch, take up","シュ; と.る, と.り, と.り-, とり, -ど.り","引取る (ひきとる·3) = to take charge of, to take over, to retire to a private place; 横取り (よこどり·0) = usurpation, snatching, seizure; 下取り (したどり·0) = trade in, part exchange; 刈取る (かりとる·3) = to mow, to reap, to harvest; 感じ取る (かんじとる·4) = to feel",キーを取って。,,キー(#1040680) を 取る,耳 又,"趣,皮,最"
若,"young, if, perhaps, possibly, low number, immature","ジャク, ニャク, ニャ; わか.い, わか-, も.しくわ, も.し, も.しくは","若い (わかい·2) = young; 若さ (わかさ·1) = youth; 若干 (じゃっかん·0) = some, few, number of; 若者 (わかもの·0) = young man, youth, lad; 若手 (わかて·0) = young person",僕は若い。,,僕(ぼく) は 若い,ノ 一 口 艾,"諾,蒼,右"
捨,"discard, throw away, abandon, resign, reject, sacrifice",シャ; す.てる,"見捨てる (みすてる·0) = to abandon, to fail, to desert; 呼び捨て (よびすて·0) = addressing someone by last name only, without affixing 'san'; 四捨五入 (ししゃごにゅう·1) = rounding up (esp. fractions); 取捨 (しゅしゃ·1) = choice, option, rejection or adoption",僕は見捨てない。,,僕(ぼく) は 見捨てる,口 土 个 扎,"舎,吐,拾"
実,"reality, truth","ジツ, シツ; み, みの.る, まこと, まことに, みの, みち.る","忠実 (ちゅうじつ·0) = faithful, loyal, devoted, hardworking, painstaking, diligent, healthy, fit; 果実 (かじつ·1) = fruit, nut, berry; 核実験 (かくじっけん·3) = nuclear (bomb) test; 確実 (かくじつ·0) = certainty, reliability, soundness; 既成事実 (きせいじじつ·4) = established fact",パー確実だ。,,パー(#1100380) 確実 だ,士 大 宀,"突,寮,寄"
湿,"damp, wet, moist","シツ, シュウ; しめ.る, しめ.す, うるお.う, うるお.す","陰湿 (いんしつ·0) = malicious, spiteful, vicious, devious, underhanded, sly, damp and shady; 湿り (しめり·0) = dampness, humidity, moisture; 湿る (しめる·0) = to be wet, to become wet, to be damp; 湿気 (しっき·0) = moisture, humidity, dampness; 湿原 (しつげん·0) = marshy grassland, wetlands",湿疹の方は？,,湿疹 の 方(ほう) は,｜ 汁 日,"油,曲,旧"
失,"lose, error, fault, disadvantage, loss","シツ; うしな.う, う.せる","遺失 (いしつ·0) = loss; 栄養失調 (えいようしっちょう·5) = malnutrition; 過失 (かしつ·0) = negligence, fault, error, blunder, accident; 見失う (みうしなう·0,4) = to lose sight of, to miss; 失う (うしなう·0) = to lose, to part with",どうも失礼。,,どうも 失礼,ノ 人 二 大,"葵,邦,芙"
識,"discriminating, know, write",シキ,"意識 (いしき·1) = consciousness, senses; 学識 (がくしき·0) = scholarship, scientific attainments; 鑑識 (かんしき·0) = judgement, judgment, discernment, discrimination, having eye for; 見識 (けんしき·0) = views, opinion, discernment, pride, self-respect; 自意識 (じいしき·2) = self-consciousness",彼は非常識だ。,,彼(かれ) は 非常識 だ,音 言 日 立 戈,"職,織,章"
式,"style, ceremony, rite, function, method, system, form, expression",シキ,"一式 (いっしき·0,4) = complete set, all, everything; 格式 (かくしき·0) = social status; 株式 (かぶしき·2) = stock (company); 株式会社 (かぶしきがいしゃ·5) = public company, corporation, KK, formula for an incorporated public company; 儀式 (ぎしき·1) = ceremony, rite, ritual, service",その車は最新式だ。,,其の 車(くるま) は 最新式 だ,工 弋,"虹,江,武"
辞,"resign, word, term, expression","ジ; や.める, いな.む","御辞儀 (おじぎ·0) = bow; 御世辞 (おせじ·0) = flattery, compliment; 固辞 (こじ·1) = decline positively; 広辞苑 (こうじえん) = Koujien (famous Japanese Dictionary); 賛辞 (さんじ·1) = eulogy, compliment",彼は辞職した。,,彼(かれ) は 辞職 為る(する),口 十 辛 舌 立,"辛,叶,古"
示,"show, indicate, point out, express, display","ジ, シ; しめ.す","暗示 (あんじ·0) = hint, suggestion; 意思表示 (いしひょうじ·3) = declaration of intention; 開示 (かいじ·1) = disclosure (legal); 教示 (きょうし·0,1) = instruction, teaching; 訓示 (くんじ·0) = instruction, direction",例を示しましょう。,,例(れい) を 示す,二 小,"禁,票,宗"
治,"reign, be at peace, calm down, subdue, quell, govt, cure, heal, rule, conserve","ジ, チ; おさ.める, おさ.まる, なお.る, なお.す","根治 (こんち·1) = complete (radical) cure; 治まる (おさまる·3) = to be at peace, to clamp down, to lessen (storm, terror, anger); 治める (おさめる·3) = to govern, to manage, to subdue; 治安 (ちあん·0,1) = public order; 治水 (ちすい·0) = flood control",風が治まった。,,風(かぜ) が 治まる,口 汁 厶,"舌,石,胎"
次,"next, order, sequence","ジ, シ; つ.ぐ, つぎ","月次 (げつじ·0) = every month, trite, common; 五十三次 (ごじゅうさんつぎ·4) = the 53 Toukaidou stages; 三次元 (さんじげん·3) = three dimensions; 事務次官 (じむじかん·3) = permanent vice-president, undersecretary, vice-minister; 次いで (ついで·0) = next, secondly, subsequently",君次第だよ。,,君(きみ) 次第 だ よ,欠 冫,"盗,姿,諮"
寺,Buddhist temple,ジ; てら,"山寺 (やまでら·2) = mountain temple; 寺 (てら·2,0) = temple; 寺院 (じいん·1) = temple; 禅寺 (ぜんでら·0) = Zen temple; 末寺 (まつじ·1,0) = branch temple",寺の隣に鬼が住む。,,寺(てら) 之(の) 隣 に 鬼 が 住む,寸 土,"封,詩,時"
児,"newborn babe, child, young of animals","ジ, ニ, ゲイ; こ, -こ, -っこ","遺児 (いじ·1) = orphan; 育児 (いくじ·1) = childcare, nursing, upbringing; 園児 (えんじ·1) = kindergarten pupil; 孤児院 (こじいん·2) = orphanage",彼は戦災孤児だ。,,彼(かれ) は 戦災孤児 だ,｜ 日 儿,"曲,旧,晶"
似,"becoming, resemble, counterfeit, imitate, suitable","ジ; に.る, ひ.る","酷似 (こくじ·0,1) = resemblance, resemble; 似せる (にせる·0) = to copy, to imitate, to counterfeit, to forge; 似る (にる·0) = to resemble, to be similar; 似顔 (にがお·0) = portrait, likeness; 似合い (にあい·0) = well-matched, becoming, suitable",似た者夫婦。,,似た者 夫婦,化 人 丶,"亥,該,核"
歯,"tooth, cog","シ; よわい, は, よわ.い, よわい.する","奥歯 (おくば·1) = molars, back teeth; 義歯 (ぎし·1) = artificial tooth; 歯 (は·1) = tooth; 歯ブラシ (はブラシ·2) = toothbrush; 歯医者 (はいしゃ·1) = dentist",歯が痛い。,,歯 が 痛い,止 米 凵,"齢,凹,迷"
資,"assets, resources, capital, funds, data, be conducive to, contribute to",シ,"外資 (がいし·1) = foreign capital; 学資 (がくし·0) = school expenses, education fund; 軍資金 (ぐんしきん·0,3) = war funds, campaign funds; 固定資産 (こていしさん·4) = fixed assets; 資格 (しかく·0) = qualifications, requirements, capabilities",彼は資産家だ。,,彼(かれ) は 資産家 だ,貝 目 ハ 欠 冫,"買,貝,次"
誌,"document, records",シ,"雑誌 (ざっし·0) = journal, magazine, periodical; 誌 (し) = records, document, magazine; 誌上 (しじょう·0) = in a magazine; 誌面 (しめん·1) = page of a magazine; 書誌 (しょし·1) = bibliography",雑誌をくれないか。,,雑誌 を 呉れる か,言 士 心,"志,詰,読"
詞,"part of speech, words, poetry",シ,"歌詞 (かし·1) = song lyrics, words of a song; 形容詞 (けいようし·3) = (true) adjective; 固有名詞 (こゆうめいし·4) = proper noun; 作詞 (さくし·0) = song making; 祝詞 (のと·0,2) = Shinto ritual prayer, congratulatory address",「ああ」は感嘆詞だ。,,嗚呼 は 感嘆詞 だ,言 口 亅 一,"訂,司,可"
脂,"fat, grease, tallow, lard, rosin, gum, tar",シ; あぶら,"合成樹脂 (ごうせいじゅし·5) = plastics, synthetic resins; 脂っこい (あぶらっこい·5) = greasy, fatty, oily; 脂肪 (しぼう·0) = fat, grease, blubber; 脂肪酸 (しぼうさん·0) = fatty acid; 樹脂 (じゅし·1) = resin, rosin",あたし、低脂肪乳ね。,,私(あたし) 低脂肪乳 ね,月 日 匕,"旨,老,朋"
糸,thread,シ; いと,"横糸 (よこいと·0) = woof; 蚕糸 (さんし·1) = silk thread, silk yarn; 糸 (いと·1) = thread, yarn, string; 生糸 (きいと·1) = raw silk thread; 毛糸 (けいと·0) = knitting wool",この糸はすぐもつれる。,,此の 糸(いと) は 直ぐ 縺れる,幺 小,"緋,維,絶"
枝,"bough, branch, twig, limb, counter for branches",シ; えだ,"枯れ枝 (かれえだ·0) = dead branch; 枝 (えだ·0) = branch, bow, bough, twig, limb; 枝豆 (えだまめ·0) = edamame (green soybeans); 小枝 (こえだ·0) = twig, spray; 大枝 (おおえだ) = large branch",鳥は枝に止まった。,,鳥 は 枝(えだ) に 止まる(とまる),支 木 十 又,"桑,支,肢"
支,"branch, support, sustain","シ; ささ.える, つか.える, か.う","気管支 (きかんし·2) = bronchial tube; 支援 (しえん·0) = support, backing, aid; 支給 (しきゅう·0) = provision, supply, payment, allowance, grant; 支局 (しきょく·2,0) = branch office",小切手で支払う。,,小切手 で(#2028980) 支払う,十 又,"肢,皮,汁"
指,"finger, point to, indicate, put into, play (chess), measure (ruler)","シ; ゆび, さ.す, -さ.し","屈指 (くっし·0,1) = leading, foremost, preeminent, outstanding, one of the best; 指 (ゆび·2) = finger; 指し示す (さししめす·4,0) = to indicate, to show, to point to; 指す (さす·1) = to point, to put up umbrella, to play; 指圧 (しあつ·0) = finger pressure massage or therapy",指を切りました。,,指 を 切る,日 匕 扎,"掲,旨,老"
志,"intention, plan, resolve, aspire, motive, hopes, shilling","シ, シリング; こころざ.す, こころざし","意志 (いし·1) = will, volition; 遺志 (いし·1) = dying wish; 志 (こころざし·0) = will, intention, motive; 志す (こころざす·4) = to plan, to intend, to aspire to, to set aims (sights on); 志願 (しがん·1) = aspiration, volunteering, desire",立志伝中の人。,,立志伝 中(ちゅう) の 人(ひと),士 心,"誌,悲,恥"
師,"expert, teacher, master, army, war",シ,"医師 (いし·1) = doctor, physician; 医師会 (いしかい·2,3) = medical association; 恩師 (おんし·1) = one's honoured teacher, one's honored teacher; 家庭教師 (かていきょうし·4) = tutor, coach; 技師 (ぎし·1) = engineer, technician",彼は教師です。,,彼(かれ) は 教師 です,｜ 一 巾 口,"帥,亜,中"
史,"history, chronicle",シ,"国史 (こくし·0,1) = history of a nation, Japanese history; 史家 (しか·1,2) = historian; 史学 (しがく·1) = study of history; 史観 (しかん·0,1) = historical view; 史実 (しじつ·1,0) = historical fact",歴史は繰り返す。,,歴史 は 繰り返す,ノ 口,"呂,宮,告"
司,"director, official, govt office, rule, administer",シ; つかさど.る,"宮司 (ぐうじ·1) = (Shinto) chief priest; 公司 (こうし·1) = company, firm (in China); 行司 (ぎょうじ·0,3) = sumo referee; 司会 (しかい·0) = chairmanship, leading a meeting; 司会者 (しかいしゃ·2) = chairman, moderator, toastmaster, master of ceremonies, chairperson",寿司が嫌いです。,,寿司 が 嫌い です,一 口 亅,"可,阿,詞"
刺,"thorn, pierce, stab, prick, sting, calling card","シ; さ.す, さ.さる, さ.し, さし, とげ","刺さる (ささる·2) = to stick, to be stuck; 刺し (さし·2) = sharpened tube for testing rice in bags; 刺し殺す (さしころす·4,0) = to stab to death; 刺し網 (さしあみ·0,2) = gill net; 刺す (さす·1) = to pierce, to stab, to prick, to thrust, to bite, to sting, to pin down, to stitch, to put (a runner) out, to pole (a boat), to catch (with a line), to stick",蚊が刺した。,,蚊 が 刺す,刈 巾 ハ 木 亅 冂,"策,八,棋"
伺,"pay respects, visit, ask, inquire, question, implore",シ; うかが.う,"伺う (うかがう·0) = to visit, to ask, to inquire, to hear, to be told, to implore (a god for an oracle), to seek direction (from your superior); 進退伺い (しんたいうかがい·5) = informal (unofficial) resignation; 伺い (うかがい·0) = inquiry, enquiry, question, call, consulting the oracle, visit",明日お宅に伺います。,,明日 お宅 に 伺う,化 口 亅 一,"何,荷,司"
残,"remainder, leftover, balance","ザン, サン; のこ.る, のこ.す, そこな.う, のこ.り","居残り (いのこり·0) = detention; 居残る (いのこる·3) = to stay behind, to remain, to work overtime; 残り (のこり·3) = remnant, residue, remaining, left-over; 残る (のこる·2) = to remain, to be left; 残虐 (ざんぎゃく·0) = cruelty, brutality",残念だ！,,残念 だ,歹 戈 二,"銭,浅,桟"
賛,"approve, praise, title or inscription on picture, assist, agree with","サン; たす.ける, たた.える","協賛 (きょうさん·0) = support, mutual aid, cooperation, approval, authorization, authorisation; 賛歌 (さんか·1) = praise, admiration; 賛辞 (さんじ·1) = eulogy, compliment; 賛助 (さんじょ·1) = support, patronage; 賛成 (さんせい·0) = approval, agreement, support, favour, favor",大賛成です。,,大賛成 です,貝 目 ハ 人 大 二 亠,"夫,責,買"
算,"calculate, divining, number, abacus, probability",サン; そろ,"暗算 (あんざん·0) = mental arithmetic; 演算 (えんざん·0) = operation; 加算 (かさん·0,1) = addition, adding; 概算 (がいさん·0) = approximation, rough estimate; 換算 (かんざん·0) = conversion, change, exchange",ご破算にしよう。,,ご破算 に 為る(する),竹 目 廾 乞,"箱,竹,筆"
散,"scatter, disperse, spend, squander","サン; ち.る, ち.らす, -ち.らす, ち.らかす, ち.らかる, ばら","一目散に (いちもくさんに·3) = at full speed; 雲散霧消 (うんさんむしょう·0) = vanishing like mist; 解散 (かいさん·0) = breakup, dissolution; 拡散 (かくさん·0) = scattering, diffusion, spread (eg signal across the spectrum); 閑散 (かんさん·0) = leisure, quiet, inactivity",散歩をした。,,散歩 を 為る(する),月 攵 廾 二 乞,"竹,朋,脩"
参,"nonplussed, three, going, coming, visiting, visit, be defeated, die, be madly in love","サン, シン; まい.る, まい-, まじわる, みつ","御参り (おまいり·0) = worship, shrine visit; 古参 (こさん·0) = seniority, long service; 降参 (こうさん·0) = giving in to; 参 (さん·0,1) = three (used in legal documents); 参った (まいった·1) = I'm beaten, I give up",前記参照。,,前記 参照,一 厶 彡,"惨,至,雲"
皿,"dish, a helping, plate",ベイ; さら,"灰皿 (はいさら·0) = ashtray; お皿 (おさら) = plate, dish; 皿洗い (さらあらい·3) = washing-up, dish-washing; 受け皿 (うけざら·2,0) = saucer, receptacle for things, receiving something (eg funds); 小皿 (こざら·0,1) = small dish",灰皿を下さい。,,灰皿 を 下さい,,
雑,miscellaneous,"ザツ, ゾウ; まじ.える, まじ.る","雑える (まじえる·3) = to mix, to converse with, to cross (swords); 雑ぜる (まぜる·2) = to mix, to stir, to blend; 混雑 (こんざつ·1) = confusion, congestion; 雑 (ざつ·(形動)0,(名)1) = rough, crude; 雑音 (ざつおん·0) = noise (jarring, grating)",この犬は雑種だ。,,此の 犬 は 雑種 だ,木 隹 九,"椎,染,枠"
殺,"kill, murder, butcher, slice off, split, diminish, reduce, spoil","サツ, サイ, セツ; ころ.す, -ごろ.し, そ.ぐ","あっ殺 (あっさつ·0) = crushing to death; 暗殺 (あんさつ·0) = assassination; 皆殺し (みなごろし·0) = massacre, annihilation, wholesale slaughter; 虐殺 (ぎゃくさつ·0) = atrocity, massive killing; 見殺し (みごろし·0) = letting (someone) die without helping",君は殺人犯だ。,,君(きみ) は 殺人犯 だ,木 殳 ノ 丶 几 又,"殴,桑,机"
札,"tag, paper money, counter for bonds, placard, bid",サツ; ふだ,"改札 (かいさつ·0) = examination of tickets; 札 (ふだ·0) = token, label, ticket, card, charm, talisman; 札束 (さつたば·0,3) = roll of banknotes; 入札 (にゅうさつ·0) = bid, bidding; 名札 (なふだ·0) = name plate, name tag",札幌の出身です。,,札幌 の 出身 です,乙 木,"礼,麻,閑"
察,"guess, presume, surmise, judge, understand",サツ,"監察 (かんさつ·0) = inspection, inspector; 監察医 (かんさつい·4) = medical coroner, medical examiner; 観察 (かんさつ·0) = observation, survey; 警察 (けいさつ·0) = police; 警察署 (けいさつしょ·5,0) = police station",警察を呼んで！,,警察 を 呼ぶ,ノ 示 二 小 宀 癶,"擦,宗,際"
刷,"printing, print","サツ; す.る, -ず.り, -ずり, は.く","印刷 (いんさつ·0) = printing; 印刷機 (いんさつき·4,3) = printing press; 刷り込む (すりこむ·3,0) = to insert (an illustration), to stencil (a pattern); 刷る (する·1) = to print; 刷新 (さっしん·0) = reform, renovation",この本は英国で印刷された。,,此の 本(ほん) は 英国 で(#2028980) 印刷 為れる,刈 巾 尸,"製,制,刺"
冊,"tome, counter for books, volume","サツ, サク; ふみ","冊 (さつ·0) = volume, counter for books; 冊子 (さっし·1,0) = book, booklet, story book, pamphlet, notebook; 冊数 (さっすう·3) = number of books; 短冊 (たんざく·0,4) = small vertical card for poem; 分冊 (ぶんさつ·0) = separate volume, fascicle, fascicule",この小冊子は無料だ。,,此の 小冊子 は 無料 だ,｜ 一 亅 冂 廾,"嗣,了,丁"
昨,"yesterday, previous",サク,"一昨 (いっさく·0) = one previous; 昨今 (さっこん·1) = nowadays, recently; 昨春 (さくしゅん·0) = last spring, the spring of last year; 昨年 (さくねん·0) = last year; 昨晩 (さくばん·2) = last night",彼は昨日死んだ。,,彼(かれ) は 昨 日(ひ) 死ぬ,｜ ノ 日,"曲,旧,種"
咲,"blossom, bloom","ショウ; さ.く, -ざき","遅咲き (おそざき·0) = late flower, late blooming; 返咲き (かえりざき·0) = comeback (eg in business), second bloom, reflowering, reflorescence; 早咲き (はやざき·0) = early blooming, early flowering; 咲き誇る (さきほこる·4) = to be in fullness of bloom",花は咲く。,,花 は 咲く,口 人 大 二 并 一,"券,天,関"
坂,"slope, incline, hill",ハン; さか,"下り坂 (くだりざか·0) = descent, downhill, decline, waning; 坂 (さか·2,1) = slope, hill; 坂道 (さかみち·2) = hill road; 上り坂 (のぼりざか·0) = ascent, upgrade",その坂道を下ろう。,,其の 坂道 を 下る(くだる),土 又 厂,"圧,反,皮"
財,"property, money, wealth, assets","ザイ, サイ, ゾク","家財 (かざい·1) = household belongings (goods); 財 (ざい·1) = fortune, riches; 財界 (ざいかい·0) = financial world; 財源 (ざいげん·0,3) = source of funds, resources, finances; 財産 (ざいさん·1,0) = property, fortune, assets",ほら財布だ。,,ほら 財布 だ,ノ 一 貝 目 ハ 亅,"頂,賄,貯"
罪,"guilt, sin, crime, fault, blame, offense",ザイ; つみ,"軽犯罪 (けいはんざい·3) = minor offence, minor offense, misdemeanor, misdemeanour; 功罪 (こうざい·0) = both good and bad, merits and demerits; 罪 (つみ·1) = crime, fault, indiscretion, sin; 罪悪 (ざいあく·1) = crime, sin, vice; 罪状 (ざいじょう·0) = charges, nature of offence, nature of offense",君は謝罪すべきだ。,,君(きみ) は 謝罪 す可き だ,買 非,"輩,斐,排"
材,"lumber, log, timber, wood, talent",ザイ,"逸材 (いつざい·0) = outstanding talent; 画材 (がざい·0) = matter for painting; 角材 (かくざい·0,2) = squared timber; 器材 (きざい·1) = tools and materials, equipment and materials; 機材 (きざい·1) = machine parts, machinery, equipment",材質は何ですか。,,材質 は 何(なに) ですか,ノ 一 木 亅,"才,丞,本"
在,"exist, outskirts, suburbs, located in",ザイ; あ.る,"介在 (かいざい·0) = mediation, interposition, intervention; 健在 (けんざい·0) = in good health, well; 顕在 (けんざい·0) = actual (as opposed to hidden or obscured), actualized, actualised; 現在 (げんざい·1) = present day, up to now, nowadays, modern times, current; 混在 (こんざい·0) = mixture",大阪在住です。,,大阪 在住 です,｜ ノ 一 土,"垂,乃,丑"
際,"occasion, side, edge, verge, dangerous, adventurous, indecent, time, when","サイ; きわ, -ぎわ","真際 (まぎわ·1) = on the verge of, just before, on the point of; 交際 (こうさい·0) = company, friendship, association, society, acquaintance; 交際費 (こうさいひ·3) = entertainment expenses; 国際 (こくさい·0) = international; 国際化 (こくさいか·0) = internationalization, internationalisation",際どかった。,,際どい,ノ 示 二 小 癶 阡,"察,擦,祭"
細,"dainty, get thin, taper, slender, narrow","サイ; ほそ.い, ほそ.る, こま.か, こま.かい","亜細亜 (あじあ) = Asia; 細細 (ほそぼそ·3) = very narrow, poor; 細い (ほそい·2) = thin, slender, fine; 細か (こまか·2,3) = small, fine, detailed, stingy; 細かい (こまかい·3) = small, fine, minute",彼は繊細だ。,,彼(かれ) は 繊細 だ,糸 幺 小 田,"累,紳,紬"
祭,"ritual, offer prayers, celebrate, deify, enshrine, worship","サイ; まつ.る, まつ.り, まつり",慰霊祭 (いれいさい·2) = memorial service; 冠婚葬祭 (かんこんそうさい·0) = important ceremonial occasions in family relationships; 祭神 (さいしん·0) = enshrined deity; 祭壇 (さいだん·0) = altar; 祭典 (さいてん·0) = festival,後の祭り。,,後の祭り,示 二 小 个 癶,"示,際,察"
済,"finish, come to an end, excusable, need not","サイ, セイ; す.む, -ず.み, -ずみ, す.まない, す.ます, -す.ます, すく.う, な.す, わたし, わた.る","完済 (かんさい·0) = full payment, liquidation; 救済 (きゅうさい·0) = relief, aid, rescue, salvation, help; 共済 (きょうさい·0) = mutual aid; 経済 (けいざい·1) = economics, business, finance, economy; 経済界 (けいざいかい·3) = economic world, financial circles",あの女は用済みだ。,,彼の(あの) 女(おんな) は 用済み だ,｜ ノ 汁 文 廾 斉,"斉,剤,斎"
歳,"year-end, age, occasion, opportunity","サイ, セイ; とし, とせ, よわい","歳月 (としつき·2) = time, years; 歳出 (さいしゅつ·0) = annual expenditure; 歳入 (さいにゅう·0) = annual revenue or income; 歳費 (さいひ·1) = annual expenditure; 歳暮 (せいぼ·0) = end of the year, year-end gift",女王万歳。,,女王 万歳(ばんざい),ノ 止 小 戈,"成,少,渉"
採,"pick, take, fetch, take up",サイ; と.る,"採掘 (さいくつ·0) = mining; 採決 (さいけつ·0,1) = vote, roll call; 採血 (さいけつ·0) = drawing blood, collecting blood; 採算 (さいさん·0) = profit; 採取 (さいしゅ·1,0) = picking, collecting, harvesting",採点しましたか。,,採点 為る(する) か,爪 木 扎,"采,彩,操"
才,"genius, years old, cubic shaku",サイ,"鬼才 (きさい·0) = wizard, genius, great talent; 才覚 (さいかく·0) = ready wit, raising (money), plan, device; 才気 (さいき·1) = wisdom; 才人 (さいじん·0) = talented person, clever person; 才能 (さいのう·0) = talent, ability",彼は天才だ。,,彼(かれ) は 天才 だ,ノ 一 亅,"丞,閉,材"
妻,"wife, spouse",サイ; つま,"愛妻 (あいさい·0) = beloved wife; 稲妻 (いなづま·0) = (flash of) lightning; 後妻 (ごさい·0) = second wife; 妻 (つま·1,2) = wife; 妻子 (さいし·1) = wife and children",稲妻が光った。,,稲妻 が 光る,｜ ヨ 一 女,"慧,嫌,兼"
最,"utmost, most, extreme","サイ, シュ; もっと.も, つま","最も (もっとも·3) = most, extremely; 最愛 (さいあい·0) = beloved; 最悪 (さいあく·0) = the worst; 最寄 (もより·0) = nearest, neighbouring, neighboring, nearby; 最期 (さいご·1) = one's last moment, one's time of death",最近どうだ？,,最近 如何(どう) だ,一 耳 日 又,"暇,晋,旦"
再,"again, twice, second time","サイ, サ; ふたた.び","再び (ふたたび·0) = again, once more, a second time; 再演 (さいえん·0) = another showing (of a play), recapitulation (biology); 再会 (さいかい·0) = another meeting, meeting again, reunion; 再開 (さいかい·0) = reopening, resumption, restarting; 再起 (さいき·1) = comeback, recovery, restoration, rally, reflexive (in grammar)",再発しますか。,,再発 為る(する) か,｜ 一 冂 王,"凸,円,両"
座,"squat, seat, cushion, gathering, sit",ザ; すわ.る,"一座 (いちざ·2) = party, those present, troupe, first seat; 王座 (おうざ·1) = throne; 下座 (げざ·1) = squatting, musicians' box on the left side of the stage; 居座り (いすわり·0) = remaining; 銀座 (ぎんざ·0) = Ginza (shopping district in Tokyo), (Edo period) silver mint",座りなよ。,,座る な よ,｜ 土 人 广,"庄,圭,赳"
砂,sand,"サ, シャ; すな","黒砂糖 (くろざとう·3) = brown sugar; 砂 (すな·0) = sand, grit; 砂岩 (さがん·1) = sandstone; 砂場 (すなば·0) = sand pit; 砂地 (すなち·0) = sandy soil",砂糖がないよ。,,砂糖 が 無い よ,ノ 口 小 石,"少,呂,史"
査,investigate,サ,"監査役 (かんさやく·0,3) = auditor, inspector; 検査 (けんさ·1) = inspection (eg customs, factory), examination; 考査 (こうさ·1) = examination, consideration, test, quiz; 査察 (ささつ·0) = inspection (for compliance), investigation (tax, etc.); 査証 (さしょう·0) = visa",会計監査があった。,,会計監査 が 有る,一 木 目,"相,本,且"
差,"distinction, difference, variation, discrepancy, margin, balance","サ; さ.す, さ.し","雲泥の差 (うんでいのさ) = wide difference, a world of difference; 格差 (かくさ·1) = qualitative difference, disparity; 個人差 (こじんさ·2) = individual differences, personal equation; 誤差 (ごさ·1) = measurement error, calculation error",時差ボケで辛い。,,時差ぼけ で(#2028980) 辛い(つらい),ノ 王 工 并 羊,"瑳,嵯,羊"
混,"mix, blend, confuse","コン; ま.じる, -ま.じり, ま.ざる, ま.ぜる, こ.む","混合う (こみあう·3,0) = to be crowded, to be packed, to be jammed; 混ぜ物 (まぜもの·2) = mixture, adulteration; 混血 (こんけつ·0) = mixed race, mixed parentage; 混合 (こんごう·0) = mixing, mixture, meld, miscegenation; 混在 (こんざい·0) = mixture",そこは混んでた？,,其処(そこ) は 混む,汁 日 比,"昆,晶,昌"
根,"root, radical, head (pimple)","コン; ね, -ね","屋根 (やね·1) = roof; 禍根 (かこん·0) = root of evil; 垣根 (かきね·2,3) = hedge; 球根 (きゅうこん·0) = (plant) bulb; 根 (ね·1) = root",彼は根が優しい。,,彼(かれ) は 根(ね) が 優しい,艮 木,"概,良,麻"
婚,marriage,コン,"冠婚葬祭 (かんこんそうさい·0) = important ceremonial occasions in family relationships; 既婚 (きこん·0) = marriage, married; 金婚式 (きんこんしき·3) = golden wedding anniversary; 結婚 (けっこん·0) = marriage; 結婚式 (けっこんしき·3) = marriage ceremony, wedding",結婚は身の枷。,,結婚 は 身(み) の 枷,氏 女 日,"晶,昌,晏"
困,"quandary, become distressed, annoyed",コン; こま.る,"困る (こまる·2) = to be worried, to be bothered; 困窮 (こんきゅう·0) = poverty, distress; 困難 (こんなん·1) = difficulty, distress; 困惑 (こんわく·0) = bewilderment, disturbance",挨拶に困った。,,挨拶 に 困る,木 囗,"口,麻,閑"
込,"crowded, mixture, in bulk, included, (kokuji)","-こ.む, こ.む, こ.み, -こ.み, こ.める","意気込む (いきごむ·3) = to be enthusiastic about; 引き込む (ひきこむ·3) = to draw in, to win over; 引っ込み (ひっこみ·0) = retreat, retirement, depression (hole); 引込思案 (ひっこみじあん·5) = reserved, introverted, reticent, shy, withdrawn; 引っ込む (ひっこむ·3) = to draw back, to sink, to cave in",税込みですよ。,,税込み です よ,入,久
骨,"skeleton, bone, remains, frame",コツ; ほね,"遺骨 (いこつ·0) = remains, ashes of deceased; 気骨 (きこつ·0) = (moral) backbone, spirit, soul, grit; 硬骨 (こうこつ·0) = hard bone, firmness, uncompromising; 骨 (ほね·2) = bone; 骨骼 (こっかく·0) = physique, build, frame, skeletal structure, framework",それは骨折り損だ。,,其れ は 骨折り損 だ,月 冖 冂,"滑,朋,胴"
腰,"loins, hips, waist, low wainscoting",ヨウ; こし,"丸腰 (まるごし·0) = unarmed; 及び腰 (およびごし·0) = bent back, indecisive attitude; 腰 (こし·0) = back, lower back, waist, hips; 腰掛る (こしかける·4) = to sit (down); 腰掛 (こしかけ·3,4) = seat, bench",腰痛持ちです。,,腰痛 持ち です,月 女 西,"要,朋,覇"
告,"revelation, tell, inform, announce",コク; つ.げる,"戒告 (かいこく·0) = admonition; 勧告 (かんこく·0) = advice, counsel, remonstrance, recommendation; 警告 (けいこく·0) = warning, advice; 原告 (げんこく·0) = plaintiff, accuser, prosecutor; 公告 (こうこく·0) = public announcement, official notice",警告ありがとう。,,警告 有り難う,ノ 口 土,"酷,造,皓"
刻,"engrave, cut fine, chop, hash, mince, time, carving","コク; きざ.む, きざ.み","一刻 (いっこく·4,0) = minute, moment, an instant, stubborn, hot-headed; 刻 (こく·1) = time, carving, engraving, cutting; 刻刻 (こくこく·0) = moment by moment, hour by hour; 刻み (きざみ·0) = shredded tobacco, notch, nick; 刻む (きざむ·0) = to mince, to carve, to engrave, to cut fine, to chop up, to hash, to chisel, to notch",先刻承知。,,先刻 承知,刈 亠 人 ノ 丶,"亥,該,核"
号,"nickname, number, item, title, pseudonym, name, call","ゴウ; さけ.ぶ, よびな","暗号 (あんごう·0) = code, password, cipher; 暗証番号 (あんしょうばんごう·5) = PIN, password number; 屋号 (やごう·1) = name of store, trade name, stage name (eg of actor); 雅号 (がごう·1,0) = alias, pseudonym, pen name, nom de plume; 記号 (きごう·0) = symbol, code, sign",信号は青だ。,,信号 は 青 だ,一 口 勹,"象,句,免"
香,"incense, smell, perfume","コウ, キョウ; か, かお.り, かお.る","香気 (こうき·1) = fragrance; 香港 (ホンコン) = Hong Kong; 香辛料 (こうしんりょう·3) = spices; 香水 (こうすい·0) = perfume; 香奠 (こうでん·0) = condolence gift, gift brought to a funeral, incense money",危険な香りがする。,,危険 香りがする,禾 日,"稲,晶,昌"
降,"descend, precipitate, fall, surrender","コウ, ゴ; お.りる, お.ろす, ふ.る, ふ.り, くだ.る, くだ.す","以降 (いこう·1) = on and after, hereafter, thereafter; 降す (くだす·0) = to lower, to let go down; 降る (くだる·0) = to get down, to descend; 下降 (かこう·0) = downward, descent, fall, drop, subsidence; 滑降 (かっこう·0) = descent (in skiing)",星降る夜に。,,星(ほし) 降る(ふる) 夜 に,夂 阡 十,"汁,隆,陵"
鉱,"mineral, ore",コウ; あらがね,"鉱山 (こうざん·1) = mine (ore); 鉱床 (こうしょう·0) = ore deposit; 鉱石 (こうせき·0) = ore, mineral, crystal; 鉱物 (こうぶつ·1) = mineral; 鉱脈 (こうみゃく·0) = reef, streak",そこは鉄鉱に富む。,,其処(そこ) は 鉄鉱 に 富む,金 厶 广,"拡,銃,魔"
郊,"outskirts, suburbs, rural area",コウ,"近郊 (きんこう·0) = suburbs, outskirts; 郊外 (こうがい·1) = suburb, outskirts; 南郊 (なんこう·0) = southern suburbs; 北郊 (ほっこう·0) = northern suburbs",私の家は郊外にある。,,私(わたし) 家(いえ) は 郊外 に 有る,父 邦 亠,"交,衣,亡"
講,"lecture, club, association",コウ,"休講 (きゅうこう·0) = lecture cancelled; 講演 (こうえん·0) = lecture, address; 講義 (こうぎ·3) = lecture; 講座 (こうざ·0) = lectureship, chair, course; 講師 (こうし·1) = lecturer",文学の講義をする。,,文学 の 講義 を 為る(する),言 冂 一 十,"干,構,溝"
荒,"laid waste, rough, rude, wild","コウ; あら.い, あら-, あ.れる, あ.らす, -あ.らし, すさ.む","荒い (あらい·0,2) = rough, rude, wild; 荒っぽい (あらっぽい·4,0) = rough, rude; 荒す (あらす·3,0) = to lay waste, to devastate, to damage, to invade, to break into; 荒れる (あれる·0) = to be stormy, to be rough, to lose one's temper; 荒れ地 (あれち·0) = devastated or waste land",彼はよく荒れる。,,彼(かれ) は 良く 荒れる,川 艾 亡,"訓,菖,茜"
航,"navigate, sail, cruise, fly",コウ,"運航 (うんこう·0) = operating (eg ships, aircraft); 英国航空 (えいこくこうくう) = British Airways; 欠航 (けっこう·0) = suspension of service; 航海 (こうかい·1) = sail, voyage; 航空 (こうくう·0) = aviation, flying",彼らは航海に出た。,,彼ら(かれら) は 航海 に 出る,舟 亠 几,"衣,亡,抗"
肯,"agreement, consent, comply with",コウ; がえんじ.る,"肯定 (こうてい·0) = positive, affirmation",彼は肯定的な答えを出した。,,彼(かれ) は 肯定的 答え(#1449530) を 出す,月 止,"朋,足,豚"
耕,"till, plow, cultivate",コウ; たがや.す,"耕す (たがやす·3) = to till, to plow, to plough, to cultivate; 耕作 (こうさく·0) = cultivation, farming; 耕地 (こうち·1) = arable land; 農耕 (のうこう·0) = farming, agriculture; 水耕 (すいこう·0) = hydroponics",土地を耕す。,,土地 を 耕す,｜ 土 ハ 木 亅 耒 井 ノ,"桂,杜,耗"
紅,"crimson, deep red","コウ, ク; べに, くれない, あか.い",口紅 (くちべに·0) = lipstick; 紅花 (べにばな·0) = safflower; 紅海 (こうかい·1) = Red Sea; 紅茶 (こうちゃ·0) = black tea; 紅梅 (こうばい·0) = red-blossomed plum tree,丘は紅葉が美しい。,,丘(おか) は 紅葉(#1578780) が 美しい,工 糸 幺 小,"糸,緋,維"
硬,"stiff, hard",コウ; かた.い,"肝硬変 (かんこうへん·3) = cirrhosis of the liver; 強硬 (きょうこう·0) = firm, vigorous, unbending, unyielding, strong, stubborn; 硬い (かたい·0,2) = solid, hard (esp. metal, stone), unpolished (writing); 硬化 (こうか·1,0) = hardening, vulcanization, vulcanisation, sclerosis; 硬貨 (こうか·1) = coin",鉄は硬い。,,鉄(てつ) は 硬い,ノ 一 口 石 日 田,"更,右,晋"
港,harbor,コウ; みなと,"海港 (かいこう·0) = port, seaport; 開港 (かいこう·0) = open port, opening a port; 寄港 (きこう·0) = stopping at a port; 漁港 (ぎょこう·0) = fishing harbour, fishing harbor; 空港 (くうこう·0) = airport",空港まで送るよ。,,空港 迄 送る よ,汁 ハ 已 井,"巳,己,八"
構,"posture, build, pretend","コウ; かま.える, かま.う","遺構 (いこう·0) = remains; 機構 (きこう·0) = mechanism, organization, organisation; 気構え (きがまえ·2,3) = pose; 虚構 (きょこう·0) = fictitious (imaginary) thing; 結構 (けっこう·(名)0,3,(形動;副)1) = splendid, nice, wonderful, delicious, sweet, construction, architecture, well enough, tolerably",結構面白い。,,結構 面白い,木 冂 一 十,"本,干,講"
更,"grow late, night watch, sit up late, of course","コウ; さら, さら.に, ふ.ける, ふ.かす","更ける (ふける·2) = to get late, to advance, to wear on; 更に (さらに·1) = furthermore, again, after all, more and more, moreover; 更衣室 (こういしつ·3) = locker room, changing room, dressing room; 更改 (こうかい·0) = renewal, renovation, reform; 更新 (こうしん·0) = renewal, update, innovation, renovation",変更した？,,変更 為る(する),ノ 一 日 田,"硬,晋,旦"
康,"ease, peace",コウ,"健康 (けんこう·0) = health, sound, wholesome; 健康保険 (けんこうほけん·5) = health insurance; 小康 (しょうこう·0) = lull; 不健康 (ふけんこう·2) = poor health, ill health, unhealthy; 健康食品 (けんこうしょくひん·5) = health foods",彼は健康だ。,,彼(かれ) は 健康 だ,ヨ 水 广 隶,"録,逮,禄"
幸,"happiness, blessing, fortune","コウ; さいわ.い, さち, しあわ.せ","幸 (さち·1) = happiness, wish, fortune; 幸い (さいわい·0) = happiness, blessedness; 幸福 (こうふく·0) = happiness, blessedness; 不幸 (ふこう·2) = unhappiness, sorrow, misfortune, disaster, accident, death; 御幸 (ごこう·0) = imperial outing or visit",お幸せに！,,御(お) 幸せ,十 辛 立 亠,"倖,報,辛"
向,"yonder, facing, beyond, confront, defy, tend toward, approach","コウ; む.く, む.い, -む.き, む.ける, -む.け, む.かう, む.かい, む.こう, む.こう-, むこ, むか.い","横向き (よこむき·0) = turning sideways, landscape orientation; 下向き (したむき·0) = downward look, business decline, top-down; あお向け (あおむけ·0) = face up; 傾向 (けいこう·0) = tendency, trend, inclination; 見向く (みむく·2) = to look around, to look towards (us)",向こうへ行け！,,向こう へ 行く,口 冂,"尚,高,過"
厚,"thick, heavy, rich, kind, cordial, brazen, shameless","コウ; あつ.い, あか","温厚 (おんこう·0) = gentle; 厚さ (あつさ·0) = thickness; 厚化粧 (あつげしょう·3) = thick or heavy make-up; 厚遇 (こうぐう·0) = cordial welcome, kind treatment; 厚紙 (あつがみ·0) = cardboard, thick paper",彼は情に厚い人だ。,,彼(かれ) は 情 に 厚い 人(ひと) だ,子 日 厂,"晶,昌,暦"
効,"merit, efficacy, efficiency, benefit","コウ; き.く, ききめ, なら.う","逆効果 (ぎゃっこうか·3) = backfire, counterproductive, opposite effect; 効 (こう·1) = efficacy, benefit, efficiency, effect, result, success; 効果 (こうか·1) = effect, effectiveness, efficacy, result; 効果的 (こうかてき·0) = effective, successful; 効能 (こうのう·0) = effect, efficacy, virtue, benefit",薬が効いた。,,薬(くすり) が 効く,父 力 亠,"交,衣,亡"
公,"public, prince, official, governmental","コウ, ク; おおやけ","官公庁 (かんこうちょう·3) = government administration office; 公安 (こうあん·0) = public safety, public welfare; 公営 (こうえい·0) = public management; 公益 (こうえき·0) = public, public good; 公益法人 (こうえきほうじん·5) = public-service corporation, charitable corporation, juridical (legal) person working for the public good",公園で散歩なう。,,公園 で(#2028980) 散歩 ナウ,ハ 厶,"訟,松,聡"
候,"climate, season, weather",コウ; そうろう,"悪天候 (あくてんこう·3) = bad weather; 気候 (きこう·0) = climate; 居候 (いそうろう·4,0) = lodger who pays nothing for room and board, freeloader, sponger; 候補 (こうほ·1) = candidacy, nomination, candidate, pick, choice, list; 症候 (しょうこう·0) = symptoms",ひどい気候です。,,酷い(ひどい) 気候 です,｜ 化 矢 ユ 乞,"侯,竹,脩"
交,"mingle, mixing, association, coming and going","コウ; まじ.わる, まじ.える, ま.じる, まじ.る, ま.ざる, ま.ぜる, -か.う, か.わす, かわ.す, こもごも","外交 (がいこう·0) = diplomacy; 外交官 (がいこうかん·3) = diplomat; 交わり (まじわり·0,4) = acquaintance, relations, fellowship, sexual intercourse, intersection; 交わる (まじわる·3) = to cross, to intersect, to associate with, to mingle with, to interest, to join; 交易 (こうえき·0) = trade, commerce",彼らと交わるな。,,彼ら(かれら) と 交わる な,父 亠,"郊,較,校"
誤,"mistake, err, do wrong, mislead","ゴ; あやま.る, -あやま.る","誤ち (あやまち·3,0) = fault, error, indiscretion, faux pas; 過誤 (かご·1) = mistake, fault; 見誤る (みあやまる·4,0) = to mistake someone for someone else, to misread; 誤り (あやまり·3,0) = error, mistake, slip, bug; 誤る (あやまる·3) = to make a mistake",誤りを直せ。,,誤り を 直す,言 口 ハ,"呉,只,舌"
御,"honorable, manipulate, govern","ギョ, ゴ; おん-, お-, み-","御化け (おばけ·2) = goblin, apparition, monster, ghost; 御金 (おかね·0) = money; 御参り (おまいり·0) = worship, shrine visit; 御辞儀 (おじぎ·0) = bow; 御手上げ (おてあげ·0) = all over, given in, given up hope, bring to knees",スリに御用心。,,掏摸 に 御(ご) 用心,ノ 止 卩 彳 乞,"卸,行,竹"
互,"mutually, reciprocally, together","ゴ; たが.い, かたみ.に","互い (たがい·0) = mutual, reciprocal; 互いに (たがいに·0) = mutually, with each other, reciprocally, together; 互角 (ごかく·0) = equality, evenness, par, good match; 互換 (ごかん·0) = transposition, interchangeable, compatible (eg PC); 互助 (ごじょ·1) = mutual aid, cooperation, benefit",お互いさまだろ。,,お互い様 だろう,ヨ 一 彑,"慧,妻,君"
雇,"employ, hire",コ; やと.う,"解雇 (かいこ·1) = discharge, dismissal; 雇傭 (こよう·0) = employment (long term), hire; 雇主 (こしゅ·2) = employer; 日雇い (ひやとい·0) = daily employment, hiring by the day, day laborer, day labourer; 完全雇用 (かんぜんこよう·5) = full employment",秘書は解雇された。,,秘書 は 解雇 為れる,戸 隹 一 尸,"顧,戸,肩"
湖,lake,コ; みずうみ,湖 (みずうみ·3) = lake; 湖沼 (こしょう·0) = lakes and marshes; 湖水 (こすい·0) = lake; 湖畔 (こはん·0) = lake shore; 湖底 (こてい·0) = bottom of a lake,この湖は深い。,,此の 湖(みずうみ) は 深い,月 口 十 汁,"胡,叶,古"
枯,"wither, die, dry up, be seasoned","コ; か.れる, か.らす","栄枯 (えいこ·1) = vicissitudes, ups and downs; 枯れる (かれる·0) = to wither (plant), to be blasted, to die; 枯れ枝 (かれえだ·0) = dead branch; 枯死 (こし·1) = withering, dying; 枯木 (かれき·0) = dead tree, dry wood",作物は枯れた。,,作物(さくもつ) は 枯れる,口 十 木,"杏,叶,古"
故,"happenstance, especially, intentionally, reason, cause, circumstances, the late, therefore, consequently",コ; ゆえ,"縁故 (えんこ·1) = relation, connection, affinity; 故老 (ころう·0) = old people, seniors, elders, old-timer; 故に (ゆえに·2) = therefore, consequently; 故意 (こい·1) = intention, purpose, bad faith; 故国 (ここく·1) = one's native land",事故があった。,,事故 が 有る,口 十 攵 乞,"叶,古,敵"
戸,"door, counter for houses",コ; と,"井戸 (いど·1) = water well; 井戸掘り (いどほり·3,4) = well digging, well digger; 井戸水 (いどみず·2) = well water; 一戸 (いっこ·1) = one house, household",戸を閉めろ。,,戸(と) を 閉める,一 尸,"雇,肩,炉"
庫,"warehouse, storehouse","コ, ク; くら","格納庫 (かくのうこ·3) = (aircraft) hangar; 金庫 (かねぐら·0) = safe, vault, treasury, provider of funds; 公庫 (こうこ·1) = finance corporation; 国庫 (こっこ·1) = national treasury; 在庫 (ざいこ·0) = inventory, stockpile, stock",在庫がありません。,,在庫 が 有る,車 广,"麻,鹿,陣"
固,"harden, set, clot, curdle","コ; かた.める, かた.まる, かた.まり, かた.い","頑固 (がんこ·1) = stubbornness, obstinacy; 凝固 (ぎょうこ·1,0) = coagulation, freezing, solidification; 禁固 (きんこ·1) = imprisonment; 固い (かたい·0,2) = hard (esp. wood), solid, tough, stiff, tight, strong, firm (not viscous or easily moved), safe, steady, honest, steadfast, obstinate, stubborn, bookish, formal, stuffy; 堅固 (けんご·1) = solid, strong, firm",彼は頭が固い。,,彼(かれ) は 頭(あたま) が 硬い,口 十 囗,"個,叶,古"
呼,"call, call out to, invite",コ; よ.ぶ,"歓呼 (かんこ·1) = acclamation, jubilation; 呼び込む (よびこむ·3) = to call in, to restore a disowned son",お呼びですか。,,御(お) 呼ぶ ですか,ノ 口 并 亅,"豆,呂,史"
個,"individual, counter for articles and military units","コ, カ","個室 (こしつ·0) = private room; 個人 (こじん·1) = individual, private person, personal, private; 個人差 (こじんさ·2) = individual differences, personal equation; 個人主義 (こじんしゅぎ·4) = individualism; 個人的 (こじんてき·0) = individualistic, personal, self-centred, self-centered",はい、２個です。,,はい 個(こ) です,化 口 十 囗,"固,叶,古"
限,"limit, restrict, to best of ability","ゲン; かぎ.る, かぎ.り, -かぎ.り","下限 (かげん·0) = lower limit; 期限 (きげん·1) = term, period; 極限 (きょくげん·0,3) = utmost limits, limit; 権限 (けんげん·3) = power, authority, jurisdiction; 限り (かぎり·1,3) = limit(s), as far as possible, as much as possible, to the best of one's ability",もう我慢の限界だ！,,もう 我慢 の 限界 だ,艮 阡,"良,陣,防"
現,"present, existing, actual","ゲン; あらわ.れる, あらわ.す うつつ うつ.つ","具現 (ぐげん·0) = incarnation, embodiment; 現わす (あらわす·3) = to show, to indicate, to display; 現に (げんに·1) = actually, really; 現況 (げんきょう·0) = present condition; 現業 (げんぎょう·0) = outdoor (work)",それが現実だ。,,其れ が 現実 だ,王 見,"視,羊,皇"
減,"dwindle, decrease, reduce, decline, curtail, get hungry","ゲン; へ.る, へ.らす","加減 (かげん·0,1) = addition and subtraction, allowance for, degree, extent, measure, condition, state of health, seasoning, flavor, flavour, moderation, adjustment, influence (of the weather), chance; 軽減 (けいげん·0) = abatement; 激減 (げきげん·0) = dropping sharply, decreasing rapidly; 減らす (へらす·0) = to abate, to decrease, to diminish, to shorten; 減る (へる·0) = to decrease (in size or number), to diminish, to abate",減量中なんです。,,減量 中(ちゅう) なんです,口 汁 亅 戈,"河,舌,石"
原,"meadow, original, primitive, field, plain, prairie, tundra, wilderness",ゲン; はら,"海原 (うなばら·0,2) = ocean, sea, the deep; 原っぱ (はらっぱ·1) = open field, empty lot, plain; 原案 (げんあん·0) = original plan, original bill, motion, draft, draught; 原因 (げんいん·0) = cause, origin, source; 原画 (げんが·0) = original picture",何が原因ですか。,,何 が 原因 ですか,小 白 厂,"源,願,線"
険,"precipitous, inaccessible place, impregnable position, steep place, sharp eyes",ケン; けわ.しい,"火災保険 (かさいほけん·4) = fire insurance; 危険 (きけん·0) = danger, peril, hazard; 健康保険 (けんこうほけん·5) = health insurance; 険しい (けわしい·3) = inaccessible place, impregnable position, steep place, sharp eyes; 険悪 (けんあく·0) = dangerous, serious, gloomy, perilous, threatening, stormy",陰険な奴。,,陰険 奴(やつ),口 人 个 阡,"検,剣,舌"
軒,"flats, counter for houses, eaves",ケン; のき,"意気軒高 (いきけんこう·1) = in high spirits, elated; 軒 (のき·0) = eaves; 軒下 (のきした·0) = under the overhang of a Japanese roof; 軒先 (のきさき·0) = edge of the eaves, house frontage; 軒並 (のきなみ·0) = row of houses, every door, totally, altogether, across the board",彼の家は２軒先です。,,彼(かれ) の 家(いえ) は 軒先 です,干 車,"陣,連,輩"
賢,"intelligent, wise, wisdom, cleverness",ケン; かしこ.い,"賢い (かしこい·3) = wise, clever, smart; 賢者 (けんじゃ·1) = wise man, sage; 賢人 (けんじん·0) = wise man; 賢母 (けんぼ·1) = wise mother; 賢明 (けんめい·0) = wisdom, intelligence, prudence",彼は賢者だ。,,彼(かれ) は 賢者 だ,貝 目 ハ 臣 又,"買,販,貝"
肩,shoulder,ケン; かた,"肩 (かた·1) = shoulder; 肩たたき (かたたたき·3) = tap on the shoulder, request to resign; 肩こり (かたこり·2) = stiff shoulders; 肩身 (かたみ·1) = shoulders; 肩入れ (かたいれ·0,4) = support, backing, patronage",肩が痛い。,,肩 が 痛い,月 戸 一 尸,"戸,雇,炉"
権,"authority, power, rights","ケン, ゴン; おもり, かり, はか.る","越権 (えっけん·0) = going beyond authority, unauthorized, unauthorised; 王権 (おうけん·0) = royalty; 既得権 (きとくけん·3,2) = vested rights; 棄権 (きけん·0) = abstaining from voting, renunciation of a right; 拒否権 (きょひけん·2,3) = right of veto",権利を行使する。,,権利 を 行使 為る(する),矢 木 隹 乞,"椎,観,歓"
検,"examination, investigate",ケン; しら.べる,"検める (あらためる·4) = to change, to alter, to reform, to revise; 区検 (くけん·0) = local prosecutor; 検疫 (けんえき·0) = quarantine, medical inspection; 検閲 (けんえつ·0) = inspection, examination, censorship; 検挙 (けんきょ·1) = arrest, roundup",すぐに点検します。,,直ぐに 点検 為る(する),口 人 木 个,"杏,険,剣"
券,ticket,ケン,"回数券 (かいすうけん·3) = book of tickets; 割引券 (わりびきけん·4) = discount coupon or ticket; 株券 (かぶけん·0,2) = stock certificate; 金券 (きんけん·0) = gold certificate; 券 (けん·1) = ticket, coupon, bond, certificate",回数券を下さい。,,回数券 を 下さい,一 人 大 刀 二 并,"咲,天,関"
健,"healthy, health, strength, persistence",ケン; すこ.やか,"穏健 (おんけん·0) = quiet, dependable, uniform, (politically) moderate; 健 (けん) = health, strength, stick-to-itiveness; 健やか (すこやか·2) = vigorous, healthy, sound; 健脚 (けんきゃく·0) = good walker; 健康 (けんこう·0) = health, sound, wholesome",彼は健康だ。,,彼(かれ) は 健康 だ,化 廴 聿,"津,書,律"
件,"affair, case, matter, item",ケン; くだん,"悪条件 (あくじょうけん·3) = unfavorable conditions, unfavourable conditions; 案件 (あんけん·0) = matter in question, subject; 一件 (いっけん·0,1) = matter, item; 刑事々件 (けいじじけん·4) = criminal case; 件 (けん·1) = matter, case, item",ご用件は？,,御(ご) 用件 は,化 牛,"牲,株,俳"
血,blood,ケツ; ち,"吸血鬼 (きゅうけつき·4,3) = vampire, bloodsucker; 血 (ち·0) = blood, consanguinity; 血圧 (けつあつ·0) = blood pressure; 血液 (けつえき·2) = blood; 血液型 (けつえきがた·0) = blood type",血液の循環。,,血液 の 循環,皿,"孟,衆,盟"
結,"tie, bind, contract, join, organize, do up hair, fasten","ケツ, ケチ; むす.ぶ, ゆ.う, ゆ.わえる","縁結び (えんむすび·3) = marriage, marriage tie, love knot; 完結 (かんけつ·0) = conclusion, completion; 帰結 (きけつ·0) = conclusion; 結び (むすび·0) = ending, conclusion, union; 結び付き (むすびつき·0) = connection, relation",結構面白い。,,結構 面白い,口 士 糸 幺 小,"緯,絹,絡"
決,"decide, fix, agree upon, appoint","ケツ; き.める, -ぎ.め, き.まる, さ.く","意思決定 (いしけってい·1) = decision-making; 可決 (かけつ·0) = approval, adoption (eg motion, bill), passage; 解決 (かいけつ·0) = settlement, solution, resolution; 議決 (ぎけつ·0) = resolution, decision, vote; 決して (けっして·0) = never, by no means",投票で決める。,,投票 で(#2028980) 決める,汁 人 大 二 ユ,"快,潜,渓"
欠,"lack, gap, fail","ケツ, ケン; か.ける, か.く","欠かす (かかす·0) = to miss (doing), to fail (to do); 欠員 (けついん·0) = vacancy, vacant position; 欠陥 (けっかん·0) = defect, fault, deficiency; 欠勤 (けっきん·0) = absence (from work); 欠航 (けっこう·0) = suspension of service",ガス欠です。,,ガス欠 です,勹 人,"傷,旬,囚"
劇,"drama, play",ゲキ,"演劇 (えんげき·0) = play (theatrical); 歌劇 (かげき·1) = opera; 楽劇 (がくげき·0) = musical play, opera; 活劇 (かつげき·0) = action picture, riotous scene; 観劇 (かんげき·0) = theatre-going, theater-going",その劇は終わった。,,其の 劇 は 終わる,刈 卜 匕 厂 虍 豕,"虚,虐,虎"
迎,"welcome, meet, greet",ゲイ; むか.える,"歓迎 (かんげい·0) = welcome, reception; 迎え (むかえ·0) = meeting, person sent to pick up an arrival; 迎える (むかえる·0) = to go out to meet, to accept as a member of a group or family; 迎え撃つ (むかえうつ·4) = to ambush, to attack, to meet the enemy",私は歓迎をうけた。,,私(わたし) は 歓迎 を 受ける,込 卩,"卯,連,逐"
芸,"technique, art, craft, performance, acting, trick, stunt","ゲイ, ウン; う.える, のり, わざ","一芸 (いちげい·0) = an art, one talent; 園芸 (えんげい·0) = horticulture, gardening; 演芸 (えんげい·0) = entertainment, performance; 学芸 (がくげい·0,2) = arts and sciences, liberal arts; 曲芸 (きょくげい·0) = acrobatics",芸は身を助く。,,芸 は 身(み) を 助く,二 厶 艾,"伝,会,雲"
警,"admonish, commandment",ケイ; いまし.める,"警戒 (けいかい·0) = warning, admonition, watch, lookout, vigilance; 警官 (けいかん·0) = policeman; 警句 (けいく·0,1) = aphorism; 警護 (けいご·1) = bodyguard, escort; 警告 (けいこく·0) = warning, advice",警戒は警備。,,警戒 は 警備,言 口 勹 夂 艾 攵 乞,"敬,驚,各"
経,"sutra, longitude, pass thru, expire, warp","ケイ, キョウ; へ.る, た.つ, たていと, はか.る, のり","運動神経 (うんどうしんけい·5) = motor nerves, reflexes; 経つ (たつ·1) = to pass, to lapse; 経る (へる·1) = to pass, to elapse, to experience; 経緯 (いきさつ·0) = details, whole story, sequence of events, particulars, how it started, how things got this way, complications, position; 経営 (けいえい·0) = management, administration",釈迦に経。,,釈迦 に 経(きょう),糸 幺 小 土 又,"緊,糸,繊"
景,"scenery, view",ケイ,"遠景 (えんけい·0) = vista, background, perspective, distant view; 景観 (けいかん·0) = scenery; 景気 (けいき·0) = condition, state, business (condition); 景況 (けいきょう·0) = situation, business climate, outlook; 景勝 (けいしょう·0) = picturesque scenery",景気はどう？,,景気 は 如何(どう),口 小 日 亠,"影,唱,諒"
敬,"awe, respect, honor, revere","ケイ, キョウ; うやま.う","畏敬 (いけい·0) = reverence, awe, respect; 敬愛 (けいあい·0) = respect and affection; 敬意 (けいい·1) = respect, honour, honor; 敬遠 (けいえん·0) = keeping at a distance, kicking upstairs, giving a batter an 'intentional' walk=; 敬語 (けいご·0) = honorific, term of respect",男は度胸、女は愛敬。,,男 は 度胸 女(おんな) は 愛敬(あいきょう),口 勹 攵 艾 乞,"警,驚,句"
恵,"favor, blessing, grace, kindness","ケイ, エ; めぐ.む, めぐ.み","恩恵 (おんけい·0) = grace, favor, favour, blessing, benefit; 恵み (めぐみ·0) = blessing, grace; 恵比寿 (えびす·0) = The God of Wealth; 特恵関税 (とっけいかんぜい·5) = favourable tariff, favorable tariff, most favoured nation (MFN); 最恵国 (さいけいこく·3) = most favored nation, most favoured nation",愚者のあと知恵。,,愚者 の 後(あと) 知恵,一 心 田,"畳,偲,穂"
形,"shape, form, style","ケイ, ギョウ; かた, -がた, かたち, なり","花形 (はながた·0,2) = floral pattern, flourish, ornament, star actor; 外形 (がいけい·0) = externals, external form; 奇形 (きけい·0) = birth defect, freak; 球形 (きゅうけい·0) = globular or spherical shape; 矩形 (くけい·0) = rectangle",それは人形です。,,其れ は 人形(にんぎょう) です,廾 彡 ノ 二 一,"刑,邦,三"
型,"mould, type, model","ケイ; かた, -がた","型 (かた·2) = mold, mould, model, style, shape, data type; 型紙 (かたがみ·0) = pattern paper (for dressmaking); 型破り (かたやぶり·3) = unusual, unconventional; 血液型 (けつえきがた·0) = blood type; 原型 (げんけい·0) = prototype, model, pattern, archetypal",あなたは朝型？,,貴方(あなた) は 朝型,刈 土 廾 ノ 二 一,"刑,塀,形"
傾,"lean, incline, tilt, trend, wane, sink, ruin, bias","ケイ; かたむ.く, かたむ.ける, かたぶ.く, かた.げる, かし.げる","右傾 (うけい·0) = rightist, leaning to the right; 傾き (かたむき·0,4) = slope, inclination, list, tendency, trend, bent, disposition, bias; 傾向 (けいこう·0) = tendency, trend, inclination; 傾斜 (けいしゃ·0) = inclination, slant, slope, bevel, list, dip; 傾城 (けいせい·0) = beauty, siren, courtesan, prostitute",太陽が西に傾いた。,,太陽 が 西(にし) に 傾く(かたむく),化 貝 目 ハ 頁 匕,"貨,買,顕"
係,"person in charge, connection, duty, concern oneself","ケイ; かか.る, かかり, -がかり, かか.わる","関係 (かんけい·0) = relation, connection; 関係者 (かんけいしゃ·3) = authorized people, authorised people, person(s) concerned; 係り官 (かかりかん·3) = official in charge; 係数 (けいすう·3) = coefficient, factor, proportional constant; 係争 (けいそう·0) = contention, dispute",無関係です。,,無関係 です,ノ 化 糸 幺 小,"紗,系,級"
軍,"army, force, troops, war, battle",グン,"一軍 (いちぐん·0) = an army, the whole army, first string players (sports); 援軍 (えんぐん·0) = reinforcement; 海軍 (かいぐん·1) = navy; 救世軍 (きゅうせいぐん·3) = Salvation Army; 空軍 (くうぐん·0) = Air Force",勝てば官軍。,,勝つ 官軍,車 冖,"暉,揮,輝"
群,"flock, group, crowd, herd, swarm, cluster","グン; む.れる, む.れ, むら, むら.がる","一群 (いちぐん·0) = group, flock, crowd, herd, wide expanse (of flowers); 魚群 (ぎょぐん·0) = school of fish; 群 (ぐん·1) = group; 群がる (むらがる·3) = to swarm, to gather; 群れ (むれ·2) = group, crowd, flock, herd, bevy, school, swarm, cluster (of stars), clump",彼女抜群ですよ。,,彼女 抜群 です よ,一 王 口 并 羊 ノ ヨ,"善,君,右"
訓,"instruction, Japanese character reading, explanation, read","クン, キン; おし.える, よ.む, くん.ずる","遺訓 (いくん·0) = dying instructions; 音訓 (おんくん·0) = kanji readings; 訓える (おしえる·0) = to teach, to inform, to instruct; 教訓 (きょうくん·0) = lesson, precept, moral instruction; 訓戒 (くんかい·0) = warning, admonition, lesson or a phrase that teaches you not to do something",この教訓を忘れるな。,,此の 教訓 を 忘れる な,言 川,"談,訪,記"
君,"old boy, name-suffix","クン; きみ, -ぎみ","君子 (くんし·1) = man of virtue, person of high rank, wise man; 君主 (くんしゅ·1) = ruler, monarch; 君臨 (くんりん·0) = reign, control, (to) dictate; 主君 (しゅくん·1,2) = lord, master; 諸君 (しょくん·1) = Gentlemen!, Ladies!",うん、君は？,,うん 君(きみ) は,一 口 ノ ヨ,"郡,右,群"
靴,shoes,カ; くつ,"革靴 (かわぐつ·0) = leather boots; 靴 (くつ·2) = shoes, footwear; 靴屋 (くつや·2) = shoemaker, shoe store; 靴下 (くつした·2,4) = socks; 軍靴 (ぐんか·1) = military shoes",靴を履いて。,,靴 を 履く,化 革 匕,"老,化,花"
掘,"dig, delve, excavate",クツ; ほ.る,"井戸掘り (いどほり·3,4) = well digging, well digger; 掘下げる (ほりさげる·4,0) = to dig down, to delve into, to get to the bottom of (a matter), to investigate further; 掘起す (ほりおこす·5,0) = to reclaim, to dig up; 掘出す (ほりだす·3,0) = to dig out, to pick up; 掘当てる (ほりあてる·0,4) = to strike, to find, to dig up",彼は穴を掘った。,,彼(かれ) は 穴(あな) を 掘る,｜ 山 尸 扎 凵,"拙,屈,出"
隅,"corner, nook",グウ; すみ,"隅 (すみ·1) = corner, nook; 四隅 (よすみ·1) = four corners; 片隅 (かたすみ·3,0) = corner, nook; 一隅 (ひとすみ·0) = corner, nook; 隅隅 (すみずみ) = every nook and corner",隅のテーブルがいいのですが。,,隅 の テーブル が いい(#2820690) のです が,田 日 冂 厶 禹 阡,"遇,愚,偶"
偶,"accidentally, even number, couple, man and wife, same kind",グウ; たま,"偶数 (ぐうすう·3) = even number; 偶然 (ぐうぜん·0) = (by) chance, unexpectedly, suddenly, accident, fortuity; 偶像 (ぐうぞう·0) = image, idol, statue; 偶発 (ぐうはつ·0) = sudden outbreak, accidental, incidental; 配偶 (はいぐう·0) = combination",偶然だね！,,偶然 だ ね(#2029080),化 田 冂 厶 禹,"遇,愚,仏"
具,"tool, utensil, means, possess, ingredients, counter for armor, suits, sets of furniture","グ; そな.える, つぶさ.に","雨具 (あまぐ·2) = rain gear; 家具 (かぐ·1) = furniture; 絵具 (えのぐ·0) = colors, colours, paints; 玩具 (がんぐ·1) = toy; 器具 (きぐ·1) = utensil",具合悪いの？,,具合 悪い(わるい) の,一 ハ 目,"貝,且,慎"
苦,"suffering, trial, worry, hardship, feel bitter, scowl","ク; くる.しい, -ぐる.しい, くる.しむ, くる.しめる, にが.い, にが.る","ご苦労様 (ごくろうさま·2) = thank you very much for your .., I appreciate your efforts; 悪戦苦闘 (あくせんくとう·0) = hard fighting, hard struggle, fighting against heavy odds; 気苦労 (きぐろう·2) = worry, care, anxiety; 苦い (にがい·2) = bitter; 苦しい (くるしい·3) = painful, difficult",苦は楽の種。,,苦 は 楽(らく) の 種(たね),口 十 艾,"叶,古,噴"
禁,"prohibition, ban, forbid",キン,"解禁 (かいきん·0) = lifting a ban; 監禁 (かんきん·0) = confinement; 禁じる (きんじる·0,3) = to prohibit; 禁ずる (きんずる·0,3) = to forbid, to suppress; 禁煙 (きんえん·0) = No Smoking!",二つ折り厳禁。,,二つ折り 厳禁,示 二 小 木,"襟,標,示"
均,"level, average",キン; なら.す,"均一 (きんいつ·0) = uniformity, equality; 均衡 (きんこう·0) = equilibrium, balance; 均質 (きんしつ·0) = homogeneous, homogeneity; 均斉 (きんせい·0) = symmetry, balance, proportion, uniformity; 均等 (きんとう·0) = equality, uniformity, evenness",平均気温が上昇した。,,平均 気温 が 上昇 為る(する),土 冫 勹 二,"羽,圭,静"
勤,"diligence, become employed, serve","キン, ゴン; つと.める, -づと.め, つと.まる, いそ.しむ","外勤 (がいきん·0) = working away from the office; 勤め人 (つとめにん·0) = office worker, salaried man, white-collar worker; 勤め先 (つとめさき·0) = place of work; 勤続 (きんぞく·0) = continuous service; 勤勉 (きんべん·0) = industry, diligence",まだ勤務中だ。,,未だ 勤務 中(ちゅう) だ,土 力 艾 口 二 一,"菫,茄,謹"
玉,"jewel, ball","ギョク; たま, たま-, -だま","悪玉 (あくたま·0) = bad character, bad person, villain, baddie; 火の玉 (ひのたま·1) = falling star, fireball; 玉 (だま·0) = ball, sphere, coin, staple (for a stapler); 玉砕 (ぎょくさい·0) = honourable defeat, honorable defeat, honourable death, honorable death; 玉虫色 (たまむしいろ·0) = iridescent, equivocal",艱難汝を玉にす。,,艱難 汝(なんじ) を 玉(たま) に 為る(する),王 丶,"球,柱,往"
極,"poles, settlement, conclusion, end, highest rank, electric poles, very, extremely, most, highly, 10**48","キョク, ゴク; きわ.める, きわ.まる, きわ.まり, きわ.み, き.める, -ぎ.め, き.まる","窮極 (きゅうきょく·0) = ultimate, extreme, final, eventual; 極 (ごく·1) = quite, very; 極み (きわみ·3) = height, acme, extremity; 極悪 (ごくあく·0) = heinous; 極意 (ごくい·1) = essential point, main point",両極端は一致する。,,両極端 は 一致 為る(する),口 又 木 一,"桑,杏,本"
曲,"bend, music, melody, composition, pleasure, injustice, fault, curve, crooked, perverse, lean","キョク; ま.がる, ま.げる","一曲 (いっきょく·4) = tune (melody, piece of music); 音曲 (おんぎょく·0) = songs with samisen accompaniment, musical performance; 歌曲 (かきょく·1) = melody, tune, song; 歌謡曲 (かようきょく·2) = popular song; 楽曲 (がっきょく·0) = musical composition, tune",一曲聞くか。,,一曲 聞く か,｜ 日,"旧,申,甲"
局,"bureau, board, office, affair, conclusion, court lady, lady-in-waiting, her apartment",キョク; つぼね,"医局 (いきょく·0) = medical office, dispensary; 一局 (いっきょく·4) = one game (checkers, etc.); 開局 (かいきょく·0) = opening of post-office or telephone exchange; 外局 (がいきょく·0) = external bureau; 局 (きょく·1) = channel (i.e. TV or radio), station, department, affair, situation",結局失敗するさ。,,結局 失敗 為る(する) さ,口 尸,"居,嘱,舌"
胸,"bosom, breast, chest, heart, feelings","キョウ; むね, むな-","胸 (むね·2) = breast, chest; 胸襟 (きょうきん·0) = one's heart; 胸元 (むなもと·0) = breast, pit of stomach; 胸像 (きょうぞう·0) = bust (statue); 胸中 (きょうちゅう·1,0) = one's heart, one's mind, one's intentions",度胸があるな。,,度胸 が 有る な,月 凵 勹 ノ 丶,"匁,凶,勺"
狭,"cramped, narrow, contract, tight","キョウ, コウ; せま.い, せば.める, せば.まる, さ","狭い (せまい·2) = narrow, confined, small; 狭まる (せばまる·3) = to narrow, to contract; 狭める (せばめる·3) = to narrow, to reduce, to contract; 狭義 (きょうぎ·1) = narrow sense (eg of a word), strict; 狭心症 (きょうしんしょう·0,3) = heart attack, angina pectoris",狭き門より入れ。,,狭い 門(もん) より 入る(はいる),人 大 二 并 犯 丶 亠,"挟,夫,峡"
況,"condition, situation","キョウ; まし.て, いわ.んや, おもむき","概況 (がいきょう·0) = outlook, general situation; 活況 (かっきょう·0) = activity, briskness, prosperity; 近況 (きんきょう·0) = recent state (condition); 景況 (けいきょう·0) = situation, business climate, outlook; 現況 (げんきょう·0) = present condition",難しい状況です。,,難しい 状況 です,口 汁 儿,"舌,石,競"
橋,bridge,キョウ; はし,"橋 (はし·2) = bridge; 橋脚 (きょうきゃく·0) = bridge pier, pontoon bridge; 橋渡し (はしわたし·3) = bridge building, mediation; 桟橋 (さんばし·0) = wharf, bridge, jetty, pier; 舟橋 (ふなはし) = pontoon",橋は石造りだ。,,橋(はし) は 石造り だ,ノ 口 木 冂,"杏,尚,呂"
挟,"pinch, between","キョウ, ショウ; はさ.む, はさ.まる, わきばさ.む, さしはさ.む","挟まる (はさまる·3) = to get between, to be caught in; 挟み打ち (はさみうち·3) = pincer attack, attack on both sides (flanks); 挟殺 (きょうさつ·0) = (baseball) rundown",彼は耳に鉛筆を挟んだ。,,彼(かれ) は 耳 に 鉛筆 を 挟む(はさむ),人 大 二 并 丶 亠 扎,"狭,扶,夫"
恐,"fear, dread, awe","キョウ; おそ.れる, おそ.る, おそ.ろしい, こわ.い, こわ.がる","恐らく (おそらく·2) = perhaps; 恐ろしい (おそろしい·4) = terrible, dreadful; 恐喝 (きょうかつ·0) = threat, blackmail; 恐慌 (きょうこう·0) = panic, scare, consternation; 恐縮 (きょうしゅく·0) = shame, very kind of you, sorry to trouble",ああ恐い！,,ああ 怖い(こわい),工 心 丶 几,"凡,築,忍"
境,"boundary, border, region","キョウ, ケイ; さかい","越境 (えっきょう·0) = border transgression; 佳境 (かきょう·0) = climax (story); 環境 (かんきょう·0) = environment, circumstance; 環境庁 (かんきょうちょう·3) = Environment Agency; 逆境 (ぎゃっきょう·0) = adversity",音楽に国境なし。,,音楽 に 国境 無し,音 土 日 立 儿,"鏡,章,晶"
叫,"shout, exclaim, yell",キョウ; さけ.ぶ,"泣叫ぶ (なきさけぶ·4) = to cry and shout, to scream; 叫び (さけび·3) = shout, scream, outcry; 叫び声 (さけびごえ·4) = shout, yell, scream; 叫ぶ (さけぶ·2) = to shout, to cry; 絶叫 (ぜっきょう·0) = exclamation, scream, shout",彼は叫び始めた。,,彼(かれ) は 叫ぶ 始める,｜ 口 十,"叶,古,中"
協,"co-, cooperation",キョウ,"協 (きょう) = cooperation; 協会 (きょうかい·0) = association, society, organization, organisation; 協議 (きょうぎ·1) = conference, consultation, discussion, negotiation; 協賛 (きょうさん·0) = support, mutual aid, cooperation, approval, authorization, authorisation; 協商 (きょうしょう·0) = negotiation, agreement",私は彼と協力した。,,私(わたし) は 彼(かれ) と 協力 為る(する),十 力,"汁,隼,針"
共,"together, both, neither, all, and, alike, with","キョウ; とも, とも.に, -ども","何共 (なんとも) = nothing (with neg. verb), quite, not a bit; 共に (ともに·0,1) = sharing with, participate in, both, alike, together, along with, with, including; 共栄 (きょうえい·0) = mutual prosperity; 共演 (きょうえん·0) = appearing together, co-acting, co-starring; 共稼ぎ (ともかせぎ·0,3) = working together, (husband and wife) earning a living together",共同責任無責任。,,共同責任 無責任,ハ ｜ 一 二,"洪,巽,供"
競,"emulate, compete with, bid, sell at auction, bout, contest, race","キョウ, ケイ; きそ.う, せ.る","競う (きそう·2) = to emulate, to compete with; 競る (せる·1) = to compete, to bid, to sell at auction; 競泳 (きょうえい·0) = swimming race; 競演 (きょうえん·0) = recital contest; 競技 (きょうぎ·1) = game, match, contest",私は彼と競争した。,,私(わたし) は 彼(かれ) と 競争 為る(する),口 立 儿,"商,舌,石"
供,"submit, offer, present, serve (meal), accompany","キョウ, ク, クウ, グ; そな.える, とも, -ども","供 (とも·1) = accompanying, attendant, companion, retinue; 供え (そなえ·3,2) = offering; 供える (そなえる·3) = to offer, to sacrifice, to dedicate; 供宴 (きょうえん·0) = banquet, dinner; 供応 (きょうおう·0) = treat, feast, banquet",子供たちは元気？,,子供たち は 元気,｜ 一 化 二 ハ,"共,洪,巽"
漁,"fishing, fishery","ギョ, リョウ; あさ.る","漁獲 (ぎょかく·0) = fishing, catch, haul; 漁業 (ぎょぎょう·1) = fishing (industry); 漁港 (ぎょこう·0) = fishing harbour, fishing harbor; 漁師 (りょうし·1) = fisherman; 漁場 (りょうば·0,3) = fishing grounds, permitted fishing zone",漁夫の利。,,漁夫 の 利,魚 汁 田 杰,"魚,鯉,鮎"
許,"permit, approve","キョ; ゆる.す, もと","許し (ゆるし·3) = pardon, forgiveness, exemption, permission; 許可 (きょか·1) = permission, approval, authorization; 許諾 (きょだく·0) = consent; 許容 (きょよう·0) = permission, pardon; 手許 (てもと·3) = (money) on hand or at home, one's purse (handbag), usual skill",許して下さい。,,許す 下さい,ノ 干 言 十 乞,"午,千,年"
巨,"gigantic, big, large, great",キョ,"巨額 (きょがく·0) = great sum; 巨漢 (きょかん·0) = giant; 巨匠 (きょしょう·0) = master, masterhand, maestro; 巨人 (きょじん·0) = giant, great man; 巨星 (きょせい·0) = giant star, great man, big-shot",彼は文句無しの巨人だ。,,彼(かれ) は 文句なし 巨人 だ,匚,"臣,枢,匹"
居,"reside, to be, exist, live with","キョ, コ; い.る, -い, お.る","隠居 (いんきょ·0) = retirement, retired person; 居間 (いま·2) = living room (western style); 居候 (いそうろう·4,0) = lodger who pays nothing for room and board, freeloader, sponger; 居座り (いすわり·0) = remaining",彼は居眠りをした。,,彼(かれ) は 居眠り を 為る(する),口 十 尸,"据,局,叶"
旧,"old times, old things, old friend, former, ex-","キュウ; ふる.い, もと","旧家 (きゅうか·1) = old family; 旧作 (きゅうさく·0) = one's old publication; 旧式 (きゅうしき·0) = old type, old style; 旧制 (きゅうせい·0) = old system, old order; 旧姓 (きゅうせい·0) = one's former (maiden) name",旧友が訪ねてきた。,,旧友 が 訪ねる 来る(くる),｜ 日,"曲,申,甲"
給,"salary, wage, gift, allow, grant, bestow on","キュウ; たま.う, たも.う, -たま.え","恩給 (おんきゅう·0) = pension; 給 (きゅう) = wage, gift; 給仕 (きゅうじ·1) = office boy (girl), page, waiter; 給食 (きゅうしょく·0) = school lunch, providing a meal; 給水 (きゅうすい·0) = water supply",彼は高給者だ。,,彼(かれ) は 高給 者(しゃ) だ,口 糸 幺 小 个 一,"含,吟,綺"
級,"class, rank, grade",キュウ,"一級 (いっきゅう·0) = one grade, first-class, primary; 下級 (かきゅう·0) = lower grade, low class, junior (officer); 階級 (かいきゅう·0) = class, rank, grade; 階級闘争 (かいきゅうとうそう·5) = class struggle; 学級 (がっきゅう·0) = grade in school",彼は私の級友です。,,彼(かれ) は 私(わたし) 級友 です,ノ 糸 幺 小 及,"紗,系,孫"
球,"ball, sphere",キュウ; たま,"眼球 (がんきゅう·0) = eyeball; 気球 (ききゅう·0) = balloon; 球 (たま·2) = globe, sphere, ball; 球技 (きゅうぎ·1) = any ball game; 球菌 (きゅうきん·0) = coccus",地球は丸い。,,地球 は 丸い,王 水 丶,"玉,永,氷"
泣,"cry, weep, moan",キュウ; な.く,"悔し泣き (くやしなき·0) = crying from vexation, tears of regret; 泣かせる (なかせる·0) = to make someone cry, to move someone to tears, to grieve; 泣かす (なかす·0) = to make someone cry, to move someone to tears, to grieve; 泣き (なき·0) = weeping, lamenting",彼女は泣いた。,,彼女 は 泣く,汁 立,"滝,滴,酒"
求,"request, want, wish for, require, demand","キュウ, グ; もと.める","希求 (ききゅう·0) = aspiring to, seek, demand, ask for; 求愛 (きゅうあい·0) = courting; 求刑 (きゅうけい·0) = prosecution; 求職 (きゅうしょく·0) = job hunting, seeking employment; 求心力 (きゅうしんりょく·3) = centripetal force",名声を求めるな。,,名声 を 求める な,一 水 丶,"永,氷,詠"
救,"salvation, save, help, rescue, reclaim",キュウ; すく.う,"救い (すくい·0) = help, aid, relief, salvation; 救う (すくう·0) = to rescue from, to help out of, to save; 救援 (きゅうえん·0) = relief, rescue, reinforcement; 救急 (きゅうきゅう·0) = first-aid; 救急車 (きゅうきゅうしゃ·3) = ambulance",彼は救い難い。,,彼(かれ) は 救う 難い(にくい),水 丶 攵 乞,"永,氷,竹"
吸,"suck, imbibe, inhale, sip",キュウ; す.う,"吸いこむ (すいこむ·3) = to inhale, to breathe in, to suck up, to imbibe, to absorb, to soak up; 吸取る (すいとる·3) = to suck up, to absorb, to squeeze (money); 吸引 (きゅういん·0) = absorption, suction, aspiration, attraction; 吸気 (きゅうき·1) = inspiration; 吸血鬼 (きゅうけつき·4,3) = vampire, bloodsucker",彼は深呼吸した。,,彼(かれ) は 深呼吸 為る(する),ノ 口 及,"呂,史,舌"
久,"long time, old story","キュウ, ク; ひさ.しい","久しい (ひさしい·3) = long, long-continued, old (story); 久しぶり (ひさしぶり·0,5) = after a long time; 恒久 (こうきゅう·0) = permanent, perpetuity; 持久 (じきゅう·0) = endurance, persistence; 耐久 (たいきゅう·0) = endurance, persistence",久しく彼に会わない。,,久しく 彼(かれ) に 会う,ノ 入,"込,邦,成"
逆,"inverted, reverse, opposite, wicked","ギャク, ゲキ; さか, さか.さ, さか.らう","可逆 (かぎゃく·0) = reversible; 逆 (ぎゃく·0) = reverse, opposite; 逆さ (さかさ·0) = reverse, inversion, upside down; 逆らう (さからう·3) = to go against, to oppose, to disobey, to defy; 逆境 (ぎゃっきょう·0) = adversity",それは逆だ。,,其れ は 逆(#1226960) だ,込 并 屮,"遂,朔,遵"
客,"guest, visitor, customer, client","キャク, カク","観客 (かんきゃく·0) = audience, spectator(s); 客 (きゃく·0) = guest, customer; 客員 (かくいん·0) = guest (associate) member; 客引き (きゃくひき·0) = touting, tout, barker, pander, customer puller; 客演 (きゃくえん·0) = guest appearance",お客様は？,,お客様 は,口 夂 宀,"額,舌,石"
詰,"packed, close, pressed, reprove, rebuke, blame","キツ, キチ; つ.める, つ.め, -づ.め, つ.まる, つ.む","罐詰め (かんづめ) = packing (in cans), canning, canned goods, tin can; 詰まる (つまる·2) = to be blocked, to be packed, to hit the ball near the handle of the bat (baseball); 詰む (つむ·1) = to become fine",鼻が詰まった。,,鼻 が 詰まる,言 口 士,"吉,舌,石"
喫,"consume, eat, drink, smoke, receive (a blow)",キツ,"喫する (きっする·0,3) = to take, to drink, to suffer (eg defeat), to receive a blow; 喫煙 (きつえん·0) = smoking; 喫茶 (きっさ·0) = tea drinking, tea house; 喫茶店 (きっさてん·3,0) = coffee lounge, coffee shop, (rather formal) cafe; 喫う (すう) = to smoke, to breathe in, to suck",喫煙は絶対禁止。,,喫煙 は 絶対 禁止,口 大 土 刀 亠 二,"契,害,奎"
議,"deliberation, consultation, debate, consideration",ギ,"異議 (いぎ·1) = objection, dissent, protest; 会議 (かいぎ·1,3) = meeting, conference, session, assembly, council, convention, congress; 会議室 (かいぎしつ) = conference room, council room; 閣議 (かくぎ·1) = cabinet meeting",会議に出席する。,,会議 に 出席 為る(する),一 王 言 并 羊 亅 戈 手,"義,犠,儀"
疑,"doubt, distrust, be suspicious, question",ギ; うたが.う,"懐疑 (かいぎ·1) = doubt, skepticism, scepticism, disbelief; 疑 (ぎ) = doubt, distrust, suspicion (of); 疑い (うたがい·0) = doubt, question, uncertainty, skepticism, scepticism, suspicion, distrust; 疑う (うたがう·0) = to doubt, to distrust, to be suspicious of, to suspect; 疑わしい (うたがわしい·5,0) = doubtful, questionable, uncertain, disputable, suspicious",疑い無く！,,疑い 無い,疋 矢 匕 マ 乞,"擬,凝,老"
技,"skill, art, craft, ability, feat, performance, vocation, arts",ギ; わざ,"演技 (えんぎ·1) = acting, performance; 技 (わざ·2) = art, technique; 技巧 (ぎこう·0) = technique, finesse; 技師 (ぎし·1) = engineer, technician",演技はじめ！,,演技 始める,支 扎 又 十,"支,肢,枝"
記,"scribe, account, narrative",キ; しる.す,"列記 (れっき·1,0) = list; 一代記 (いちだいき·3) = biography; 下記 (かき·1) = the following; 記 (き·1) = chronicle; 記す (しるす·0,2) = to note, to write down",前記参照。,,前記 参照,言 已,"巳,己,配"
規,"standard, measure",キ,"規格 (きかく·0) = standard, norm; 規制 (きせい·0) = regulation, (traffic) policing; 規則 (きそく·2,1) = rules, regulations, conventions; 規則的 (きそくてき·0) = systematic, regular, routine; 規定 (きてい·0) = regulation, provisions",規則に逆らうな。,,規則 に 逆らう な,見 土 人 二 大,"奎,渓,槻"
季,seasons,キ,"季刊 (きかん·0) = quarterly (eg magazine); 季語 (きご·1) = seasonal word (in haiku); 季節 (きせつ·2,1) = season; 季節風 (きせつふう·0) = seasonal winds; 四季 (しき·2,1) = four seasons",雨季が始まった。,,雨季 が 始まる,禾 子,"香,稚,移"
祈,"pray, wish",キ; いの.る,"祈る (いのる·2) = to pray, to wish; 祈願 (きがん·1) = prayer; 祈念 (きねん·0,1) = prayer; 祈とう (きとう·0) = prayer",祈ってくれ。,,祈る 呉れる,斤 礼,"視,芹,祉"
機,"mechanism, opportunity, occasion, machine, airplane",キ; はた,"逸機 (いっき·0,1) = missing a chance; 印刷機 (いんさつき·4,3) = printing press; 映写機 (えいしゃき·3) = film projector; 乾燥機 (かんそうき·3) = drying machine, dryer, desiccator; 艦載機 (かんさいき·3) = ship-borne plane",ご機嫌いかが？,,ご機嫌 如何(いかが),ノ 木 丶 幺 戈,"成,磯,幻"
期,"period, time, date, term","キ, ゴ","一期 (いっき·1) = one's life time, lifetime, term, half-year, quarter; 延期 (えんき·0) = postponement, adjournment; 下期 (しもき·2) = second half of the fiscal year; 過渡期 (かとき·2) = transition period; 画期 (かっき·0,1) = epoch-making",ここは今乾期です。,,此処 は 今(いま) 乾季 です,甘 月 ハ,"朋,八,欺"
机,"desk, table",キ; つくえ,"机 (つくえ·0) = desk; 机上 (きじょう·0) = on the desk, theoretical, academic",これは机です。,,此れ は 机 です,木 几,"築,楓,殺"
希,"hope, beg, request, pray, beseech, Greece, dilute (acid), rare, few, phenomenal","キ, ケ; まれ","希求 (ききゅう·0) = aspiring to, seek, demand, ask for; 希 (まれ·0,2) = rare, seldom; 希代 (きだい·1,2) = rare, uncommon; 希望的 (きぼうてき·0) = wishful",あまり希望がない。,,余り 希望 が 無い,ノ 一 巾,"布,怖,稀"
寄,"draw near, stop in, bring near, gather, collect, send, forward","キ; よ.る, -よ.り, よ.せる","引寄せる (ひきよせる·4) = to draw or pull something towards oneself (eg chair); 押寄せる (おしよせる·4) = to push aside, to advance on; 寄せ (よせ·0) = last moves (in go, shogi, or chess), endgame; 寄せる (よせる·0) = to come near, to let someone approach, to collect, to gather, to add, to put aside; 寄集め (よせあつめ·0) = mish-mash, miscellany, medley, odds and ends, gathering",犬に近寄るな。,,犬 に 近寄る な,一 口 大 亅 宀,"奇,司,可"
基,"fundamentals, radical (chem), counter for machines, foundation","キ; もと, もとい","塩基 (えんき·1,0) = base (chem.); 基 (もとい·2) = basis; 基幹 (きかん·0) = mainstay, nucleus, key; 基金 (ききん·2,1) = fund, foundation; 基軸通貨 (きじくつうか·4) = (principal) reserve currency",これは基本です。,,此れ は 基本 です,一 甘 土 ハ,"碁,圭,八"
器,"utensil, vessel, receptacle, implement, instrument, ability, container, tool, set",キ; うつわ,"化学兵器 (かがくへいき·4) = chemical weapons; 火器 (かき·1) = firearms, guns; 花器 (かき·1) = flower vase; 核兵器 (かくへいき·3) = nuclear weapons; 楽器 (がっき·0) = musical instrument",食器を洗おう。,,食器 を 洗う,口 大,"舌,石,奇"
喜,"rejoice, take pleasure in","キ; よろこ.ぶ, よろこ.ばす","一喜一憂 (いっきいちゆう·1,0) = now rejoicing, now worrying, swinging from joy to sorrow, alternating hope and fear; 歓喜 (かんき·1) = delight, great joy; 喜んで (よろこんで·3) = with pleasure ..; 喜劇 (きげき·1) = comedy, funny show; 喜寿 (きじゅ·1) = 77th birthday",ええ、喜んで。,,ええ 喜んで,口 士 豆 并,"嬉,鼓,豆"
危,"dangerous, fear, uneasy","キ; あぶ.ない, あや.うい, あや.ぶむ","危うい (あやうい·0,3) = dangerous, critical, grave, uncertain, unreliable, limping, narrow, close, watch out!; 危うく (あやうく·0) = almost, nearly, in imminent danger of; 危ない (あぶない·0,3) = dangerous, critical, grave, uncertain, unreliable, limping, narrow, close, watch out!; 危ぶむ (あやぶむ·3) = to fear, to have misgivings, to be doubtful, to mistrust",危ない！,,危ない,勹 厂 卩,"厄,卯,迎"
願,"petition, request, vow, wish, hope","ガン; ねが.う, -ねがい","依願 (いがん·1) = in accordance with one's request; 願い (ねがい·2) = desire, wish, request, prayer, petition, application; 願い出 (ねがいで·0) = application, petition; 願い出る (ねがいでる·4,0) = to apply for; 願う (ねがう·2) = to desire, to wish, to request, to beg, to hope, to implore",星に願いを。,,星(ほし) に 願い を,貝 目 ハ 小 白 頁 厂,"買,原,顕"
岩,"boulder, rock, cliff",ガン; いわ,"一枚岩 (いちまいいわ·3) = monolithic; 岩塩 (がんえん·1,0) = rock salt; 岩間 (いわま·0) = among rocks; 岩山 (いわやま·0) = rocky mountain; 岩礁 (がんしょう·0) = reef",私は岩本和人です。,,私(わたし) は です,口 山 石,"舌,石,拓"
岸,beach,ガン; きし,"右岸 (うがん·0,1) = right bank (shore); 沿岸 (えんがん·0) = coast, shore; 海岸 (かいがん·0) = coast, beach; 海岸線 (かいがんせん·0) = coastline, coastal railway; 岸 (きし·2) = bank, coast, shore",海岸に行ったよ。,,海岸 に 行く よ,干 山 厂,"炭,巌,辰"
含,"include, bear in mind, understand, cherish","ガン; ふく.む, ふく.める","含ませる (ふくませる) = to soak, to saturate, to suckle, to make one hold something in the mouth, to include, to instruct, to make one understand; 含み (ふくみ·3) = implication, hidden meaning, latitude, atmosphere, tone, sentiment, inclusion; 含む (ふくむ·2) = to contain, to comprise, to have, to hold, to include, to embrace, to hold in the mouth, to bear in mind, to understand, to harbor, to harbour; 含蓄 (がんちく·0) = implication, significance, connotation, depth of meaning, complications of a problem; 含有 (がんゆう·0) = contain, include",食事は含まれますか。,,食事 は 含む か,口 个 一,"吟,拾,命"
丸,"round, full, month, perfection, -ship, pills, make round, roll up, curl up, seduce, explain away","ガン; まる, まる.める, まる.い","一丸 (いちがん·0) = lump, (into) one; 丸める (まるめる·0) = to make round, to round off, to roll up, to curl up, to seduce, to cajole, to explain away; 丸刈り (まるがり·0) = close clipping; 丸見え (まるみえ·0) = completely visible; 丸腰 (まるごし·0) = unarmed",地球は丸い。,,地球 は 丸い,九 丶,"熱,勢,熟"
関,"connection, barrier, gateway, involve, concerning","カン; せき, -ぜき, かか.わる, からくり, かんぬき","関 (せき·1) = barrier, gate; 関して (かんして) = about, regarding, as for; 関する (かんする·3) = to concern, to be related; 関係 (かんけい·0) = relation, connection; 関係者 (かんけいしゃ·3) = authorized people, authorised people, person(s) concerned",無関係です。,,無関係 です,人 大 二 ハ 門 并 一,"咲,券,天"
観,"outlook, look, appearance, condition, view","カン; み.る, しめ.す","価値観 (かちかん·3,2) = values; 外観 (がいかん·0) = appearance, exterior, facade; 概観 (がいかん·0) = general view, outline; 楽観 (らっかん·0) = optimism; 楽観的 (らっかんてき·0) = optimistic, hopeful",彼の観察は正確だ。,,彼(かれ) 観察 は 正確 だ,見 隹 矢 乞,"歓,権,竹"
簡,"simplicity, brevity",カン,"簡易 (かんい·1,0) = simplicity, convenience, easiness, quasi-; 簡潔 (かんけつ·0) = brevity, conciseness, simplicity; 簡素 (かんそ·1) = simplicity, plain; 簡短 (かんたん·0) = simple; 簡便 (かんべん·0) = handy, simple and easy",答は簡単でした。,,答え(#1449530) は 簡単 です,竹 日 門 乞,"間,笛,竹"
管,"pipe, tube, wind instrument, drunken talk",カン; くだ,"為替管理 (かわせかんり·4) = exchange control; 移管 (いかん·0) = transfer of control; 管楽器 (かんがっき·3) = wind instrument; 管轄 (かんかつ·0) = jurisdiction, control; 管区 (かんく·1) = jurisdiction",水道管が破裂した。,,水道管 が 破裂 為る(する),口 竹 宀 ｜ 乞,"官,中,棺"
看,"watch over, see",カン; み.る,"一枚看板 (いちまいかんばん·5) = (a) leading player, one's sole Sunday best, the best item one has (to show); 看過 (かんか·1) = connivance, shutting one's eyes to; 看護 (かんご·1) = nursing, (army) nurse; 看護婦 (かんごふ·3) = (female) nurse; 看守 (かんしゅ·0,1) = jailer, gaoler",私は看護婦です。,,私(わたし) は 看護婦 です,ノ 一 手 二 目,"邦,且,三"
甘,"sweet, coax, pamper, be content, sugary","カン; あま.い, あま.える, あま.やかす, うま.い","甘い (あまい·0) = generous, indulgent, easy-going, sweet, fond of, soft on, overly optimistic, naive; 甘え (あまえ·0) = depending on other's kindness; 甘える (あまえる·0) = to behave like a spoiled child, to behave like a spoilt child, to fawn on, to depend and presume upon another's benevolence; 甘やかす (あまやかす·4,0) = to pamper, to spoil; 甘言 (かんげん·0,3) = cajolery",桃は甘い。,,桃 は 甘い(あまい),,
環,"ring, circle, link, wheel",カン; わ,"悪循環 (あくじゅんかん·3) = vicious circle; 一環 (いっかん·0,3) = link (eg a part of a larger plan); 円環 (えんかん·0) = torus; 環境 (かんきょう·0) = environment, circumstance; 環境庁 (かんきょうちょう·3) = Environment Agency",血液の循環。,,血液 の 循環,衣 王 口 買 一,"還,呈,舌"
汗,"sweat, perspire",カン; あせ,"汗 (あせ·1) = sweat, perspiration; 汗ばむ (あせばむ·3) = to be sweaty; 発汗 (はっかん·0) = sweating, perspiration; 冷汗 (れいかん·0) = cold sweat; 汗水 (あせみず·1) = sweat",大汗をかいた。,,大汗(おおあせ) を 掻く,干 汁,"酒,軒,肝"
換,"interchange, period, charge, change?","カン; か.える, -か.える, か.わる","換気 (かんき·0) = ventilation; 換金 (かんきん·0) = realize, realise, turn into money; 換算 (かんざん·0) = conversion, change, exchange; 互換 (ごかん·0) = transposition, interchangeable, compatible (eg PC)",乗り換えるのですか。,,乗り換える のです か,大 儿 冂 勹 扎,"喚,挑,拘"
慣,"accustomed, get used to, become experienced","カン; な.れる, な.らす","慣らす (ならす·2) = to accustom; 慣れ (なれ·2) = practice, practise, experience; 慣行 (かんこう·0) = customary practice, customary practise, habit, traditional event; 慣習 (かんしゅう·0) = usual (historical) custom; 慣性 (かんせい·0) = inertia",すぐに慣れるわ。,,直ぐに 慣れる わ,貝 目 ハ 母 忙 毋,"貫,買,貝"
感,"emotion, feeling, sensation",カン,"哀感 (あいかん·0) = pathos; 違和感 (いわかん·2) = malaise, physical unease, uncomfortable feeling, feeling out of place, sense of discomfort; 快感 (かいかん·0) = pleasant feeling; 感じ (かんじ·0) = feeling, sense, impression; 感じる (かんじる·0) = to feel, to sense, to experience",同感です。,,同感 です,ノ 口 心 戈,"憾,惑,成"
干,"dry, parch","カン; ほ.す, ほ.し-, -ぼ.し, ひ.る","干る (ひる·1) = to dry; 干潟 (ひがた·0) = tideland; 干渉 (かんしょう·0) = interference, intervention; 干拓 (かんたく·0) = land reclamation (from sea); 干満 (かんまん·0) = ebb and flow",彼に干渉するな。,,彼(かれ) に 干渉 為る(する) な,十 一,"講,直,汁"
官,"bureaucrat, the government",カン,"医官 (いかん·1) = medical officer; 下士官 (かしかん·3,2) = non-commissioned officer; 外交官 (がいこうかん·3) = diplomat; 官界 (かんかい·0) = bureaucracy",勝てば官軍。,,勝つ 官軍,口 宀 ｜,"棺,中,管"
完,"perfect, completion, end",カン,"完結 (かんけつ·0) = conclusion, completion; 完済 (かんさい·0) = full payment, liquidation; 完熟 (かんじゅく·0) = completely ripe or mature; 完遂 (かんすい·0) = accomplishment; 完成 (かんせい·0) = complete, completion, perfection, accomplishment",完璧だ！,,完璧 だ,二 儿 宀 元,"莞,頑,穴"
巻,"scroll, volume, book, part, roll up, wind up, tie, coil, counter for texts (or book scrolls)","カン, ケン; ま.く, まき, ま.き","圧巻 (あっかん·0) = highlight, best part, masterpiece; 一巻 (いっかん·3) = one volume; 渦巻 (うずまき·2) = whirlpool, eddy, coil; 渦巻く (うずまく·3) = to whirl, to eddy, to swirl, to curl (smoke); 遠巻き (とおまき·0) = surrounding at a distance",葉巻はいかが？,,葉巻 は 如何(いかが),大 二 并 已,"圏,拳,巳"
刊,"publish, carve, engrave",カン,"刊行 (かんこう·0) = publication, issue; 季刊 (きかん·0) = quarterly (eg magazine); 休刊 (きゅうかん·0) = suspension of publication; 近刊 (きんかん·0) = recent publication; 月刊 (げっかん·0) = monthly publication",これは日刊新聞です。,,此れ は 日刊新聞 です,刈 干,"軒,肝,班"
乾,"drought, dry, dessicate, drink up, heaven, emperor","カン, ケン; かわ.く, かわ.かす, ほ.す, ひ.る, いぬい","飲乾す (のみほす·3,0) = to drink up, to drain (cup); 乾かす (かわかす·3) = to dry (clothes, etc.), to desiccate; 乾き (かわき·3) = drying, dryness; 乾パン (かんパン·3,0) = cracker, hard biscuit, hardtack; 乾燥 (かんそう·0) = dry, arid, insipid, dehydrated",あなたに乾杯！,,貴方(あなた) に 乾杯,乙 十 日 ノ 一 人 乞,"晋,旦,干"
活,"lively, resuscitation, being helped, living","カツ; い.きる, い.かす, い.ける","活火山 (かつかざん·3) = active volcano; 活気 (かっき·0) = energy, liveliness; 活況 (かっきょう·0) = activity, briskness, prosperity; 活劇 (かつげき·0) = action picture, riotous scene; 活字 (かつじ·0) = printing type",放蕩生活を送る。,,放蕩生活 を 送る,ノ 口 十 汁 舌,"括,呂,叶"
割,"proportion, comparatively, divide, cut, separate, split","カツ; わ.る, わり, わ.り, わ.れる, さ.く","額面割れ (がくめんわれ·0) = drop below par; 割引券 (わりびきけん·4) = discount coupon or ticket; 割出す (わりだす·3) = to calculate, to compute, to infer; 割振り (わりふり·0) = assignment, allotment, quota, rationing; 割り振る (わりふる·3) = to assign, to allot, to divide among, to distribute, to prorate, to assess",カップが割れた。,,カップ が 割れる,刈 口 土 宀 亠 二,"害,轄,吐"
額,"forehead, tablet, plaque, framed picture, sum, amount, volume",ガク; ひたい,"価額 (かがく·0) = valuation, amount; 額 (がく·0,2) = picture (framed), amount or sum (of money); 額縁 (がくぶち·0) = picture frame; 額面 (がくめん·0) = face value, par; 額面割れ (がくめんわれ·0) = drop below par",差額はありますか。,,差額 は 有る か,貝 目 ハ 口 頁 夂 宀,"唄,碩,買"
革,"leather, become serious, skin, hide, pelt",カク; かわ,"沿革 (えんかく·0) = history, development; 革まる (あらたまる·4) = to be renewed, to stand on ceremony, to be formal, to take a turn for the worse; 改革 (かいかく·0) = reform, reformation, innovation; 革靴 (かわぐつ·0) = leather boots; 革新 (かくしん·0) = reform, innovation",良い革は何年ももつ。,,良い 革 は 何年 も 持つ,廾 口 十,"叶,古,舌"
較,"contrast, compare","カク, コウ; くら.べる","較正 (こうせい) = proofreading, correction of press, calibration; 較べる (くらべる·0) = to compare, to calibrate; 比較 (ひかく·0) = comparison; 比較的 (ひかくてき·0) = comparatively, relatively; 見較べる (みくらべる·0,4) = to compare with the eye",彼女は比較的早口だ。,,彼女 は 比較的 早口 だ,車 父 亠,"交,衣,亡"
角,"angle, corner, square, horn, antlers","カク; かど, つの","一角 (いっかく·0,4) = corner, section, point, one narwhal, apparently; 鋭角 (えいかく·0,1) = acute angle; 外角 (がいかく·0) = outside corner, external angle; 町角 (まちかど·0) = street corner; 角 (かど·1) = corner (eg desk, pavement), edge",そこの角ですよ。,,其処(そこ) の 角(かど) です よ,勹 月 ｜,"朋,胞,陥"
覚,"memorize, learn, remember, awake, sober up","カク; おぼ.える, さ.ます, さ.める, さと.る","覚え (おぼえ·3,2) = memory, sense, experience; 覚める (さめる·2) = to wake, to wake up; 覚悟 (かくご·1,2) = resolution, resignation, readiness, preparedness; 感覚 (かんかく·0) = sense, sensation; 幻覚 (げんかく·0) = hallucination, illusion",覚えてる？,,覚える,見 尚 冖,"蛍,栄,学"
確,"assurance, firm, tight, hard, solid, confirm, clear, evident","カク, コウ; たし.か, たし.かめる","確かめる (たしかめる·4) = to ascertain; 確乎 (かっこ·1) = firm, unshakeable, resolute; 確執 (かくしつ·0) = discord, antagonism; 確実 (かくじつ·0) = certainty, reliability, soundness; 確証 (かくしょう·0) = positive proof",確かだよ。,,確か だ よ,口 石 宀 隹,"唯,礁,舌"
格,"status, rank, capacity, character, case (law, grammar)","カク, コウ, キャク, ゴウ","価格 (かかく·0,1) = price, value, cost; 格 (かく·0,2) = status, character, case; 格安 (かくやす·0) = cheap, reasonable; 格下げ (かくさげ·0) = demotion, downgrading; 格言 (かくげん·0,2) = aphorism",彼は人格者だ。,,彼(かれ) は 人格者 だ,口 木 夂,"杏,舌,石"
拡,"broaden, extend, expand, enlarge","カク, コウ; ひろ.がる, ひろ.げる, ひろ.める","拡散 (かくさん·0) = scattering, diffusion, spread (eg signal across the spectrum); 拡充 (かくじゅう·0) = expansion; 拡大 (かくだい·0) = magnification, enlargement; 拡張 (かくちょう·0) = expansion, extension, enlargement, escape (ESC); 軍拡 (ぐんかく·0) = military expansion, expansion of armaments",それは拡大解釈だね。,,其れ は 拡大解釈 だ ね(#2029080),厶 广 扎,"払,鉱,握"
各,"each, every, either",カク; おのおの,"各位 (かくい·1) = everyone, ladies and gentlemen, attention media representatives (eg heading on a press release); 各自 (かくじ·1) = individual, each; 各面 (かくめん) = all phases; 各 (おのおの·2) = each, every, either, respectively, severally; 各種学校 (かくしゅがっこう·4) = vocational school",各自の部署に就け。,,各自 の 部署 に 就く,口 夂 攵,"警,驚,舌"
害,"harm, injury",ガイ,"加害者 (かがいしゃ·2) = assailant; 害 (がい·1) = injury, harm, evil influence, damage; 害悪 (がいあく·1) = harm, injury, evil (influence); 害虫 (がいちゅう·0) = harmful insect, noxious insect; 危害 (きがい·1) = injury, harm, danger",害になる薬もある。,,害 になる 薬(くすり) も 有る,口 土 亠 宀 二,"轄,割,吐"
貝,shellfish,バイ; かい,"貝 (かい·1) = shell, shellfish; 貝殼 (かいがら·3,0) = shell; 魚貝 (ぎょかい·0) = marine products, seafood, fish and shellfish; 魚貝類 (ぎょかいるい·2) = marine products, seafood, fish and shellfish; 巻貝 (まきがい·2) = snail, spiral shell",貝は好きではない。,,貝(かい) は 好き(すき) では無い,目 ハ,"買,具,貧"
階,"storey, stair, counter for storeys of a building",カイ; きざはし,"一階 (いっかい·0) = one floor, first floor; 音階 (おんかい·0) = musical scale; 階 (かい·1) = stories, storeys, counter for storeys and floors of a building; 階下 (かいか·1) = lower floor, downstairs; 階級 (かいきゅう·0) = class, rank, grade",８階にあります。,,階(かい) に 有る,白 比 阡,"皆,陛,鹿"
絵,"picture, drawing, painting, sketch","カイ, エ","影絵 (かげえ·2) = shadow picture; 下絵 (したえ·0) = rough sketch, cartoon, design; 絵 (え·1) = picture, drawing, painting, sketch; 絵具 (えのぐ·0) = colors, colours, paints; 絵画 (かいが·1) = picture",これは絵画だ。,,此れ は 絵画 だ,糸 幺 小 二 个 厶,"会,糸,示"
皆,"all, everything","カイ; みな, みんな","皆 (みんな·3) = all, everyone, everybody; 皆さん (みなさん·2) = everyone; 皆殺し (みなごろし·0) = massacre, annihilation, wholesale slaughter; 皆無 (かいむ·1) = nothing; 皆目 (かいもく·0) = entirely",皆が笑った。,,皆 が 笑う,白 比,"階,鹿,迫"
灰,"ashes, puckery juice, cremate",カイ; はい,"火山灰 (かざんばい·2) = volcanic ash; 灰 (あく·0) = puckery juice; 灰皿 (はいさら·0) = ashtray; 灰色 (はいいろ·0) = grey, gray, ashen; 生石灰 (せいせっかい·3) = quick lime",灰皿を下さい。,,灰皿 を 下さい,火 厂,"炭,炎,辰"
械,"contraption, fetter, machine, instrument",カイ; かせ,"機械 (きかい·2) = machine, mechanism; 機械化 (きかいか·0) = mechanization, mechanisation, computerization; 工作機械 (こうさくきかい·6,5) = machine tools; 産業機械 (さんぎょうきかい·6) = industrial machinery; 器械体操 (きかいたいそう·4) = apparatus gymnastics",ようこそ機械へ。,,ようこそ 機械 へ,木 廾 戈,"戒,桟,栽"
改,"reformation, change, modify, mend, renew, examine, inspect, search","カイ; あらた.める, あらた.まる","改めて (あらためて·3) = another time, again, over again, anew, formally; 改悪 (かいあく·0) = deterioration, changing for the worse; 改革 (かいかく·0) = reform, reformation, innovation; 改憲 (かいけん·0) = constitutional change; 改作 (かいさく·0) = adaptation (of story)",法律が改正された。,,法律 が 改正 為れる,已 攵 乞,"竹,巳,己"
快,"cheerful, pleasant, agreeable, comfortable",カイ; こころよ.い,"快い (こころよい·4) = pleasant, agreeable; 快楽 (けらく·0,1) = pleasure; 快闊 (かいかつ·0) = cheerfulness, liveliness, lighthearted; 快感 (かいかん·0) = pleasant feeling; 快挙 (かいきょ·1) = brilliant achievement",気候は快適です。,,気候 は 快適 です,人 大 二 忙 ユ,"決,芙,扶"
解,"unravel, notes, key, explanation, understanding, untie, undo, solve, answer, cancel, absolve, explain, minute","カイ, ゲ; と.く, と.かす, と.ける, ほど.く, ほど.ける, わか.る, さと.る","解禁 (かいきん·0) = lifting a ban; 解決 (かいけつ·0) = settlement, solution, resolution; 解雇 (かいこ·1) = discharge, dismissal; 解散 (かいさん·0) = breakup, dissolution; 解釈 (かいしゃく·1) = explanation, interpretation",了解しました。,,了解 為る(する),角 牛 刀,"初,辺,触"
介,"jammed in, shellfish, mediate, concern oneself with",カイ,"一介 (いっかい·0) = mere, only a ..; 介して (かいして) = through the medium of; 介護 (かいご·1) = nursing; 介在 (かいざい·0) = mediation, interposition, intervention; 介添え (かいぞえ·0) = helper, assistant, second",厄介な事だ。,,厄介 事(こと) だ,ハ 个,"谷,全,金"
過,"overdo, exceed, go beyond, error","カ; す.ぎる, -す.ぎる, -す.ぎ, す.ごす, あやま.つ, あやま.ち","一過 (いっか·1) = passing away; 過ぎ (すぎ·2) = past, after, too (much), over (eg eating); 過ぎる (すぎる·2) = to pass, to go beyond, to elapse, to exceed; 過去る (すぎさる·0,3) = to pass, to pass away; 過ごす (すごす·2) = to pass, to spend, to go through, to tide over",夏は過ぎた。,,夏(なつ) は 過ぎる(すぎる),口 込 冂,"週,尚,向"
貨,"freight, goods, property",カ,"貨車 (かしゃ·1) = freight car, van; 貨物 (かぶつ·1) = cargo, freight, money or assets; 貨幣 (かへい·1) = money, currency, coinage; 貨幣価値 (かへいかち·4) = currency value; 外貨 (がいか·1) = imported goods, foreign money",私は硬貨で払った。,,私(わたし) は 硬貨 で(#2028980) 払う,化 貝 目 ハ 匕,"傾,買,賃"
課,"chapter, lesson, section, department, division, counter for chapters (of a book)",カ,"課 (か·1) = lesson, section (in an organization), division, department, counter for lessons and chapters (of a book); 課す (かす·1) = to impose; 課する (かする·2) = to impose; 課員 (かいん·1,0) = section staff; 課外 (かがい·1,0) = extracurricular",第２課は易しい。,,第 課 は 易しい,言 田 木,"謀,裸,菓"
菓,"candy, cakes, fruit",カ,"菓子 (かし·1) = pastry; 菓子屋 (かしや·2) = confectionery shop; 製菓 (せいか·1) = confectionery; 駄菓子 (だがし·2,0) = cheap sweets; 洋菓子 (ようがし·3) = Western confectionery",いろいろなお菓子があった。,,色々 お菓子 が 有る,田 木 艾,"苗,課,裸"
荷,"baggage, shoulder-pole load, bear (a burden), shoulder (a gun), load, cargo, freight",カ; に,"荷 (に·1,0) = load, baggage, cargo; 荷造り (にづくり·2) = packing, baling, crating; 荷主 (にぬし·0,1) = shipper; 荷台 (にだい·0) = (truck) load-carrying tray, (bicycle) luggage carrier, roof rack; 荷動き (にうごき·2) = movement of goods",彼は重荷に喘いだ。,,彼(かれ) は 重荷 に 喘ぐ,化 口 亅 艾 一,"何,伺,司"
河,river,カ; かわ,"運河 (うんが·1) = canal, waterway; 黄河 (こうが·1) = Yellow river (in China); 河川 (かせん·1) = rivers; 河童 (かっぱ·0) = water demon, excellent swimmer, rolled sushi containing a stick of cucumber; 河内 (はのい) = Hanoi",これが河？,,此れ が 川,口 汁 亅 一,"司,可,了"
果,"fruit, reward, carry out, achieve, complete, end, finish, succeed","カ; は.たす, はた.す, -は.たす, は.てる, -は.てる, は.て","因果 (いんが·1) = cause and effect, karma, fate; 果たす (はたす·2) = to accomplish, to fulfill, to carry out, to achieve; 果て (はて·2) = the end, the extremity, the limit(s), the result; 果てる (はてる·2) = to end, to be finished, to be exhausted, to die, to perish",疲れ果てたよ。,,疲れ果てる よ,｜ 田 木,"柚,棟,東"
科,"department, course, section",カ,"医科 (いか·1) = medical science, medical department; 家庭科 (かていか·0) = home economics; 科名 (かめい·0,1) = family name, house name, family honour, family honor; 科 (か·1) = department, section; 科する (かする·2) = to inflict, to impose (a fine, etc.)",彼は科学者です。,,彼(かれ) は 科学者 です,禾 斗,"斜,香,稚"
可,"can, possable, mustn't, should not, do not","カ, コク; -べ.き, -べ.し","可 (か·1) = passable; 可逆 (かぎゃく·0) = reversible; 可及的 (かきゅうてき·0) = as .. as possible; 可決 (かけつ·0) = approval, adoption (eg motion, bill), passage; 可視 (かし·1) = visibility",学生に限り入場可。,,学生(がくせい) に 限り(かぎり) 入場 可,一 口 亅,"司,阿,詞"
加,"add, addition, increase, join, include, Canada","カ; くわ.える, くわ.わる","加 (か·1) = addition, increase; 加える (くわえる·0,3) = to append, to sum up, to add (up), to include, to increase, to inflict; 加わる (くわわる·0,3) = to join in, to accede to, to increase, to gain in (influence); 加圧 (かあつ·0) = increasing pressure; 加害者 (かがいしゃ·2) = assailant",会話に加われば？,,会話 に 加わる,口 力,"茄,架,嘉"
価,"value, price","カ, ケ; あたい","案価 (あんか) = low price, cheapness; 栄養価 (えいようか·3) = food value; 価格 (かかく·0,1) = price, value, cost; 価額 (かがく·0) = valuation, amount; 価値 (かち·1) = value, worth, merit",株価が下がった。,,株価 が 下がる,化 西,"要,茜,栗"
仮,"sham, temporary, interim, assumed (name), informal","カ, ケ; かり, かり-","仮に (かりに·0) = temporarily, provisionally, for example, for argument's sake; 仮死 (かし·1) = asphyxiation, apparent death; 仮処分 (かりしょぶん·3) = temporary measures; 仮称 (かしょう·0) = temporary name",仮性近視です。,,仮性近視 です,化 又 厂,"反,皮,返"
化,"change, take the form of, influence, enchant, delude, -ization","カ, ケ; ば.ける, ば.かす, ふ.ける, け.する","御化け (おばけ·2) = goblin, apparition, monster, ghost; あっ化 (あっか) = (suffer) deterioration, growing worse, aggravation, degeneration, corruption; 一元化 (いちげんか·0) = unification, centralization, centralisation; 羽化 (うか·1) = emergence (of insects), growing wings and flying",化学が嫌いだ。,,化学 が 嫌い だ,匕,"老,旨,尼"
温,warm,"オン; あたた.か, あたた.かい, あたた.まる, あたた.める, ぬく","温厚 (おんこう·0) = gentle; 温室 (おんしつ·0) = greenhouse; 温床 (おんしょう·0) = hotbed, breeding ground; 温情 (おんじょう·0) = warm heart, kindliness; 温泉 (おんせん·0) = spa, hot spring, onsen",体温を計る。,,体温 を 計る,皿 汁 日,"血,晶,昌"
億,"hundred million, 10**8",オク,"一億 (いちおく·2) = 100,000,000, one hundred million; 億 (おく·1) = 100,000,000, hundred million; 十億 (じゅうおく·0) = 1,000,000,000, billion (American), milliard (British); 数億年 (すうおくねん) = several hundreds of million of years; 百億 (ひゃくおく) = 10,000,000,000, ten billion (American), ten milliard (British)",出来高は５億株だった。,,出来高 は 億 株(かぶ) だ,音 化 心 日 立,"憶,位,章"
黄,yellow,"コウ, オウ; き, こ-","黄 (き·1,0) = yellow; 黄ばむ (きばむ·2,0) = to turn yellow; 黄河 (こうが·1) = Yellow river (in China); 黄海 (こうかい·1) = Yellow Sea; 黄金 (こがね·0,1) = gold",鼻汁は黄緑色です。,,鼻汁 は 黄緑色 です,田 ハ,"異,寅,八"
王,"king, rule, magnate",オウ; -ノウ,"王位 (おうい·1) = the throne, the crown; 王家 (おうけ·1) = royal family; 王冠 (おうかん·0) = crown, diadem, bottle cap; 王宮 (おうきゅう·0) = royal palace; 王権 (おうけん·0) = royalty",女王万歳。,,女王 万歳(ばんざい),,
欧,Europe,"オウ; うた.う, は.く","欧州 (おうしゅう·1) = Europe; 欧風 (おうふう·0) = European style, Occidental; 欧文 (おうぶん·0) = European language, foreign text; 西欧 (せいおう·0) = Western Europe; 中欧 (ちゅうおう·0) = Central Europe",北欧では冬の訪れが早い。,,北欧 で(#2028980) は 冬 の 訪れ が 早い,欠 匚 ノ 丶,"駆,臣,巨"
横,"sideways, side, horizontal, width, woof",オウ; よこ,"横 (よこ·0) = beside, side, width; 横たえる (よこたえる·4,3) = to lie down, to lay (oneself) down; 横たわる (よこたわる·4) = to lie down, to stretch out; 横顔 (よこがお·0) = face in profile, profile, face seen from the side; 横穴 (よこあな·0) = cave, tunnel",横向きに寝る。,,横向き に 寝る,｜ 黄 田 二 日 ハ 木 廾,"柚,申,甲"
押,"push, stop, check, subdue, attach, seize, weight, shove, press, seal, do in spite of","オウ; お.す, お.し-, お.っ-, お.さえる, おさ.える","押え込む (おさえこむ·4) = to pin down, to immobilize, to immobilise, to control, to suppress; 押し (おし·0) = push, pressure, authority, audacity; 押寄せる (おしよせる·4) = to push aside, to advance on",彼は押しが強い。,,彼(かれ) は 押し が 強い(つよい),｜ 日 扎 田,"抽,捜,申"
応,"apply, answer, yes, OK, reply, accept","オウ, ヨウ; -ノウ, あた.る, まさに, こた.える","応える (こたえる·3,2) = to respond, to answer, to strike home, to take its toll, to reward; 応じる (おうじる·0,3) = to respond, to satisfy, to accept, to comply with, to apply for; 応援 (おうえん·0) = aid, assistance, help, reinforcement, rooting, barracking, support, cheering; 応急 (おうきゅう·0) = emergency; 応酬 (おうしゅう·0) = reply",応援してね！,,応援 為る(する) ね(#2029080),心 广,"慶,麻,鹿"
奥,"heart, interior","オウ, オク; おく.まる, くま","奥 (おく·1) = interior, inner part; 奥の手 (おくのて·3,4) = left hand, upper hand, secret skills, secret, mystery, last resort, trump card; 奥まって (おくまって) = secluded, innermost; 奥まる (おくまる·3) = to lie deep in, to extend far back; 奥義 (おうぎ·1) = secrets, mysteries, hidden purpose",奥さんはお元気？,,奥さん は 御(お) 元気,大 米 冂,"喬,換,喚"
央,"center, middle",オウ,"中央 (ちゅうおう·3,0) = centre, central, center, middle; 中央集権 (ちゅうおうしゅうけん·5) = centralized authoritarian rule, centralised authoritarian rule",中央線ですね。,,NI です ね(#2029080),ノ 一 大 冖,"矢,瑛,奔"
汚,"dirty, pollute, disgrace, rape, defile","オ; けが.す, けが.れる, けが.らわしい, よご.す, よご.れる, きたな.い","汚い (きたない·3) = dirty, unclean, filthy; 汚職 (おしょく·0) = corruption; 汚水 (おすい·0) = filthy water, sewage; 汚染 (おせん·0) = pollution, contamination; 汚濁 (おだく·0) = pollution, contamination, corruption, graft",彼の部屋は汚い。,,彼(かれ) 部屋 は 汚い,一 汁 勹 二,"三,洪,添"
塩,salt,エン; しお,"塩化 (えんか·0) = chloride; 塩基 (えんき·1,0) = base (chem.); 塩酸 (えんさん·0) = hydrochloric acid; 塩焼 (しおやき·0,4) = (fish) grilled or broiled with salt, boiling seawater to get salt",青菜に塩。,,青菜 に 塩,口 皿 土 ノ 一 人 乞,"告,右,呂"
煙,smoke,"エン; けむ.る, けむり, けむ.い","愛煙家 (あいえんか·0) = heavy smoker, habitual smoker; 煙 (けむり·0) = smoke, fumes; 煙突 (えんとつ·0) = chimney; 煙幕 (えんまく·1) = smokescreen; 煙火 (はなび·1) = fireworks",煙でむせた。,,煙 で(#2028980) 噎せる,火 西 土,"炎,圭,談"
演,"performance, act, play, render, stage",エン,"演じる (えんじる·0,3) = to perform (a play), to play (a part), to act (a part), to commit (a blunder); 演ずる (えんずる·0,3) = to perform, to play; 演歌 (えんか·1) = enka, modern Japanese ballad; 演技 (えんぎ·1) = acting, performance; 演芸 (えんげい·0) = entertainment, performance",演技はじめ！,,演技 始める,汁 田 ハ 宀 一,"寅,黄,異"
延,"prolong, stretching","エン; の.びる, の.べる, の.べ, の.ばす","圧延 (あつえん·0) = rolling; 雨天順延 (うてんじゅんえん·1) = rescheduled in case of rain; 延べ (のべ·1,2) = futures, credit (buying), stretching, total; 延期 (えんき·0) = postponement, adjournment; 延焼 (えんしょう·0) = spread of fire",延引は時間の盗人。,,延引 は 時間 の 盗人,一 止 廴,"証,症,柾"
園,"park, garden, yard, farm",エン; その,"園芸 (えんげい·0) = horticulture, gardening; 園児 (えんじ·1) = kindergarten pupil; 園長 (えんちょう·1) = head of a place designated with the suffix -en (e.g. kindergarten principal, director of a zoo, etc.); 園遊会 (えんゆうかい·3) = garden party; 果樹園 (かじゅえん·2) = orchard",公園で散歩なう。,,公園 で(#2028980) 散歩 ナウ,衣 口 土 囗,"吐,猿,舌"
越,"surpass, cross over, move to, exceed, Vietnam","エツ, オツ; こ.す, -こ.す, -ご.し, こ.える, -ご.え","引き越す (ひきこす·3) = to move (house), to change residence; 越境 (えっきょう·0) = border transgression; 越権 (えっけん·0) = going beyond authority, unauthorized, unauthorised; 越冬 (えっとう·0) = passing the winter; 越年 (えつねん·0) = ring out the old year, hibernation",それは越権行為だ。,,其れ は 越権行為 だ,走 土 戈,"圭,載,赴"
液,"fluid, liquid, juice, sap, secretion",エキ,"液 (えき·1) = liquid, fluid; 液化 (えきか·0) = liquefaction; 液晶 (えきしょう·0) = liquid crystal; 液状 (えきじょう·0) = liquid state; 液体 (えきたい·0) = liquid, fluid",血液の循環。,,血液 の 循環,化 汁 亠 攵 夕 乞,"汐,倣,衣"
鋭,"pointed, sharpness, edge, weapon, sharp, violent",エイ; するど.い,"鋭い (するどい·3) = pointed, sharp; 鋭意 (えいい·1) = eagerly, earnestly; 鋭角 (えいかく·0,1) = acute angle; 鋭敏 (えいびん·0) = sharpness, keenness, sensitiveness, mental acumen; 鋭利 (えいり·1) = sharpness",彼は耳が鋭い。,,彼(かれ) は 耳 が 鋭い,金 口 并 个 儿,"豆,閲,鉛"
泳,swim,エイ; およ.ぐ,泳ぐ (およぐ·2) = to swim; 遠泳 (えんえい·0) = long-distance swimming; 競泳 (きょうえい·0) = swimming race; 水泳 (すいえい·0) = swimming; 背泳ぎ (せおよぎ·2) = backstroke (swim.),彼は泳げる。,,彼(かれ) は 泳ぐ,汁 水 丶,"永,氷,詠"
永,"eternity, long, lengthy",エイ; なが.い,"永遠 (えいえん·0) = eternity, perpetuity, immortality, permanence; 永住 (えいじゅう·0) = permanent residence; 永世 (えいせい·0) = eternity, perpetuity, immortality, permanence; 永続 (えいぞく·0) = permanence, continuation; 永代 (えいたい·1,0) = permanence, eternity",彼は、永眠した。,,彼(かれ) は 永眠 為る(する),水 丶,"氷,詠,球"
栄,"flourish, prosperity, honor, glory, splendor","エイ, ヨウ; さか.える, は.え, -ば.え, は.える, え","栄華 (えいが·1) = glory, splendour, splendor, majesty, luxury; 栄冠 (えいかん·0) = laurels, garland; 栄枯 (えいこ·1) = vicissitudes, ups and downs; 栄光 (えいこう·0) = glory; 栄誉 (えいよ·1) = honour, honor",身に余る栄光。,,身に余る栄光,尚 木 冖,"覚,蛍,梢"
営,"occupation, camp, perform, build, conduct (business)","エイ; いとな.む, いとな.み","運営 (うんえい·0) = management, administration, operation; 営み (いとなみ·0,4) = work, life; 営む (いとなむ·3) = to carry on (eg in ceremony), to run a business; 営業 (えいぎょう·0) = business, trade, sales, operations; 営繕 (えいぜん·0,1) = upkeep (of equip.)",赤字経営をする。,,赤字 経営 を 為る(する),口 尚 冖 ノ,"呂,史,掌"
雲,cloud,"ウン; くも, -ぐも","暗雲 (あんうん·0) = dark clouds; 雨雲 (あまぐも·0) = rain cloud; 雲 (くも·1) = cloud; 雲海 (うんかい·0) = sea of clouds; 雲行き (くもゆき·0) = weather, look of the sky, situation, turn of affairs, signs",空には雲がない。,,空(そら) には 雲 が 無い,一 雨 二 厶,"三,霊,曇"
羽,"feathers, counter for birds, rabbits","ウ; は, わ, はね","羽子 (はご·2) = feather, plume, wing, blade (fan, propeller, etc.), shuttlecock; 羽ばたく (はばたく·3) = to flap (wings); 羽衣 (はごろも·0) = angel's raiment; 羽化 (うか·1) = emergence (of insects), growing wings and flying; 羽子板 (はごいた·2) = battledore",その鳥は羽を震わせた。,,其の 鳥 は 羽(はね) を 震わせる,冫,"次,准,冴"
宇,"eaves, roof, house, heaven",ウ,"宇宙 (うちゅう·1) = universe, cosmos, space; 宇宙空間 (うちゅうくうかん·4) = the void of space; 大宇宙 (だいうちゅう·3) = the universe",宇宙には限りはない。,,宇宙 には 限り(かぎり) は 無い,干 亅 宀,"寄,貯,寧"
因,"cause, factor, be associated with, depend on, be limited to","イン; よ.る, ちな.む","一因 (いちいん·0) = cause; 因 (いん·1) = cause, factor; 因縁 (いんねん·0) = fate, destiny, connection, origin, pretext; 因果 (いんが·1) = cause and effect, karma, fate; 因子 (いんし·1) = factor, element",何が原因ですか。,,何 が 原因 ですか,大 囗,"恩,姻,口"
印,"stamp, seal, mark, imprint, symbol, emblem, trademark, evidence, souvenir, India","イン; しるし, -じるし, しる.す","印画紙 (いんがし·3) = (photographic) printing paper; 印鑑 (いんかん·0,3) = stamp, seal; 印刷 (いんさつ·0) = printing; 印刷機 (いんさつき·4,3) = printing press; 印紙 (いんし·0) = (revenue) stamp",沈黙は承諾の印。,,沈黙 は 承諾 の 印(しるし),｜ 卩,"卯,迎,犯"
育,"bring up, grow up, raise, rear","イク; そだ.つ, そだ.ち, そだ.てる, はぐく.む","愛育 (あいいく·0) = tender nurture; 育ち (そだち·3) = breeding, growth; 育つ (そだつ·2) = to be raised (eg child), to be brought up, to grow (up); 育英 (いくえい·0) = education",牛を飼育する。,,牛 を 飼育 為る(する),月 亠 厶,"撤,徹,衣"
域,"range, region, limits, stage, level",イキ,"域外 (いきがい·2) = outside the area; 域内 (いきない·2) = inside the area; 音域 (おんいき·0) = singing range, register; 海域 (かいいき·0) = area of ocean; 区域 (くいき·1) = limits, boundary, domain, zone, sphere, territory, area (eg in programming languages)",あの地域には入るな。,,彼の(あの) 地域 には 入る(はいる) な,口 土 戈,"哉,吐,舌"
違,"difference, differ","イ; ちが.う, ちが.い, ちが.える, -ちが.える, たが.う, たが.える","違い (ちがい·0) = difference, discrepancy; 違う (ちがう·0) = to differ (from); 違憲 (いけん·0) = unconstitutionality; 違犯 (いはん·0) = violation (of law), transgression, infringement, breach; 違法 (いほう·0) = illegal, illegality, unlawfulness",違うんだ。,,違う(ちがう) のだ,口 込 韋,"舌,石,過"
衣,"garment, clothes, dressing","イ, エ; ころも, きぬ, -ぎ","衣 (ころも·0) = clothes; 衣裳 (いしょう·1) = clothing, costume, outfit, garment, dress; 衣食 (いしょく·1) = food and clothing, livelihood, living; 衣食住 (いしょくじゅう·3) = necessities of life (food, clothing, etc.); 衣服 (いふく·1) = clothes",濡れ衣を着せられた。,,濡れ衣を着せる,亠,"亡,蛮,芝"
胃,"stomach, paunch, crop, craw",イ,"胃 (い·0) = stomach; 胃炎 (いえん·0) = gastritis, gastric catarrh; 胃袋 (いぶくろ·2) = stomach; 胃腸 (いちょう·0) = stomach, gastrointestine; 胃痛 (いつう·0) = stomach-ache, stomach pain, gastralgia",胃が痛みます。,,胃 が 痛む,月 田,"朋,膚,黄"
移,"shift, move, change, drift, catch (cold, fire), pass into","イ; うつ.る, うつ.す","移す (うつす·2) = to remove, to transfer, to infect; 移り気 (うつりぎ·3,0) = whim, frivolity, fickleness, inconstant, capriciousness; 移る (うつる·2) = to move (house), to transfer (department), to be infected, to be contagious; 移管 (いかん·0) = transfer of control",信念を行動に移した。,,信念 を 行動 に 移す,禾 夕,"多,香,稚"
異,"uncommon, queerness, strangeness, wonderful, curious, unusual","イ; こと, こと.なる, け","異なる (ことなる·3) = to differ, to vary, to disagree; 異議 (いぎ·1) = objection, dissent, protest; 異郷 (いきょう·0) = strange land; 異口同音 (いくどうおん·1) = in concert, with one voice, unanimously; 異国 (いこく·0) = foreign country",趣味は異なる。,,趣味 は 異なる,一 田 ハ 井,"黄,翼,寅"
易,"easy, ready to, simple, fortune-telling, divination","エキ, イ; やさ.しい, やす.い","安易 (あんい·1,0) = easy-going; 易しい (やさしい·0,3) = easy, plain, simple; 簡易 (かんい·1,0) = simplicity, convenience, easiness, quasi-; 交易 (こうえき·0) = trade, commerce; 難易 (なんい·1) = difficulty, relative difficulty",第２課は易しい。,,第 課 は 易しい,日 勿 勹 ノ,"旬,傷,晶"
委,"committee, entrust to, leave to, devote, discard",イ; ゆだ.ねる,"委員 (いいん·1) = committee member; 委員会 (いいんかい·2,0) = committee meeting, committee; 委員長 (いいんちょう·2) = committee chairman; 委託 (いたく·0) = consign (goods (for sale) to a firm), entrust (person with something), commit; 委任 (いにん·0) = charge, trust",彼は委員会の委員だ。,,彼(かれ) は 委員会 の 委員 だ,禾 女,"倭,香,要"
囲,"surround, besiege, store, paling, enclosure, encircle, preserve, keep","イ; かこ.む, かこ.う, かこ.い","囲い (かこい·0) = enclosure, paling, storage; 囲う (かこう·0) = to enclose; 囲む (かこむ·0) = to surround, to encircle; 囲碁 (いご·1) = Go (board game of capturing territory); 広範囲 (こうはんい·3) = extensive, vast range, wide scope",赤丸で囲む。,,赤 丸(まる) で(#2028980) 囲む,囗 井,"口,困,団"
偉,"admirable, greatness, remarkable, conceited, famous, excellent",イ; えら.い,"偉 (い·1) = greatness; 偉業 (いぎょう·0) = great enterprise, exploits; 偉人 (いじん·0) = great man; 偉大 (いだい·0) = greatness; 偉力 (いりょく·1) = power, might, authority, influence",彼は偉大な小説家だ。,,彼(かれ) は 偉大 小説家 だ,化 口 韋,"舌,石,違"
依,"reliant, depend on, consequently, therefore, due to","イ, エ; よ.る","依願 (いがん·1) = in accordance with one's request; 依拠 (いきょ·1) = dependence; 依然 (いぜん·0) = still, as yet; 依頼 (いらい·0) = request, commission, dispatch, despatch, dependence, trust",彼女は私の依頼を断った。,,彼女 は 私(わたし) 依頼 を 断る,衣 化 亠,"袋,褒,俵"
位,"rank, grade, throne, crown, about, some","イ; くらい, ぐらい","位相 (いそう·0) = phase (in science), topology; 位置付け (いちつけ·0) = placement, fixed position; 一位 (イチイ·0,2) = first place, first rank, unit's position, Japanese yew, taxus cuspidata; 王位 (おうい·1) = the throne, the crown; 下位 (かい·1) = low rank, subordinate, lower order (eg byte), low-end",王位を継ぐ。,,王位 を 継ぐ,化 立,"倍,億,倖"
案,"plan, suggestion, draft, ponder, fear, proposition, idea, expectation, bill, worry",アン; つくえ,"案価 (あんか) = low price, cheapness; 案じる (あんじる·0,3) = to be anxious, to ponder; 案の定 (あんのじょう·3) = sure enough, as usual; 案外 (あんがい·1,0) = unexpectedly; 案件 (あんけん·0) = matter in question, subject",いい案だ！,,いい 案(あん) だ,女 木 宀,"安,楼,桜"
圧,"pressure, push, overwhelm, oppress, dominate","アツ, エン, オウ; お.す, へ.す, おさ.える, お.さえる","圧延 (あつえん·0) = rolling; 圧巻 (あっかん·0) = highlight, best part, masterpiece; 圧縮空気 (あっしゅくくうき·5) = compressed air; 圧政 (あっせい·0) = power politics, political pressure, despotic administration; 圧倒的 (あっとうてき·0) = overwhelming",高血圧です。,,高血圧 です,土 厂,"涯,坂,圭"
愛,"love, affection, favourite",アイ; いと.しい,"愛 (あい·1) = love; 愛しい (いとしい·3) = lovely, dear, beloved, darling; 愛する (あいする·3) = to love; 愛らしい (あいらしい·4) = pretty, charming, lovely; 愛育 (あいいく·0) = tender nurture",愛してる。,,愛する,心 爪 冖 夂,"慶,憂,優"
