kanji,meaning,readings,compounds,sentence,kana,translation,radicals,confusables
丁,"street, ward, town, counter for guns, tools, even number, 4th calendar sign","チョウ, テイ, チン, トウ, チ; ひのと","丁目 (ちょうめ·3) = district of a town, city block (of irregular size); 庖丁 (ほうちょう·0) = kitchen knife, carving knife",彼はばか丁寧だ。,,彼(かれ) は 馬鹿 丁寧 だ,一 亅,"了,訂,灯"
両,"both, old Japanese coin, counter for carriages (eg, in a train), two","リョウ; てる, ふたつ","両者 (りょうしゃ·1) = pair, the two, both persons, both things; 両替 (りょうがえ·0) = change, money exchange; 両方 (りょうほう·3,0) = both sides, both parties; 両面 (りょうめん·0,3) = both sides, two sides; 両立 (りょうりつ·0) = compatibility, coexistence, standing together",両手をあげろ！,,両手 を 上げる,｜ 一 冂 山,"満,峰,峠"
丸,"round, full, month, perfection, -ship, pills, make round","ガン; まる, まる.める, まる.い","丸味 (まるみ·0) = roundness, rotundity; 丸める (まるめる·0) = to make round, to roll up, to curl up, to seduce, to explain away; 日の丸 (ひのまる·0) = outline of the sun (esp. represented as a red circle), the Japanese flag",地球は丸い。,,地球 は 丸い,九 丶,"熱,勢,熟"
予,"beforehand, previous, myself, I","ヨ, シャ; あらかじ.め","猶予 (ゆうよ·1) = postponement, deferment, extension (of time); 予感 (よかん·0) = presentiment, premonition; 予期 (よき·1) = expectation, assume will happen, forecast; 予告 (よこく·0) = advance notice, previous note, preliminary announcement; 予算 (よさん·0) = estimate, budget",予約してある。,,予約 為る(する),マ 一 亅,"了,丁,序"
争,"contend, dispute, argue","ソウ; あらそ.う, いか.でか","競争 (きょうそう·0) = competition, contest, to compete; 戦争 (せんそう·0) = war; 争い (あらそい·0,3) = dispute, strife, quarrel, dissension, conflict, rivalry, contest; 争う (あらそう·3) = to compete, to contest, to contend, to quarrel, to argue, to dispute, to be at variance, to oppose, (usu. in negative form) to deny (eg evidence); 争議 (そうぎ·1) = dispute, quarrel, strike",血は争えない。,,血 は 争えない,ヨ 一 亅 勹,"了,丁,浄"
交,"mingle, mixing, association, coming and going","コウ; まじ.わる, まじ.える, ま.じる, まじ.る, ま.ざる, ま.ぜる, -か.う, か.わす, かわ.す, こもごも","外交 (がいこう·0) = diplomacy; 交わる (まじわる·3) = to cross, to intersect, to associate with, to mingle with, to interest, to join; 交換 (こうかん·0) = exchange, interchange, switching, reciprocity, barter, substitution, replacement, clearing (of checks, cheques); 交響曲 (こうきょうきょく·3) = symphony; 交互 (こうご·1) = mutual, reciprocal, alternate",彼らと交わるな。,,彼ら(かれら) と 交わる な,父 亠,"郊,較,校"
他,"other, another, the others",タ; ほか,"他 (ほか·0) = other (esp. places and things), the rest; 他殺 (たさつ·0) = a murder; 他方 (たほう·2) = another side, different direction, (on) the other hand; 他人 (あだびと·0) = another person, unrelated person, outsider, stranger",他にご用は？,,他(ほか) に ご用 は,化 也,"俳,信,価"
付,"adhere, attach, refer to, append","フ; つ.ける, -つ.ける, -づ.ける, つ.け, つ.け-, -つ.け, -づ.け, -づけ, つ.く, -づ.く, つ.き, -つ.き, -つき, -づ.き, -づき","近付く (ちかづく·3,0) = to approach, to get near, to get acquainted with, to get closer; 近付ける (ちかづける·4,0) = to bring near, to put close, to let come near, to associate with; 跡片付け (あとかたづけ·3,4) = tidying up, cleaning, clearing away, putting in order; 交付 (こうふ·1,0) = delivering, furnishing (with copies); 受付ける (うけつける·4,0) = to be accepted, to receive (an application)",気を付けてね。,,気を付けて ね(#2029080),化 寸,"附,府,侍"
令,"orders, ancient laws, command, decree",レイ,"法令 (ほうれい·0) = laws and ordinances, acts (of parliament, congress, etc.); 命令 (めいれい·0) = order, command, decree, directive, (software) instruction; 年令 (ねんれい·0) = age, years",それは外交辞令だ。,,其れ は 外交辞令 だ,个 卩 一,"零,鈴,玲"
仲,"go-between, relationship",チュウ; なか,"仲断 (ちゅうだん) = interruption, suspension, break; 仲 (なか·1) = relation, relationship; 仲介 (ちゅうかい·0) = agency, intermediation; 仲間 (なかま·3) = company, fellow, colleague, associate, comrade, mate, group, circle of friends, partner; 仲裁 (ちゅうさい·0) = arbitration, intercession, mediation",彼女と仲がよい。,,彼女 と 仲が良い,｜ 化 口,"中,舌,石"
伝,"transmit, go along, walk along, follow, report, communicate, legend, tradition","デン, テン; つた.わる, つた.える, つた.う, つだ.う, -づた.い, つて","遺伝 (いでん·0) = heredity, inherent; 手伝い (てつだい·3) = helper, assistant, help; 手伝う (てつだう·3) = to help, to assist, to take part in; 宣伝 (せんでん·0) = propaganda, publicity, advertisement, advertising; 伝う (つたう·0) = to go along, to walk along, to follow",手伝おうか。,,手伝う か,化 二 厶,"仏,仁,芸"
位,"rank, grade, throne, crown, about, some","イ; くらい, ぐらい","各位 (かくい·1) = everyone, ladies and gentlemen, attention media representatives (eg heading on a press release); 学位 (がくい·1) = (university) degree; 順位 (じゅんい·1) = order, rank, precedence; 単位 (たんい·1) = unit, denomination, credit (in school); 地位 (ちい·1) = (social) position, status",王位を継ぐ。,,王位 を 継ぐ,化 立,"倍,億,倖"
例,"example, custom, usage, precedent",レイ; たと.える,"恒例 (こうれい·0) = established practice, established practise, custom; 実例 (じつれい·0) = example, illustration, precedent; 条例 (じょうれい·0) = regulations, rules, laws, acts, ordinance; 先例 (せんれい·0) = precedent; 前例 (ぜんれい·0) = precedent",そんな先例はない。,,そんな 先例 は 無い,化 刈 歹,"列,烈,裂"
係,"person in charge, connection, duty, concern oneself","ケイ; かか.る, かかり, -がかり, かか.わる","関係 (かんけい·0) = relation, connection; 無関係 (むかんけい·2) = unrelated; 係り (かかり·1) = official, duty, person in charge",無関係です。,,無関係 です,ノ 化 糸 幺 小,"紗,系,級"
信,"faith, truth, fidelity, trust",シン,"確信 (かくしん·0) = conviction, belief, confidence; 自信 (じしん·0) = self-confidence; 受信 (じゅしん·0) = reception (eg radio), receipt; 信じる (しんじる·3) = to believe, to believe in, to place trust in, to confide in, to have faith in; 信ずる (しんずる·3) = to believe, to believe in, to place trust in, to confide in, to have faith in",信号は青だ。,,信号 は 青 だ,化 言,"談,訪,記"
倉,"godown, warehouse, storehouse, cellar, treasury",ソウ; くら,"倉庫 (そうこ·1) = storehouse, warehouse, godown",彼の名前は小倉知之です。,,彼(かれ) 名前 は です,ノ 口 个 尸 一,"含,吟,右"
倍,"double, twice, times, fold",バイ,"倍 (ばい·0) = twice, double, times, -fold; 倍増 (ばいぞう·0) = double; 倍率 (ばいりつ·0) = magnification, leverage, amplification, scaling factor, scale factor",二の二倍は四。,,二 の 二倍 は 四,化 口 立,"位,舌,石"
候,"climate, season, weather",コウ; そうろう,"気候 (きこう·0) = climate; 候補 (こうほ·1) = candidate, contender, prospect, pick, choice, list; 天候 (てんこう·0) = weather; 立候補 (りっこうほ·3) = announcing candidacy; 徴候 (ちょうこう·0) = sign, indication, omen, symptom",ひどい気候です。,,酷い(ひどい) 気候 です,｜ 化 矢 ユ 乞,"侯,竹,脩"
停,"halt, stopping","テイ; と.める, と.まる","調停 (ちょうてい·0) = arbitration, conciliation, mediation; 停学 (ていがく·0) = suspension from school; 停止 (ていし·0) = suspension, interruption, stoppage, ban, standstill, halt; 停車 (ていしゃ·0) = stopping (eg train); 停滞 (ていたい·0) = stagnation, tie-up, congestion, retention, accumulation, falling into arrears",あ、停電だ。,,あ 停電 だ,化 口 亅 亠 冖 一,"何,伺,亭"
健,"healthy, health, strength, persistence",ケン; すこ.やか,"穏健 (おんけん·0) = quiet, dependable, uniform, (politically) moderate; 健やか (すこやか·2) = vigorous, healthy, sound; 健康 (けんこう·0) = health, sound, wholesome; 健全 (けんぜん·0) = health, soundness, wholesome; 保健 (ほけん·0) = health preservation, hygiene, sanitation",彼は健康だ。,,彼(かれ) は 健康 だ,化 廴 聿,"津,書,律"
側,"side, lean, oppose, regret","ソク; かわ, がわ, そば","縁側 (えんがわ·0) = veranda, porch, balcony, open corridor; 側面 (そくめん·0,3) = side, flank, sidelight, lateral; 内側 (うちがわ·0) = inside, interior, inner part; 片側 (かたがわ·0) = one side; 側 (わき·0) = side, aside, armpit, back-burner",左側通行を守れ。,,左側通行 を 守る,化 貝 目 ハ 刈,"則,買,賃"
億,"hundred million, 10**8",オク,"億 (おく·1) = 10^8, 100,000,000, hundred million; 億円 (おくえん) = one hundred million yen",出来高は５億株だった。,,出来高 は 億 株(かぶ) だ,音 化 心 日 立,"憶,位,章"
兆,"portent, 10**12, trillion, sign, omen, symptoms","チョウ; きざ.す, きざ.し","兆 (ちょう·1) = sign, omen, indication, portent, 10^12, 1,000,000,000,000, trillion (American), (obs) billion (British); 前兆 (ぜんちょう) = omen, sign",あの雲は雨の前兆だ。,,彼の(あの) 雲 は 雨 の 前兆 だ,儿 冫,"逃,眺,桃"
児,"newborn babe, child, young of animals","ジ, ニ, ゲイ; こ, -こ, -っこ","育児 (いくじ·1) = childcare, nursing, upbringing; 児 (こ·0) = child, young (animal), young woman, young geisha, offshoot, interest, new shares, bird egg, (after a noun or -masu stem) -er (often of young women); 児童 (じどう·1) = children, juvenile; 女の児 (おんなのコ·3) = girl; 小児科 (しょうにか·0) = pediatrics",彼は戦災孤児だ。,,彼(かれ) は 戦災孤児 だ,｜ 日 儿,"曲,旧,晶"
全,"whole, entire, all, complete, fulfill","ゼン; まった.く, すべ.て","安全 (あんぜん·0) = safety, security; 完全 (かんぜん·0) = perfection, completeness; 健全 (けんぜん·0) = health, soundness, wholesome; 全員 (ぜんいん·0) = all members (unanimity), all hands, the whole crew, everyone, everybody; 全集 (ぜんしゅう·0) = complete works",全速前進。,,全速 前進,王 ハ 个,"金,介,八"
公,"public, prince, official, governmental","コウ, ク; おおやけ","公営 (こうえい·0) = public management; 公園 (こうえん·0) = (public) park; 公演 (こうえん·0) = public performance, sumo exhibition in a foreign country; 公開 (こうかい·0) = open to the public; 公害 (こうがい·0) = pollution, public nuisance, contamination",公園で散歩なう。,,公園 で(#2028980) 散歩 ナウ,ハ 厶,"訟,松,聡"
共,"together, both, neither, all, and, alike, with","キョウ; とも, とも.に, -ども","何共 (なんとも) = nothing (with neg. verb), quite, not a bit; 共に (ともに·0,1) = sharing with, participate in, both, alike, together, along with, with, including; 共稼ぎ (ともかせぎ·0,3) = working together, (husband and wife) earning a living together; 共感 (きょうかん·0) = sympathy, empathy, response; 共産主義 (きょうさんしゅぎ·5) = communism, collectivism",共同責任無責任。,,共同責任 無責任,ハ ｜ 一 二,"洪,巽,供"
兵,"soldier, private, troops, army, warfare, strategy, tactics","ヘイ, ヒョウ; つわもの","核兵器 (かくへいき·3) = nuclear weapons; 徴兵 (ちょうへい·0) = conscription, recruitment, enlistment; 兵器 (へいき·1) = arms, weapons, ordinance; 兵士 (へいし·1) = soldier; 兵隊 (へいたい·0) = soldier, sailor",兵士は武装する。,,兵士 は 武装 為る(する),一 斤 ハ,"浜,丘,八"
具,"tool, utensil, means, possess, ingredients, counter for armor, suits, sets of furniture","グ; そな.える, つぶさ.に","雨具 (あまぐ·2) = rain gear; 家具 (かぐ·1) = furniture; 絵具 (えのぐ·0) = colors, colours, paints; 玩具 (がんぐ·1) = toy; 器具 (きぐ·1) = utensil",具合悪いの？,,具合 悪い(わるい) の,一 ハ 目,"貝,且,慎"
典,"code, ceremony, law, rule","テン, デン","古典 (こてん·0) = old book, classics, classic; 典型 (てんけい·0) = type, pattern, archetypal; 典型的 (てんけいてき·0) = typical, prototypical, representative, stereotypical, model, ideal; ことば典 (ことばてん·0) = dictionary; 百科辞典 (ひゃっかじてん·4) = encyclopedia (encyclopaedia)",その式典は簡素だった。,,其の 式典 は 簡素 だ,｜ 一 日 ハ,"曹,爆,暴"
内,"inside, within, between, among, house, home","ナイ, ダイ; うち","案内 (あんない·3) = information, guidance, leading, to guide, to show (around), to conduct; 以内 (いない·1) = within, inside of, less than; 屋内 (おくない·2) = indoor (court, pool, etc.); 家内 (かない·1) = (my) wife, inside the home, one's family; 境内 (けいだい·1) = compound, grounds",その内訳は？,,其の 内訳 は,人 冂,"丙,柄,納"
冷,"cool, cold (beer, person), chill","レイ; つめ.たい, ひ.える, ひ.や, ひ.ややか, ひ.やす, ひ.やかす, さ.める, さ.ます","寒冷 (かんれい·0) = cold, coldness, chilliness; 冷える (ひえる·2) = to grow cold, to get chilly, to cool down; 冷え込む (ひえこむ·0,3) = to get colder, to get chilled; 冷たい (つべたい·0) = cold (to the touch), chilly, icy, freezing, coldhearted, unfeeling; 冷める (さめる·2) = to become cool, to come down (fever), to cool down (interest), to abate, to subside, to dampen",冷たいなあ。,,冷たい なあ,个 冫 卩 一,"令,今,零"
刀,"sword, saber, knife","トウ; かたな, そり","刀 (とう·1) = (single-edged) sword, katana, dagger, knife, scalpel; 刀剣 (とうけん) = swords, blades",伝家の宝刀をぬく。,,伝家 の 宝刀 を 抜く,,
列,"file, row, rank, tier, column","レツ, レ","系列 (けいれつ·0) = series, sequence, system, order of succession, keiretsu (conglomeration of businesses linked by cross-shareholdings); 行列 (ぎょうれつ·0) = line, procession, matrix; 整列 (せいれつ·0) = standing in a row, forming a line, alignment; 直列 (ちょくれつ·0) = series (eg electrical), serial; 陳列 (ちんれつ·0) = exhibition, display, show",さあ列車がきた。,,さあ 列車 が 来る(くる),刈 歹,"烈,例,裂"
初,"first time, beginning","ショ; はじ.め, はじ.めて, はつ, はつ-, うい-, -そ.める, -ぞ.め","最初 (さいしょ·0) = beginning, outset, first, onset; 初 (はつ·2) = first, new; 初夏 (はつなつ·0) = early summer, fourth month of the lunar calendar; 初期 (しょき·1) = early (days), initial stage, (computer) initial; 初級 (しょきゅう·0) = elementary level",初耳ですね。,,初耳 です ね(#2029080),刀,"辺,召,分"
利,"profit, advantage, benefit",リ; き.く,"営利 (えいり·1) = money-making, commercialized, commercialised; 金利 (きんり·0,1) = interest rates; 権利 (けんり·1) = right, privilege; 勝利 (しょうり·1) = victory, triumph, conquest, success, win; 不利 (ふり·1) = disadvantage, handicap, unfavorable, unfavourable, drawback",利口だね。,,利口 だ ね(#2029080),禾 刈,"莉,痢,梨"
刷,"printing, print","サツ; す.る, -ず.り, -ずり, は.く",印刷 (いんさつ·0) = printing,この本は英国で印刷された。,,此の 本(ほん) は 英国 で(#2028980) 印刷 為れる,刈 巾 尸,"製,制,刺"
副,"vice-, duplicate, copy",フク,"副作用 (ふくさよう·3) = reaction, secondary effect, side effect; 副 (とりわけ·2) = especially, above all",副作用はありませんか。,,副作用 は 有る か,一 刈 口 田,"福,幅,富"
功,"achievement, merits, success, honor, credit","コウ, ク; いさお","功夫 (くふう·0) = device, scheme, devising, scheming, dedication to spiritual improvement (esp. through Zen meditation); 成功 (せいこう·0) = success, hit",彼は成功した。,,彼(かれ) は 成功 為る(する),工 力,"勁,虹,脅"
加,"add, addition, increase, join, include, Canada","カ; くわ.える, くわ.わる","加える (くわえる·0,3) = to append, to sum up, to add (up), to include, to increase, to inflict; 加わる (くわわる·0,3) = to join in, to accede to, to increase, to gain in (influence); 加害者 (かがいしゃ·2) = assailant; 加減 (かげん·0,1) = addition and subtraction, allowance for, degree, extent, measure, condition, state of health, seasoning, flavor, flavour, moderation, adjustment, influence (of the weather), chance; 加工 (かこう·0) = manufacturing, processing, treatment, machining",会話に加われば？,,会話 に 加わる,口 力,"茄,架,嘉"
助,"help, rescue, assist","ジョ; たす.ける, たす.かる, す.ける, すけ","援助 (えんじょ·1) = assistance, aid, support; 救助 (きゅうじょ·1) = relief, aid, rescue; 助かる (たすかる·3) = to be saved, to be rescued, to survive, to be helpful; 助教授 (じょきょうじゅ·2) = assistant professor; 助詞 (じょし·0) = particle, postposition",助けて！,,助けて,目 力,"賀,貝,見"
努,"toil, diligent, as much as possible",ド; つと.める,"努力 (どりょく·1) = great effort, exertion, endeavour, endeavor, effort",説得に努めた。,,説得 に 努める,女 又 力,"奴,皮,怒"
労,"labor, thank for, reward for, toil, trouble","ロウ; ろう.する, いたわ.る, いた.ずき, ねぎら, つか.れる, ねぎら.う","ご苦労様 (ごくろうさま·2) = thank you very much for your ..., I appreciate your efforts; 過労 (かろう·0) = overwork, strain; 勤労 (きんろう·0) = labor, labour, exertion, diligent service; 苦労 (くろう·1) = troubles, hardships; 疲労 (ひろう·0) = fatigue, weariness",ご苦労様でした。,,ご苦労様 です,尚 力 冖,"覚,蛍,栄"
勇,"courage, cheer up, be in high spirits, bravery, heroism",ユウ; いさ.む,"勇ましい (いさましい·4) = brave, valiant, gallant, courageous; 勇敢 (ゆうかん·0) = brave, heroic, gallant; 勇気 (ゆうき·1) = courage, bravery, valour, valor, nerve, boldness",彼は勇敢だった。,,彼(かれ) は 勇敢 だ,田 力 マ,"湧,男,矛"
勝,"victory, win, prevail, excel","ショウ; か.つ, -が.ち, まさ.る, すぐ.れる, かつ","決勝 (けっしょう·0) = decision of a contest, finals (in sports); 勝手 (かって·0) = one's own convenience, one's way, convenience or ease of use, knowledge of how to use, circumstances, situation (eg financial), environment, kitchen, arbitrary; 勝敗 (しょうはい·0) = victory or defeat, issue (of battle); 勝負 (しょうぶ·1) = victory or defeat, match, contest, game, bout; 勝利 (しょうり·1) = victory, triumph, conquest, success, win",楽勝だよ。,,楽勝 だ よ,月 人 大 二 并 力,"騰,朕,脅"
包,"wrap, pack up, cover, conceal","ホウ; つつ.む, くる.む","包み (つつみ·3) = bundle, package, parcel, bale; 包囲 (ほうい·1) = siege, encirclement, envelopment; 包装 (ほうそう·0) = packing, wrapping; 包む (つつむ·2) = to wrap up, to tuck in, to pack, to do up, to cover with, to dress in, to conceal, to hide, to be engulfed in, to be enveloped by; 小包み (こづつみ·2) = parcel, package",包帯をしなさい。,,包帯 を 為る(する) 為さい,勹 已,"飽,胞,泡"
化,"change, take the form of, influence, enchant, delude, -ization","カ, ケ; ば.ける, ば.かす, ふ.ける, け.する","御化け (おばけ·2) = goblin, apparition, monster, ghost; あっ化 (あっか) = (suffer) deterioration, growing worse, aggravation, degeneration, corruption; 化ける (ばける·2) = to appear in disguise, to take the form of, to change for the worse, to corrupt; 化学 (ばけがく·2) = chemistry, chemical (company); 化石 (かせき·0) = fossil, petrifaction, fossilization, fossilisation",化学が嫌いだ。,,化学 が 嫌い だ,匕,"老,旨,尼"
卒,"graduate, soldier, private, die","ソツ, シュツ; そっ.する, お.える, お.わる, ついに, にわか","卒業 (そつぎょう·0) = graduation, completion (eg of a course), outgrowing something, moving on; 卒先 (そっせん·0) = taking the initiative; 卒直 (そっちょく·0) = frankness, candour, candor, openheartedness",学校を卒業した。,,学校 を 卒業 為る(する),十 人 亠,"翠,衣,汁"
協,"co-, cooperation",キョウ,"協議 (きょうぎ·1) = conference, consultation, discussion, negotiation; 妥協 (だきょう·0) = compromise, giving in; 農協 (のうきょう·0) = agricultural cooperative; 協同 (きょうどう·0) = doing together (as equals), sharing, cooperation, co-operation, collaboration",私は彼と協力した。,,私(わたし) は 彼(かれ) と 協力 為る(する),十 力,"汁,隼,針"
単,"simple, one, single, merely",タン; ひとえ,"単なる (たんなる·1) = mere, simple, sheer; 単に (たんに·1) = simply, merely, only, solely; 単位 (たんい·1) = unit, denomination, credit (in school); 単一 (たんいつ·0) = single, simple, sole, individual, unitary; 単語 (たんご·0) = word, vocabulary, (usually) single-character word",答は簡単でした。,,答え(#1449530) は 簡単 です,十 尚 田,"禅,戦,弾"
博,"Dr., command, esteem, win acclaim, Ph.D., exposition, fair","ハク, バク","博愛 (はくあい·0) = charity, benevolence, philanthropy, (love for) humanity; 博士 (はくし·1) = doctorate, PhD, Dr (as a title), expert, learned person; 博物館 (はくぶつかん·4) = museum; 博覧会 (はくらんかい·3) = fair, exhibition, exposition",彼の博識には驚く。,,彼(かれ) 博識 には 驚く,十 寸 田 丶,"専,薄,縛"
印,"stamp, seal, mark, imprint, symbol, emblem, trademark, evidence, souvenir, India","イン; しるし, -じるし, しる.す","印鑑 (いんかん·0,3) = stamp, seal; 印刷 (いんさつ·0) = printing; 印紙 (いんし·0) = (revenue) stamp; 印象 (いんしょう·0) = impression; 調印 (ちょういん·0) = signature, signing, sealing",沈黙は承諾の印。,,沈黙 は 承諾 の 印(しるし),｜ 卩,"卯,迎,犯"
原,"meadow, original, primitive, field, plain, prairie, tundra, wilderness",ゲン; はら,"原っぱ (はらっぱ·1) = open field, empty lot, plain; 原因 (げんいん·0) = cause, origin, source; 原稿 (げんこう·0) = manuscript, copy; 原稿用紙 (げんこうようし·5) = Japanese writing paper; 原告 (げんこく·0) = plaintiff, accuser, prosecutor",何が原因ですか。,,何 が 原因 ですか,小 白 厂,"源,願,線"
参,"nonplussed, three, going, coming, visiting, visit, be defeated, die","サン, シン; まい.る, まい-, まじわる, みつ","御参り (おまいり·0) = worship, shrine visit; 降参 (こうさん·0) = giving in to; 参る (まいる·1) = to go, to come, to call, to visit (shrine, grave); 参加 (さんか·0) = participation; 参議院 (さんぎいん·3) = House of Councillors",前記参照。,,前記 参照,一 厶 彡,"惨,至,雲"
反,anti-,"ハン, ホン, タン, ホ; そ.る, そ.らす, かえ.す, かえ.る, -かえ.る","反する (はんする·3) = to be inconsistent with, to oppose, to contradict; 反応 (はんのう·0) = reaction, response; 反感 (はんかん·0) = antipathy, revolt, animosity; 反響 (はんきょう·0) = echo, reverberation, repercussion, reaction, influence; 反撃 (はんげき·0) = counterattack, counteroffensive, counterblow",反対投票多数。,,反対 投票 多数,又 厂,"返,版,板"
取,"take, fetch, take up","シュ; と.る, と.り, と.り-, とり, -ど.り","引取る (ひきとる·3) = to take charge of, to take over, to retire to a private place; 横取り (よこどり·0) = usurpation, snatching, seizure; 採取 (さいしゅ·1,0) = picking, collecting, harvesting; 搾取 (さくしゅ·1) = exploitation, squeezing, sweating; 取り扱う (とりあつかう·0,5) = to treat, to handle, to deal in",キーを取って。,,キー(#1040680) を 取る,耳 又,"趣,皮,最"
受,"accept, undergo, answer (phone), take, get, catch, receive","ジュ; う.ける, -う.け, う.かる","感受性 (かんじゅせい·0) = sensitivity; 受かる (うかる·2) = to pass (examination); 受けつぐ (うけつぐ·0,3) = to inherit, to succeed, to take over; 受け持つ (うけもつ·3,0) = to take (be in) charge of",受験に落ちた。,,受験 に 落ちる,爪 又 冖,"授,皮,浸"
史,"history, chronicle",シ,"史上 (しじょう·0) = historical; 歴史 (れきし·0) = history; 歴史的 (れきしてき·0) = historic, historical, traditional",歴史は繰り返す。,,歴史 は 繰り返す,ノ 口,"呂,宮,告"
号,"nickname, number, item, title, pseudonym, name, call","ゴウ; さけ.ぶ, よびな","記号 (きごう·0) = symbol, code, sign; 元号 (げんごう·3,0) = era name; 号 (ごう·1) = number, edition, make, model, issue, part of that group, sobriquet, pen-name; 信号 (しんごう·0) = traffic lights, signal, semaphore; 年号 (ねんごう·3) = name of an era, year number",信号は青だ。,,信号 は 青 だ,一 口 勹,"象,句,免"
司,"director, official, govt office, rule, administer",シ; つかさど.る,"司会 (しかい·0) = chairmanship, leading a meeting; 司法 (しほう·0,1) = administration of justice; 上司 (じょうし·1) = superior authorities, boss",寿司が嫌いです。,,寿司 が 嫌い です,一 口 亅,"可,阿,詞"
各,"each, every, either",カク; おのおの,"各位 (かくい·1) = everyone, ladies and gentlemen, attention media representatives (eg heading on a press release); 各自 (かくじ·1) = individual, each; 各 (おのおの·2) = each, every, either, respectively, severally",各自の部署に就け。,,各自 の 部署 に 就く,口 夂 攵,"警,驚,舌"
向,"yonder, facing, beyond, confront, defy, tend toward, approach","コウ; む.く, む.い, -む.き, む.ける, -む.け, む.かう, む.かい, む.こう, む.こう-, むこ, むか.い","あお向け (あおむけ·0) = face up; 傾向 (けいこう·0) = tendency, trend, inclination; 後向き (うしろむき·0) = back facing, turning one's back to; 向き (むき·1) = direction, orientation, aspect, situation, exposure, suitability, tendency; 向こう (むこう·2,0) = opposite side, other side, opposite direction, over there, that way, far away, beyond, the other party, the other person, future (starting now)",向こうへ行け！,,向こう へ 行く,口 冂,"尚,高,過"
君,"old boy, name-suffix","クン; きみ, -ぎみ","諸君 (しょくん·1) = Gentlemen!, Ladies!",うん、君は？,,うん 君(きみ) は,一 口 ノ ヨ,"郡,右,群"
告,"revelation, tell, inform, announce",コク; つ.げる,"警告 (けいこく·0) = warning, advice; 原告 (げんこく·0) = plaintiff, accuser, prosecutor; 広告 (こうこく·0) = advertisement; 告げる (つげる·0) = to inform; 告訴 (こくそ·1) = accusation, complaint",警告ありがとう。,,警告 有り難う,ノ 口 土,"酷,造,皓"
周,"circumference, circuit, lap",シュウ; まわ.り,"周 (ぐるり·1) = surroundings; 周囲 (しゅうい·1) = surroundings, environs, circumference; 周期 (しゅうき·1) = cycle, period; 周辺 (しゅうへん·0) = circumference, outskirts, around, in the area of",僕は周りを見回した。,,僕(ぼく) は 周り を 見回す,口 土 冂,"週,調,彫"
命,"fate, command, decree, destiny, life, appoint","メイ, ミョウ; いのち","運命 (うんめい·1) = fate; 革命 (かくめい·0) = revolution, 58th year of the sexagenary cycle (in onmyou-dou); 使命 (しめい·1) = mission, errand, message; 寿命 (じゅみょう·0) = life span",一生懸命働いた。,,一生懸命 働く,口 个 卩 一,"含,吟,令"
和,"harmony, Japanese style, peace, soften, Japan","ワ, オ, カ; やわ.らぐ, やわ.らげる, なご.む, なご.やか","英和 (えいわ·0) = English-Japanese (eg dictionary); 緩和 (かんわ·0) = relief, mitigation; 講和 (こうわ·0) = peace, conclude peace; 昭和 (しょうわ·0,1) = Showa era (1926.12.25-1989.1.7); 中和 (ちゅうわ·0) = neutralize, neutralise, counteract",愛と平和です。,,愛 と 平和 です,禾 口,"程,舌,税"
唱,"chant, recite, call upon, yell",ショウ; とな.える,"合唱 (がっしょう·0) = chorus, singing in a chorus; 首唱 (しゅしょう·0) = advocacy, promotion",女王様に万歳三唱。,,女(おんな) 王様 に 万歳三唱,口 日,"昭,舌,石"
商,"make a deal, selling, dealing in, merchant",ショウ; あきな.う,"商業 (しょうぎょう·1) = commerce, trade, business; 商社 (しょうしゃ·1) = trading company, firm; 商談 (しょうだん·0) = business discussion, negotiation; 商店 (しょうてん·1) = shop, business firm; 商売 (しょうばい·1) = trade, business, commerce, transaction, occupation",商売は商売。,,商売 は 商売,口 并 立 亠 儿 冂,"高,競,滴"
喜,"rejoice, take pleasure in","キ; よろこ.ぶ, よろこ.ばす","喜劇 (きげき·1) = comedy, funny show; 大喜び (おおよろこび·3) = great joy; 喜ばす (よろこばす·4) = to delight, to give pleasure",ええ、喜んで。,,ええ 喜んで,口 士 豆 并,"嬉,鼓,豆"
器,"utensil, vessel, receptacle, implement, instrument, ability, container, tool, set",キ; うつわ,"核兵器 (かくへいき·3) = nuclear weapons; 楽器 (がっき·0) = musical instrument; 器 (うつわ·0) = bowl, vessel, container, ability, capacity, calibre, caliber; 器官 (きかん·1,2) = organ (of body), instrument; 器具 (きぐ·1) = utensil",食器を洗おう。,,食器 を 洗う,口 大,"舌,石,奇"
囲,"surround, besiege, store, paling, enclosure, encircle, preserve, keep","イ; かこ.む, かこ.う, かこ.い","囲い (かこい·0) = enclosure, paling, storage; 囲う (かこう·0) = to enclose; 囲む (かこむ·0) = to surround, to encircle; 囲碁 (いご·1) = Go (board game of capturing territory); 周囲 (しゅうい·1) = surroundings, environs, circumference",赤丸で囲む。,,赤 丸(まる) で(#2028980) 囲む,囗 井,"口,困,団"
固,"harden, set, clot, curdle","コ; かた.める, かた.まる, かた.まり, かた.い","頑固 (がんこ·1) = stubbornness, obstinacy; 固まる (かたまる·0) = to harden, to solidify, to become firm, to become certain; 固形 (こけい·0) = solid (body); 固体 (こたい·0) = solid (body), solid matter, solid-state; 固定 (こてい·0) = fixation, fixing (eg salary, capital)",彼は頭が固い。,,彼(かれ) は 頭(あたま) が 硬い,口 十 囗,"個,叶,古"
園,"park, garden, yard, farm",エン; その,"園芸 (えんげい·0) = horticulture, gardening; 学園 (がくえん·0) = academy, campus; 公園 (こうえん·0) = (public) park; 植物園 (しょくぶつえん·4) = botanical garden; 庭園 (ていえん·0) = garden, park",公園で散歩なう。,,公園 で(#2028980) 散歩 ナウ,衣 口 土 囗,"吐,猿,舌"
坂,"slope, incline, hill",ハン; さか,"坂 (さか·2,1) = slope, hill; 坂道 (さかみち·2) = hill road; 上り坂 (のぼりざか·0) = ascent, uphill; 下り坂 (くだりざか·0) = downhill, descent; 急坂 (きゅうはん·0) = steep slope",その坂道を下ろう。,,其の 坂道 を 下る(くだる),土 又 厂,"圧,反,皮"
型,"mould, type, model","ケイ; かた, -がた","型 (がた·2) = model, type (eg of machine, goods, etc.), type, style, pattern, mold (mould), template, model, kata (standard form of a movement, posture, etc); 体型 (たいけい·0) = figure (body); 典型 (てんけい·0) = type, pattern, archetypal; 典型的 (てんけいてき·0) = typical, prototypical, representative, stereotypical, model, ideal; 模型 (もけい·0) = model, dummy, maquette",あなたは朝型？,,貴方(あなた) は 朝型,刈 土 廾 ノ 二 一,"刑,塀,形"
塩,salt,エン; しお,"塩分 (えんぶん·1) = salt, salt content; 塩 (えん·1) = salt; 塩水 (えんすい·0) = salt water, brine; 塩辛い (しおからい·4) = salty (taste)",青菜に塩。,,青菜 に 塩,口 皿 土 ノ 一 人 乞,"告,右,呂"
士,"gentleman, samurai, samurai radical (no. 33)",シ,"修士 (しゅうし·1) = Masters degree program (programme); 紳士 (しんし·1) = gentleman; 代議士 (だいぎし·3) = parliamentarian, member of a congress; 同士 (どうし·1) = fellow, companion, comrade, mutual; 博士 (はくし·1) = doctorate, PhD, Dr (as a title), expert, learned person",お互い仇同士だ。,,お互い 仇同士 だ,,
変,"unusual, change, strange","ヘン; か.わる, か.わり, か.える","急変 (きゅうへん·0) = sudden turn, sudden change, (suddenly occurring) accident; 相変らず (あいかわらず·0) = as ever, as usual, the same; 大変 (たいへん·0) = very, greatly, immense, enormous, great, serious, grave, dreadful, terrible, difficult, hard, major incident, disaster; 不変 (ふへん·0) = eternal, everlasting, unchangeable, immutable, immovable, constant, permanent, indestructible; 変 (へん·1) = strange, odd, peculiar, weird, curious, queer, eccentric, funny, suspicious, fishy, unexpected, change, incident, disturbance, disaster, accident, flat (music)",変ですね。,,変 です ね(#2029080),亠 夂,"麦,衣,抜"
夫,"husband, man","フ, フウ, ブ; おっと, そ.れ","功夫 (くふう·0) = device, scheme, devising, scheming, dedication to spiritual improvement (esp. through Zen meditation); 大丈夫 (だいじょうぶ·3) = safe, all right, OK; 夫 (おっと·0) = husband; 夫妻 (ふさい·1,2) = man and wife, married couple; 夫人 (はしかし·0) = wife, Mrs, madam, wife of a nobleman (aristocrat, etc.), consort of the emperor",漁夫の利。,,漁夫 の 利,人 二 大 亠,"替,潜,峡"
央,"center, middle",オウ,"中央 (ちゅうおう·3,0) = centre, central, center, middle",中央線ですね。,,NI です ね(#2029080),ノ 一 大 冖,"矢,瑛,奔"
失,"lose, error, fault, disadvantage, loss","シツ; うしな.う, う.せる","過失 (かしつ·0) = error, blunder, accident, fault, defect; 見失う (みうしなう·0,4) = to lose sight of, to miss; 失格 (しっかく·0) = disqualification, elimination, incapacity (legal); 失業 (しつぎょう·0) = unemployment; 失敬 (しっけい·3) = rudeness, saying good-bye, acting impolitely, stealing, impoliteness, disrespect, impertinence",どうも失礼。,,どうも 失礼,ノ 人 二 大,"葵,邦,芙"
委,"committee, entrust to, leave to, devote, discard",イ; ゆだ.ねる,"委員 (いいん·1) = committee member; 委員会 (いいんかい·2,0) = committee meeting, committee; 委任 (いにん·0) = charge, trust; 委しい (くわしい·3) = knowing very well, detailed, full, accurate",彼は委員会の委員だ。,,彼(かれ) は 委員会 の 委員 だ,禾 女,"倭,香,要"
季,seasons,キ,"季語 (きご·1) = seasonal word (in haiku); 季節 (きせつ·2,1) = season; 四季 (しき·2,1) = four seasons; 冬季 (とうき·1) = (season of) winter; 雨季 (うき·1) = rainy season",雨季が始まった。,,雨季 が 始まる,禾 子,"香,稚,移"
孫,"grandchild, descendants",ソン; まご,"子孫 (しそん·1) = descendants, posterity, offspring; 孫 (まご·2) = grandchild",彼らは孫を誉めた。,,彼ら(かれら) は 孫 を 褒める,ノ 子 糸 幺 小,"紗,系,級"
守,"guard, protect, defend, obey","シュ, ス; まも.る, まも.り, もり, -もり, かみ","御守 (おまもり·0) = charm, amulet; 見守る (みまもる·0,3) = to watch over, to watch attentively; 厳守 (げんしゅ·1) = strict observance; 守衛 (しゅえい·0) = security guard, doorkeeper; 守備 (しゅび·1) = defense, defence",母は留守です。,,母(はは) は 留守 です,寸 宀,"狩,討,耐"
完,"perfect, completion, end",カン,"完成 (かんせい·0) = complete, completion, perfection, accomplishment; 完全 (かんぜん·0) = perfection, completeness; 完了 (かんりょう·0) = completion, conclusion, perfective (form, aspect); 不完全 (ふかんぜん·2) = imperfect, incomplete, faulty, defective; 完壁 (かんべき) = perfect, complete, flawless",完璧だ！,,完璧 だ,二 儿 宀 元,"莞,頑,穴"
官,"bureaucrat, the government",カン,"官庁 (かんちょう·1) = government office, authorities; 官邸 (かんてい·0) = official residence; 官僚 (かんりょう·0) = bureaucrat, bureaucracy; 器官 (きかん·1,2) = organ (of body), instrument; 警官 (けいかん·0) = policeman",勝てば官軍。,,勝つ 官軍,口 宀 ｜,"棺,中,管"
定,"determine, fix, establish, decide","テイ, ジョウ; さだ.める, さだ.まる, さだ.か","安定 (あんてい·0) = stability, equilibrium; 案の定 (あんのじょう·3) = just as one thought, as usual; 一定 (いちじょう·0) = fixed, settled, constant, definite, uniform, regularized, regularised, defined, standardized; 仮定 (かてい·0) = assumption, supposition, hypothesis; 確定 (かくてい·0) = decision, settlement, definition",お勘定です。,,御(お) 勘定 です,疋 宀,"錠,是,安"
実,"reality, truth","ジツ, シツ; み, みの.る, まこと, まことに, みの, みち.る","忠実 (ちゅうじつ·0) = faithful, loyal, devoted, hardworking, painstaking, diligent, healthy, fit; 果実 (かじつ·1) = fruit, nut, berry; 確実 (かくじつ·0) = certainty, reliability, soundness; 現実 (げんじつ·0) = reality; 口実 (こうじつ·0) = excuse, pretext",パー確実だ。,,パー(#1100380) 確実 だ,士 大 宀,"突,寮,寄"
客,"guest, visitor, customer, client","キャク, カク","観客 (かんきゃく·0) = audience, spectator(s); 客 (きゃく·0) = guest, customer; 客観 (かくかん·0) = object (as opposed to subject); 客観的 (きゃっかんてき·0) = objective; 客室 (きゃくしつ·0) = drawing room, guest room",お客様は？,,お客様 は,口 夂 宀,"額,舌,石"
宮,"Shinto shrine, constellations, palace, princess","キュウ, グウ, ク, クウ; みや","宮 (みや·0) = palace, shrine; 宮殿 (きゅうでん·0) = palace; 神宮 (じんぐう·3) = Shinto shrine; 王宮 (おうきゅう·0) = royal palace; 子宮 (しきゅう·0) = womb, uterus",子供は子宮に従う。,,子供 は 子宮 に 従う,口 宀 ノ,"呂,史,舌"
害,"harm, injury",ガイ,"加害者 (かがいしゃ·2) = assailant; 害 (がい·1) = injury, harm, evil influence, damage; 害虫 (がいちゅう·0) = harmful insect, noxious insect; 公害 (こうがい·0) = pollution, public nuisance, contamination; 災害 (さいがい·0) = calamity, disaster, misfortune",害になる薬もある。,,害 になる 薬(くすり) も 有る,口 土 亠 宀 二,"轄,割,吐"
宿,"inn, lodging, dwell, lodge, be pregnant, home, dwelling","シュク; やど, やど.る, やど.す","下宿 (げしゅく·0) = boarding, lodging, boarding house; 合宿 (がっしゅく·0) = lodging together, boarding house; 宿 (やど·1) = inn, lodging; 宿屋 (やどや·0) = inn; 宿題 (しゅくだい·0) = homework",宿題で忙しい。,,宿題 で(#2028980) 忙しい(いそがしい),化 白 宀,"伯,縮,優"
察,"guess, presume, surmise, judge, understand",サツ,"観察 (かんさつ·0) = observation, survey; 警察 (けいさつ·0) = police; 検察 (けんさつ·0) = examination, prosecutor; 察する (さっする·0,3) = to guess, to sense, to presume, to judge, to sympathise with; 視察 (しさつ·0) = inspection, observation",警察を呼んで！,,警察 を 呼ぶ,ノ 示 二 小 宀 癶,"擦,宗,際"
寺,Buddhist temple,ジ; てら,"寺 (てら·2,0) = temple (Buddhist); 寺院 (じいん·1) = temple",寺の隣に鬼が住む。,,寺(てら) 之(の) 隣 に 鬼 が 住む,寸 土,"封,詩,時"
対,"vis-a-vis, opposite, even, equal, versus, anti-, compare","タイ, ツイ; あいて, こた.える, そろ.い, つれあ.い, なら.ぶ, むか.う","応対 (おうたい·0,1) = receiving, dealing with; 絶対 (ぜったい·0) = absoluteness, absolute, unconditional, unmistakable; 相対的 (そうたいてき·0) = relative; 対応 (たいおう·0) = interaction, correspondence, coping with, dealing with, support; 対決 (たいけつ·0) = confrontation, showdown",絶対だよ！,,絶対 だ よ,寸 文,"討,蚊,耐"
局,"bureau, board, office, affair, conclusion, court lady, lady-in-waiting, her apartment",キョク; つぼね,"局 (きょく·1) = channel (ie TV or radio), station, department, affair, situation; 結局 (けっきょく·(名)4,0,(副)0) = after all, eventually; 支局 (しきょく·2,0) = branch office; 政局 (せいきょく·0) = political situation; 当局 (とうきょく·1) = authorities, this office",結局失敗するさ。,,結局 失敗 為る(する) さ,口 尸,"居,嘱,舌"
岩,"boulder, rock, cliff",ガン; いわ,"岩 (いわ·2) = rock, boulder; 岩石 (がんせき·1) = rock, boulder; 溶岩 (ようがん·1,0) = lava; 岩場 (いわば·0) = rocky area; 火成岩 (かせいがん·2) = ignite rocks",私は岩本和人です。,,私(わたし) は です,口 山 石,"舌,石,拓"
岸,beach,ガン; きし,"沿岸 (えんがん·0) = coast, shore; 海岸 (かいがん·0) = coast, beach; 岸 (きし·2) = bank, coast, shore; 岸辺 (きしべ·0,3) = bank (of a river); 河岸 (かし·0) = river bank, riverside, fish market",海岸に行ったよ。,,海岸 に 行く よ,干 山 厂,"炭,巌,辰"
島,island,トウ; しま,"半島 (はんとう·0) = peninsula; 列島 (れっとう·0) = archipelago, chain of islands",日本は島国だ。,,日本 は 島国 だ,山 鳥 白,"迫,舶,皇"
州,"state, province","シュウ, ス; す","州 (しゅう·1) = state, province; 本州 (ほんしゅう·1) = Honshu (main island of Japan); 九州 (きゅうしゅう·1) = Kyushu (southern island of Japan); 欧州 (おうしゅう·1) = Europe; 豪州 (ごうしゅう·1) = Australia",彼は九州へ旅立った。,,彼(かれ) は 九州 へ 旅立つ,｜ 川 丶,"酬,洲,否"
巣,"nest, rookery, hive, cobweb, den","ソウ; す, す.くう","巣 (す·1,0) = nest, den, beehive; 巣穴 (すあな) = burrow, den; 巣立つ (すだつ·2) = to leave the nest, to stand on one's own; 卵巣 (らんそう·0) = ovary; 病巣 (びょうそう·0) = focus of infection",空巣にやられた。,,空巣 に 遣る,尚 田 木,"課,裸,菓"
差,"distinction, difference, variation, discrepancy, margin, balance","サ; さ.す, さ.し","格差 (かくさ·1) = qualitative difference, disparity; 誤差 (ごさ·1) = measurement error, calculation error; 差 (さ·0) = difference, variation; 差し引き (さしひき·2) = deduction, subtraction, balance, ebb and flow, rise and fall",時差ボケで辛い。,,時差ぼけ で(#2028980) 辛い(つらい),ノ 王 工 并 羊,"瑳,嵯,羊"
希,"hope, beg, request, pray, beseech, Greece, dilute (acid), rare, few, phenomenal","キ, ケ; まれ","希 (まれ·0,2) = rare, seldom; 希望 (きぼう) = hope, wish",あまり希望がない。,,余り 希望 が 無い,ノ 一 巾,"布,怖,稀"
席,"seat, mat, occasion, place",セキ; むしろ,"客席 (きゃくせき·0) = guest seating; 欠席 (けっせき·0) = absence, non-attendance; 座席 (ざせき·0) = seat; 出席 (しゅっせき·0) = attendance, presence; 席 (せき·1) = seat",満席です。,,満席 です,巾 广 一 凵,"凹,庁,希"
帯,"sash, belt, obi, zone, region","タイ; お.びる, おび","一帯 (いったい·0) = region, zone, whole place; 温帯 (おんたい·0) = temperate zone; 携帯 (ケータイ·0) = something carried (in the hand), handheld, mobile telephone, cell phone; 所帯 (しょたい·2,1) = household, home, family, housekeeping; 地帯 (ちたい·1) = area, zone",包帯をしなさい。,,包帯 を 為る(する) 為さい,｜ 一 巾 冖,"師,華,畳"
帳,"notebook, account book, album",チョウ; とばり,"通帳 (つうちょう·0) = passbook, bankbook",電話帳はどこ？,,電話帳 は 何処,巾 長,"脹,張,錦"
平,"even, flat, peace","ヘイ, ビョウ, ヒョウ; たい.ら, -だいら, ひら, ひら-","公平 (こうへい·0) = fairness, impartial, justice; 水平 (すいへい·0) = level, horizontality; 水平線 (すいへいせん·0) = horizon (related to sea or lakes); 地平線 (ちへいせん·0) = horizon (related to land); 不公平 (ふこうへい·2) = unfairness, injustice, partiality",平熱です。,,平熱 です,干 并,"坪,南,献"
幸,"happiness, blessing, fortune","コウ; さいわ.い, さち, しあわ.せ","幸い (さいわい·0) = happiness, blessedness; 幸福 (こうふく·0) = happiness, blessedness; 不幸 (ふこう·2) = unhappiness, sorrow, misfortune, disaster, accident, death",お幸せに！,,御(お) 幸せ,十 辛 立 亠,"倖,報,辛"
底,"bottom, sole, depth, bottom price, base, kind, sort",テイ; そこ,"海底 (かいてい·0) = bottom of the ocean; 底 (そこ·0) = bottom, sole; 徹底 (てってい·0) = thoroughness, completeness; 到底 (とうてい·0) = (cannot) possibly",底を持ってくれ。,,底(そこ) を 持つ 呉れる,氏 广,"麻,鹿,邸"
府,"borough, urban prefecture, govt office, representative body, storehouse",フ,"政府 (せいふ·1) = government, administration; 府庁 (ふちょう·2) = prefectural office; 府立 (ふりつ·1,0) = managed by an urban prefecture",政府打倒。,,政府 打倒,化 寸 广,"腐,付,附"
庫,"warehouse, storehouse","コ, ク; くら","金庫 (かねぐら·0) = safe, vault, treasury, provider of funds; 車庫 (しゃこ·1) = garage, car shed, carport; 倉庫 (そうこ·1) = storehouse, warehouse, godown; 文庫 (ぶんこ·0,1) = library, book collection, paperback book; 冷蔵庫 (れいぞうこ·3) = refrigerator",在庫がありません。,,在庫 が 有る,車 广,"麻,鹿,陣"
庭,"courtyard, garden, yard",テイ; にわ,"家庭 (かてい·0) = home, family, household; 校庭 (こうてい·0) = schoolyard, campus; 市庭 (いちば·1) = (town) market, (the) marketplace; 中庭 (なかにわ·0) = courtyard, quadrangle, middle court; 庭 (にわ·0) = garden",家庭は円満だ。,,家庭 は 円満 だ,王 广 廴,"艇,廷,麻"
康,"ease, peace",コウ,"健康 (けんこう·0) = health, sound, wholesome",彼は健康だ。,,彼(かれ) は 健康 だ,ヨ 水 广 隶,"録,逮,禄"
式,"style, ceremony, rite, function, method, system, form, expression",シキ,"株式 (かぶしき·2) = stock (company); 儀式 (ぎしき·1) = ceremony, rite, ritual, service; 旧式 (きゅうしき·0) = old type, old style; 形式 (けいしき·0) = form, formality, format, appearance, mode, math expression; 形式的 (けいしきてき·0) = formal",その車は最新式だ。,,其の 車(くるま) は 最新式 だ,工 弋,"虹,江,武"
弓,"bow, bow (archery, violin)",キュウ; ゆみ,"弓 ""(ゆみ) = bow (and arrow); 弓道 (きゅどう·1) = archery""",この弓は張りが強いです。,,此の 弓 は 張り(はり) が 強い(つよい) です,,
当,"hit, right, appropriate, himself","トウ; あ.たる, あ.たり, あ.てる, あ.て, まさ.に, まさ.にべし","該当 (がいとう·0) = corresponding, answering to, coming under, applying to; 割当てる (わりあてる·4) = to assign, to allot, to allocate, to divide among, to distribute, to prorate; 見当 (けんとう·3) = aim, mark, estimate, guess, approximation, direction; 心当たり (こころあたり·4) = having some knowledge of, happening to know; 正当 (せいとう·0) = just, justifiable, right, due, proper, equitable, reasonable, legitimate, legal, lawful",本当に？,,本当に,ヨ 尚,"耀,隠,雪"
形,"shape, form, style","ケイ, ギョウ; かた, -がた, かたち, なり","形見 (かたみ·0) = memento, souvenir; 形式 (けいしき·0) = form, formality, format, appearance, mode, math expression; 形式的 (けいしきてき·0) = formal; 形成 (けいせい·0) = formation, molding, taking form; 形容詞 (けいようし·3) = (true) adjective, i-adjective",それは人形です。,,其れ は 人形(にんぎょう) です,廾 彡 ノ 二 一,"刑,邦,三"
役,"duty, war, campaign, drafted labor, office, service, role","ヤク, エキ","区役所 (くやくしょ·2) = ward office, council (regional); 現役 (げんえき·0) = active duty, active service; 市役所 (しやくしょ·2) = municipal office, council, city hall; 主役 (しゅやく·0) = leading part, leading actor (actress); 重役 (おもやく·0) = director, high executive, (person with) heavy responsibilities",私は役員になった。,,私(わたし) は 役員 になる,彳 殳 几 又,"鍛,設,般"
径,"diameter, path, method","ケイ; みち, こみち, さしわたし, ただちに","径 (みち·0) = road, street, way, method; 半径 (はんけい·1) = radius",湖は直径３マイルある。,,湖(みずうみ) は 直径 哩 有る,土 又 彳,"行,皮,圭"
徒,"junior, emptiness, vanity, futility, uselessness, ephemeral thing, gang, set, party, people","ト; いたずら, あだ","生徒 (せいと·1) = pupil; 徒歩 (とほ·1) = walking, going on foot",トムは生徒です。,,は 生徒 です,走 土 彳,"行,圭,越"
得,"gain, get, find, earn, acquire, can, may, able to, profit, advantage, benefit","トク; え.る, う.る","獲得 (かくとく·0) = acquisition, possession; 取得 (しゅとく·0) = acquisition; 拾得 (しゅうとく·0) = picking up, finding; 所得 (しょとく·0) = income, earnings; 心得 (こころえ·3,4) = knowledge, information",説得に努めた。,,説得 に 努める,寸 日 彳 一,"晋,旦,行"
必,"invariably, certain, inevitable",ヒツ; かなら.ず,"必ず (かならず·0) = necessarily, certainly, without fail, positively, invariably; 必ずしも (かならずしも·4) = (not) always, (not) necessarily, (not) all, (not) entirely; 必修 (ひっしゅう·0) = required (subject); 必須 (ひっす·0) = indispensable, required; 必然 (ひつぜん·0) = inevitable, necessary",君が必要だ。,,君(きみ) が 必要 だ,ノ 心,"秘,泌,感"
念,"wish, sense, idea, thought, feeling, desire, attention",ネン,"概念 (がいねん·1) = general idea, concept, notion; 観念 (かんねん·1) = idea, notion, conception, sense (eg of duty), resignation, preparedness, acceptance; 記念 (きねん·0) = commemoration, memory; 記念日 (きねんび·2) = holiday, anniversary, memorial day; 懸念 (けねん·0,1) = worry, fear, anxiety, concern",残念だ！,,残念 だ,｜ 一 心 个,"今,稔,慧"
息,"breath, respiration, son, interest (on money)",ソク; いき,"休息 (きゅうそく·0) = rest, relief, relaxation; 消息 (しょうそく·0) = news, letter, circumstances; 息 (おき·1) = breath, breathing, tone, mood; 息 (そく·1) = son, penis; 息切れ (いきぎれ·0,4) = shortness of breath",休息しろ。,,休息 為る(する),自 心 目,"憩,臭,想"
悲,"jail cell, grieve, sad, deplore, regret","ヒ; かな.しい, かな.しむ","慈悲 (じひ·1) = compassion, benevolence, charity, mercy; 悲観 (ひかん·0) = pessimism, disappointment; 悲劇 (ひげき·1) = tragedy, disaster; 悲惨 (ひさん·0) = disastrous, tragic, miserable, wretched, pitiful; 悲鳴 (ひめい·0) = shriek, scream",ああ悲しい。,,嗚呼 悲しい,心 非,"輩,罪,斐"
想,"concept, think, idea, thought","ソウ, ソ; おも.う","回想 (かいそう·0) = reflection, reminiscence; 感想 (かんそう·0) = impressions, thoughts; 空想 (くうそう·0) = daydream, fantasy, fancy, vision; 幻想 (げんそう·0) = illusions; 構想 (こうそう·0) = plan, plot, idea, conception",それの感想は？,,其れ の 感想 は,心 木 目,"相,霜,植"
愛,"love, affection, favourite",アイ; いと.しい,"愛 (あい·1) = love, affection; 愛しい (いとしい·3) = lovely, dear, beloved, darling; 愛する (あいする·3) = to love; 愛情 (あいじょう·0) = love, affection; 愛読 (あいどく·0) = reading with pleasure",愛してる。,,愛する,心 爪 冖 夂,"慶,憂,優"
感,"emotion, feeling, sensation",カン,"感じ (かんじ·0) = feeling, sense, impression; 感じる (かんじる·0) = to feel, to sense, to experience; 感覚 (かんかく·0) = sense, sensation; 感激 (かんげき·0) = deep emotion, impression, inspiration; 感謝 (かんしゃ·1) = thanks, gratitude",同感です。,,同感 です,ノ 口 心 戈,"憾,惑,成"
成,"turn into, become, get, grow, elapse, reach","セイ, ジョウ; な.る, な.す, -な.す","完成 (かんせい·0) = complete, completion, perfection, accomplishment; 既成 (きせい·0) = established, completed, existing; 形成 (けいせい·0) = formation, molding, taking form; 結成 (けっせい·0) = formation; 構成 (こうせい·0) = organization, organisation, configuration, composition",大賛成です。,,大賛成 です,ノ 戈,"誠,茂,盛"
戦,"war, battle, match","セン; いくさ, たたか.う, おのの.く, そよぐ, わなな.く","策戦 (さくせん·0) = military or naval operations, tactics, strategy; 終戦 (しゅうせん·0) = end of war, cessation of hostilities; 戦災 (せんさい·0) = war damage; 戦死 (せんし·0) = death in action; 戦車 (せんしゃ·1) = tank (military vehicle)",戦いに勝つ。,,戦い に 勝つ,十 尚 田 戈,"単,卑,禅"
戸,"door, counter for houses, door radical (no. 63)",コ; と,"井戸 (いど·1) = water well; 雨戸 (あまど·2) = sliding storm door; 戸籍 (こせき·0) = census, family register; 戸棚 (とだな·0) = cupboard, locker, closet, wardrobe; 戸締り (とじまり·2) = closing up, fastening the doors",戸を閉めろ。,,戸(と) を 閉める,一 尸,"雇,肩,炉"
才,"genius, years old, cubic shaku",サイ,"才能 (さいのう·0) = talent, ability; 才 (さい·1) = -years-old, ability, gift, talent, aptitude, genius; 秀才 (しゅうさい·0) = prodigy; 人才 (じんさい·0) = man of talent, capable person; 天才 (てんさい·0) = genius, prodigy, natural gift",彼は天才だ。,,彼(かれ) は 天才 だ,ノ 一 亅,"丞,閉,材"
打,"strike, hit, knock, pound, dozen","ダ, ダアス; う.つ, う.ち-, ぶ.つ","打上げる (うちあげる·0,4) = to launch, to shoot up, (of waves) dash, to wash up (ashore), to finish, to close; 打つ (うつ·1) = to hit (something inanimate), to strike, to beat (on something), to type, to tap (eg a key); 打撃 (だげき·0) = blow, shock, strike, damage, batting (baseball); 打破 (だは·1) = break-down, defeat, abolish; 打撲 (だぼく·0) = blow, hit (on the body), beating",政府打倒。,,政府 打倒,亅 扎,"推,排,拷"
投,"throw, discard, abandon, launch into, join, invest in, hurl, give up, sell at a loss","トウ; な.げる, -な.げ","投げる (なげる·2) = to throw, to cast away, to face defeat, to give up; 投じる (とうじる·0,3) = to throw, to cast, to invest; 投影 (とうえい·0) = projection; 投資 (とうし·0,1) = investment; 投書 (とうしょ·0) = letter to the editor, letter from a reader, contribution",反対投票多数。,,反対 投票 多数,扎 殳 几 又,"搬,鍛,設"
折,"fold, break, fracture, bend, yield, submit","セツ; お.る, おり, お.り, -お.り, お.れる","屈折 (くっせつ·0) = bending, indentation, refraction, inflection; 骨折 (こっせつ·0) = bone fracture; 折 (おり·2) = chance, suitable time; 折り返し (おりかえし·0) = by return, (call or write back) without delay, lapel, cuffs, flap, chorus, refrain, repetition, aliasing (in imaging), shuttle service, back-to-back, BTB; 折り返す (おりかえす·3,0) = to turn up, to fold back, to loopback (a signal, a message)",二つ折り厳禁。,,二つ折り 厳禁,斤 扎,"逝,誓,哲"
拾,"pick up, gather, find, go on foot, ten","シュウ, ジュウ; ひろ.う","収拾 (しゅうしゅう·0) = control, settling, coping; 拾う (ひろう·0) = to pick up, to find, to gather; 拾得 (しゅうとく·0) = picking up, finding",拾った者が持ち主。,,拾う 者(もの) が 持ち主,口 个 扎 一,"搭,含,吟"
指,"finger, point to, indicate, put into, play (chess), measure (ruler)","シ; ゆび, さ.す, -さ.し","指 (ゆび·2) = finger; 指す (さす·1) = to point, to nominate, to select someone, to specify some person, to identify, to indicate, to point out; 指揮 (しき·2,1) = command, direction; 指示 (しじ·1) = indication, instruction, designation, directions; 指し図 (さしず·1) = instruction, mandate, directions",指を切りました。,,指 を 切る,日 匕 扎,"掲,旨,老"
挙,"raise, plan, project, behavior, actions","キョ; あ.げる, あ.がる, こぞ.る","選挙 (せんきょ·1) = election; 挙句 (あげく·0) = in the end, finally, after all, at last",彼は手を挙げた。,,彼(かれ) は 手を上げる,手 尚 ハ,"八,掌,鎖"
改,"reformation, change, modify, mend, renew, examine, inspect, search","カイ; あらた.める, あらた.まる","改めて (あらためて·3) = another time, again, over again, anew, formally; 改革 (かいかく·0) = reform, reformation, innovation; 改札 (かいさつ·0) = examination of tickets; 改正 (かいせい·0) = revision, amendment, alteration; 改善 (かいぜん·0) = betterment, improvement, incremental and continuous improvement",法律が改正された。,,法律 が 改正 為れる,已 攵 乞,"竹,巳,己"
放,"set free, release, fire, shoot, emit, banish, liberate","ホウ; はな.す, -っぱな.し, はな.つ, はな.れる, こ.く, ほう.る","解放 (かいほう·0) = release, unleashing, liberation, emancipation, deallocation (of computer memory), setting free; 開放 (かいほう·0) = open, throw open, liberalization, liberalisation; 釈放 (しゃくほう·0) = release, liberation, acquittal; 追放 (ついほう·0) = exile, banishment; 放す (はなす·2) = to separate, to set free, to turn loose",腕を放して。,,腕(うで) を 放す,方 攵 乞,"倣,激,敷"
救,"salvation, save, help, rescue, reclaim",キュウ; すく.う,"救い (すくい·0) = help, aid, relief, salvation; 救う (すくう·0) = to rescue from, to help out of, to save; 救援 (きゅうえん·0) = relief, rescue, reinforcement; 救急車 (きゅうきゅうしゃ·3) = ambulance; 救済 (きゅうさい·0) = relief, aid, rescue, salvation, help",彼は救い難い。,,彼(かれ) は 救う 難い(にくい),水 丶 攵 乞,"永,氷,竹"
敗,"failure, defeat, reversal",ハイ; やぶ.れる,"失敗 (しっぱい·0) = failure, mistake, blunder; 勝敗 (しょうはい·0) = victory or defeat, issue (of battle); 敗る (やぶる·2) = to tear, to violate, to defeat, to smash, to destroy; 敗戦 (はいせん·0) = defeat, losing a war; 敗北 (はいぼく·0) = defeat (as a verb it means 'to be defeated')",失敗したなあ。,,失敗 為る(する) なあ,貝 目 ハ 攵 乞,"買,貝,貧"
散,"scatter, disperse, spend, squander","サン; ち.る, ち.らす, -ち.らす, ち.らかす, ち.らかる, ばら","解散 (かいさん·0) = breakup, dissolution; 散らかる (ちらかる·0) = to be in disorder, to lie scattered around; 散らし (チラシ·0) = scattering, leaflets; 散らす (ちらす·0) = to scatter, to disperse, to distribute; 散らばる (ちらばる·0) = to be scattered about",散歩をした。,,散歩 を 為る(する),月 攵 廾 二 乞,"竹,朋,脩"
数,"number, strength, fate, law, figures","スウ, ス, サク, ソク, シュ; かず, かぞ.える, しばしば, せ.める, わずらわ.しい","過半数 (かはんすう·2,4) = majority; 画数 (かくすう·3) = stroke count; 回数 (かいすう·3) = number of times, frequency, count; 回数券 (かいすうけん·3) = book of tickets; 奇数 (きすう·2) = odd number",反対投票多数。,,反対 投票 多数,女 米 攵 夂 乞,"竹,牧,楼"
整,"organize, arranging, tune, tone, meter, key (music)","セイ; ととの.える, ととの.う","整備 (せいび·1) = maintenance, servicing, outfitting; 整理 (せいり·1) = sorting, arrangement, organization, putting in order, adjustment, regulation, liquidation; 整列 (せいれつ·0) = standing in a row, forming a line, alignment; 調整 (ちょうせい·0) = regulation, adjustment, tuning, modification, alteration",髪を整えないと。,,髪 を 整える 無いと,｜ 一 口 止 木 攵 乞,"疎,政,柾"
旗,"national flag, banner, standard",キ; はた,旗 (はた·2) = flag; 国旗 (こっき·0) = national flag,彼は旗をかかげた。,,彼(かれ) は 旗 を 掲げる,甘 ハ 方 乞,"竹,八,欺"
昔,"once upon a time, antiquity, old times","セキ, シャク; むかし","一昔 (ひとむかし·2,3) = ages, long time, decade, the past ten years; 昔 (むかし·0) = olden days, former; 昔話 (むかしばなし·4) = folklore, legend",昔はよかった。,,昔 は 良い,｜ 一 二 日,"普,措,惜"
星,"star, spot, dot, mark","セイ, ショウ; ほし, -ぼし",衛星 (えいせい·0) = satellite; 火星 (かせい·0) = Mars (planet); 星 (ほし·0) = star; 星座 (せいざ·0) = constellation,図星ですか？,,図星 ですか,生 日,"晶,昌,香"
昨,"yesterday, previous",サク,"昨年 (さくねん·0) = last year; 昨晩 (さくばん·2) = last night; 昨夜 (さくや·2) = evening, last night; 一昨日 (おととい·3) = day before yesterday; 一昨年 (おととし·2) = year before last",彼は昨日死んだ。,,彼(かれ) は 昨 日(ひ) 死ぬ,｜ ノ 日,"曲,旧,種"
昭,"shining, bright",ショウ,"昭和 (しょうわ·0,1) = Showa era (1926.12.25-1989.1.7)",昭和の次は平成です。,,昭和 の 次(つぎ) は 平成 です,口 刀 日,"照,唱,召"
景,"scenery, view",ケイ,"景気 (けいき·0) = condition, state, business (condition); 景色 (けしき·1) = scenery, scene, landscape; 光景 (こうけい·0,1) = scene, spectacle; 背景 (はいけい·0) = background, scenery, setting, circumstance; 不景気 (ふけいき·2) = business recession, hard times, depression, gloom, sullenness, cheerlessness",景気はどう？,,景気 は 如何(どう),口 小 日 亠,"影,唱,諒"
晴,clear up,"セイ; は.れる, は.れ, は.れ-, -ば.れ, は.らす","快晴 (かいせい·0) = good weather; 見晴らし (みはらし·0) = view; 晴天 (せいてん·0) = fine weather; 素晴しい (すばらしい·4) = wonderful, splendid, magnificent",晴れそうだ。,,晴れる そう だ,月 青 土 二 日 亠,"靖,請,精"
曲,"bend, music, melody, composition, pleasure, injustice, fault, curve, crooked, perverse, lean","キョク; ま.がる, ま.げる","歌謡曲 (かようきょく·2) = popular song; 戯曲 (ぎきょく·0) = play, drama; 曲 (きょく·0,1) = tune, piece of music; 曲り角 (まがりかど·4,0) = street corner, road turn, bend in the road, turning point; 曲る (まがる·0) = to bend, to curve, to warp, to wind, to twist, to turn, to be awry, to be askew, to be crooked",一曲聞くか。,,一曲 聞く か,｜ 日,"旧,申,甲"
最,"utmost, most, extreme","サイ, シュ; もっと.も, つま","最も (もっとも·3) = most, extremely; 最悪 (さいあく·0) = the worst; 最期 (さいご·1) = one's last moment, one's time of death; 最強 (さいきょう·0) = strongest; 最近 (さいきん·0) = latest, most recent, nowadays",最近どうだ？,,最近 如何(どう) だ,一 耳 日 又,"暇,晋,旦"
望,"ambition, full moon, hope, desire, aspire to, expect","ボウ, モウ; のぞ.む, もち","冀望 (きぼう·0) = hope, wish, aspiration; 失望 (しつぼう·0) = disappointment, despair; 絶望 (ぜつぼう·0) = despair, hopelessness; 待ち望む (まちのぞむ·0) = to look anxiously for, to wait eagerly for; 待望 (たいぼう·0) = expectant waiting, long-awaited",失望するな。,,失望 為る(する) な,王 亡 月,"朋,瑚,豚"
期,"period, time, date, term","キ, ゴ","延期 (えんき·0) = postponement, adjournment; 過渡期 (かとき·2) = transition period; 学期 (がっき·0) = school term, semester; 期間 (きかん·2,1) = period, term; 期限 (きげん·1) = term, period, time frame, time limit, deadline, cutoff (date)",ここは今乾期です。,,此処 は 今(いま) 乾季 です,甘 月 ハ,"朋,八,欺"
未,"un-, not yet, hitherto, still, even now, sign of the ram, 1-3PM, eighth sign of Chinese zodiac","ミ, ビ; いま.だ, ま.だ, ひつじ","未開 (みかい·0) = savage land, backward region, uncivilized, uncivilised; 未婚 (みこん·0) = unmarried; 未熟 (みじゅく·0,1) = inexperience, unripeness, raw, unskilled, immature, inexperienced; 未遂 (みすい·0) = attempt (at crime); 未然 (みぜん·0) = before it happens, previously",未成年者お断り。,,未成年者 お断わり,｜ 二 ハ 木 亠,"魅,来,末"
末,"end, close, tip, powder, posterity","マツ, バツ; すえ","期末 (きまつ·0) = end of term; 結末 (けつまつ·0) = end, conclusion; 月末 (つきずえ·0,3) = end of the month; 跡始末 (あとしまつ·3) = settlement (of affairs), remedial measures, cleaning up afterwards; 歳末 (さいまつ·0) = year end",週末にね。,,週末 に ね(#2029080),｜ 一 ハ 木 亠,"茉,抹,束"
札,"tag, paper money, counter for bonds, placard, bid",サツ; ふだ,"改札 (かいさつ·0) = examination of tickets; 札 (ふだ·0) = token, label, ticket, card, charm, talisman; 入札 (にゅうさつ·0) = bid, bidding; 名札 (なふだ·0) = name plate, name tag; 落札 (らくさつ·0) = having one's bid accepted (eg for contract)",札幌の出身です。,,札幌 の 出身 です,乙 木,"礼,麻,閑"
材,"lumber, log, timber, wood, talent",ザイ,"材木 (ざいもく·0) = lumber, timber; 材料 (ざいりょう·3) = ingredients, material; 取材 (しゅざい·0) = collecting data (eg for a newspaper article), covering an event; 素材 (そざい·0) = raw materials, subject matter; 木材 (もくざい·2,0) = lumber, timber, wood",材質は何ですか。,,材質 は 何(なに) ですか,ノ 一 木 亅,"才,丞,本"
束,"bundle, sheaf, ream, tie in bundles, govern, manage, control","ソク; たば, たば.ねる, つか, つか.ねる","花束 (はなたば·2,3) = bunch of flowers, bouquet; 拘束 (こうそく·0) = restriction, restraint; 束 (たば·1) = bundle, bunch, sheaf, coil; 束縛 (そくばく·0) = restraint, shackles, restriction, confinement, binding; 約束 (やくそく·0) = arrangement, promise, appointment, pact, engagement, convention, rule",約束は約束。,,約束 は 約束,｜ 一 口 ハ 木,"速,亜,疎"
松,pine tree,ショウ; まつ,"松 (まつ·1) = pine tree, highest (of a three-tier ranking system); 松林 (まつばやし) = pine grove",これは格好のよい松の木だ。,,此れ は 格好のよい 松の木 だ,ハ 木 厶,"公,八,魅"
板,"plank, board, plate, stage","ハン, バン; いた","看板 (かんばん·0) = sign, signboard, doorplate, poster, billboard, appearance, figurehead, policy, attraction, closing time; 黒板 (こくばん·0) = blackboard; 板 (いた·1) = board, plank, sheet (of metal), plate (of glass), pane, slab, cutting board, chopping board, stage (ie at a theatre); 板画 (はんが·0) = woodcut, woodblock print, art print; 甲板 (こうはん·0) = (ship) deck",黒板を見なさい。,,黒板 を 見る 為さい,又 木 厂,"桑,反,皮"
果,"fruit, reward, carry out, achieve, complete, end, finish, succeed","カ; は.たす, はた.す, -は.たす, は.てる, -は.てる, は.て","果たす (はたす·2) = to accomplish, to fulfill, to carry out, to achieve; 果実 (かじつ·1) = fruit, nut, berry; 果物 (かぶつ·1) = fruit; 逆効果 (ぎゃっこうか·3) = backfire, counterproductive, opposite effect",疲れ果てたよ。,,疲れ果てる よ,｜ 田 木,"柚,棟,東"
柱,"pillar, post, cylinder, support",チュウ; はしら,"柱 (はしら·3,0) = pillar, post, support, prop, mainstay, counter for buddhas, gods, nobles, etc.; 電柱 (でんちゅう·0) = telephone pole, telegraph pole, lightpole",技師が電柱を上った。,,技師 が 電柱 を 登る,王 木 丶,"琳,玉,球"
栄,"flourish, prosperity, honor, glory, splendor","エイ, ヨウ; さか.える, は.え, -ば.え, は.える, え","栄える (さかえる·3) = to prosper, to flourish; 栄光 (えいこう·0) = glory; 繁栄 (はんえい·0) = prospering, prosperity, thriving, flourishing",身に余る栄光。,,身に余る栄光,尚 木 冖,"覚,蛍,梢"
根,"root, radical, head (pimple)","コン; ね, -ね","屋根 (やね·1) = roof; 垣根 (かきね·2,3) = hedge; 根 (ね·1) = root; 根回し (ねまわし·2) = making necessary arrangements; 根気 (こんき·0) = patience, perseverance, persistence, tenacity, energy",彼は根が優しい。,,彼(かれ) は 根(ね) が 優しい,艮 木,"概,良,麻"
案,"plan, suggestion, draft, ponder, fear, proposition, idea, expectation, bill, worry",アン; つくえ,"案の定 (あんのじょう·3) = just as one thought, as usual; 案外 (あんがい·1,0) = unexpectedly; 案内 (あんない·3) = information, guidance, leading, to guide, to show (around), to conduct; 提案 (ていあん·0) = proposal, proposition, suggestion; 答案 (とうあん·0) = examination paper, examination script",いい案だ！,,いい 案(あん) だ,女 木 宀,"安,楼,桜"
梅,plum,バイ; うめ,"梅雨入り (つゆいり·0) = entering the rainy season, beginning of the rainy season; 梅 (ウメ·0) = plum, Japanese apricot, prunus mume, lowest (of a three-tier ranking system); 梅干 (うめぼし·0) = dried plum; 梅雨明け (つゆあけ·0) = the end of the rainy season",梅雨です。,,梅雨 です,母 木 毋 乞,"毎,敏,侮"
械,"contraption, fetter, machine, instrument",カイ; かせ,"器械 (きかい·2) = machine, mechanism, instrument, appliance, apparatus",ようこそ機械へ。,,ようこそ 機械 へ,木 廾 戈,"戒,桟,栽"
植,plant,"ショク; う.える, う.わる","移植 (いしょく·0) = transplanting, porting, implantation, engrafting; 植える (うえる·0) = to plant, to grow; 植物 (しょくぶつ·2) = plant, vegetation; 植物園 (しょくぶつえん·4) = botanical garden; 植民地 (しょくみんち·3) = colony, colonial",植物が生える。,,植物 が 生える,十 木 目,"槙,相,汁"
極,"poles, settlement, conclusion, end, highest rank, electric poles, very, extremely, most, highly, 10**48","キョク, ゴク; きわ.める, きわ.まる, きわ.まり, きわ.み, き.める, -ぎ.め, き.まる","窮極 (きゅうきょく·0) = ultimate, extreme, final, eventual; 極 (ごく·1) = quite, very, octillion, 10^48; 極楽 (ごくらく·0,4) = Sukhavati (Amitabha's Pure Land), paradise; 極限 (きょくげん·0,3) = utmost limits, limit; 極端 (きょくたん·3) = extreme, extremity",両極端は一致する。,,両極端 は 一致 為る(する),口 又 木 一,"桑,杏,本"
様,"Esq., way, manner, situation, polite suffix","ヨウ, ショウ; さま, さん","ご苦労様 (ごくろうさま·2) = thank you very much for your ..., I appreciate your efforts; 一様 (いちよう·0) = uniformity, evenness, similarity, equality, impartiality; 奥様 (おくさま·1) = wife, your wife, his wife, married lady, madam; 皆様 (みなさま·2) = everyone; 神様 (かみさま·1) = God",お客様は？,,お客様 は,王 水 并 木 羊,"羊,琳,養"
標,"signpost, seal, mark, stamp, imprint, symbol, emblem, trademark, evidence, souvenir, target","ヒョウ; しるべ, しるし","目標 (もくひょう·0) = goal, target; 標準 (ひょうじゅん·0) = standard, norm; 商標 (しょうひょう·0) = trademark; 指標 (しひょう·0) = indicator",銃を標的にあわせろ。,,銃 を 標的 合わせる,示 二 小 西 木,"禁,票,襟"
横,"sideways, side, horizontal, width, woof",オウ; よこ,"横 (よこ·0) = horizontal (as opposed to vertical), lying down, side-to-side (as opposed to front-to-back), width, breadth, side (of a box, etc.), beside, aside, next to, unconnected; 横たわる (よこたわる·4) = to lie down, to stretch out; 横顔 (よこがお·0) = face in profile, profile, face seen from the side; 横綱 (よこづな·0) = yokozuna (sumo grand champion); 横取り (よこどり·0) = usurpation, snatching, seizure",横向きに寝る。,,横向き に 寝る,｜ 黄 田 二 日 ハ 木 廾,"柚,申,甲"
橋,bridge,キョウ; はし,"橋 (はし·2) = bridge; 桟橋 (さんばし·0) = wharf, bridge, jetty, pier; 鉄橋 (てっきょう·0) = railway bridge, iron bridge; 陸橋 (りっきょう·0) = overland bridge, viaduct, overhead bridge, overpass; 架け橋 (かけはし·2) = bridge building, cross-linking",橋は石造りだ。,,橋(はし) は 石造り だ,ノ 口 木 冂,"杏,尚,呂"
機,"mechanism, opportunity, occasion, machine, airplane",キ; はた,"危機 (きき·1,2) = crisis; 機会 (きかい·2,0) = chance, opportunity; 機関 (きかん·1,2) = mechanism, facility, engine, agency, organisation, institution, organ; 機関車 (きかんしゃ·2) = locomotive, engine; 機構 (きこう·0) = mechanism, organization, organisation",ご機嫌いかが？,,ご機嫌 如何(いかが),ノ 木 丶 幺 戈,"成,磯,幻"
欠,"lack, gap, fail, yawning radical (no. 76)","ケツ, ケン; か.ける, か.く","欠陥 (けっかん·0) = defect, fault, deficiency; 欠席 (けっせき·0) = absence, non-attendance; 欠点 (けってん·3) = faults, defect, weakness; 欠如 (けつじょ·1) = lack, privation, deficiency; 欠乏 (けつぼう·0) = want, shortage, famine",ガス欠です。,,ガス欠 です,勹 人,"傷,旬,囚"
次,"next, order, sequence","ジ, シ; つ.ぐ, つぎ","月次 (げつじ·0) = every month, trite, common; 次いで (ついで·0) = next, secondly, subsequently; 次ぐ (つぐ·0) = to rank next to, to come after; 次回 (じかい·1,0) = next time (occasion); 次元 (じげん·0) = dimension, perspective, point of reference, level (of something)",君次第だよ。,,君(きみ) 次第 だ よ,欠 冫,"盗,姿,諮"
歯,"tooth, cog","シ; よわい, は, よわ.い, よわい.する","歯 (は·1) = tooth; 歯ブラシ (はブラシ·2) = toothbrush; 歯医者 (はいしゃ·1) = dentist; 歯科 (しか·1,2) = dentistry; 歯止め (はどめ·0,3) = brake",歯が痛い。,,歯 が 痛い,止 米 凵,"齢,凹,迷"
歴,"curriculum, continuation, passage of time","レキ, レッキ","学歴 (がくれき·0) = academic background; 歴る (へる) = to pass, to elapse, to experience; 経歴 (けいれき·0) = personal history, career; 履歴 (りれき·0) = personal history, background, career, log; 履歴書 (りれきしょ·4,3,0) = personal history, curriculum vitae, resume",歴史は繰り返す。,,歴史 は 繰り返す,止 麻 木 厂 广,"暦,麻,床"
残,"remainder, leftover, balance","ザン, サン; のこ.る, のこ.す, そこな.う, のこ.り","残り (のこり·3) = remnant, residue, remaining, left-over; 残業 (ざんぎょう·0) = overtime (work); 残高 (ざんだか·1,0) = (bank) balance, remainder; 残酷 (ざんこく·0) = cruelty, harshness; 残暑 (ざんしょ·1) = lingering summer heat",残念だ！,,残念 だ,歹 戈 二,"銭,浅,桟"
殺,"kill, murder, butcher, slice off, split, diminish, reduce, spoil","サツ, サイ, セツ; ころ.す, -ごろ.し, そ.ぐ","暗殺 (あんさつ·0) = assassination; 虐殺 (ぎゃくさつ·0) = atrocity, massive killing; 殺す (ころす·0) = to kill; 殺人 (さつじん·0) = murder; 殺到 (さっとう·0) = rush, flood",君は殺人犯だ。,,君(きみ) は 殺人犯 だ,木 殳 ノ 丶 几 又,"殴,桑,机"
毒,"poison, virus, venom, germ, harm, injury, spite",ドク,"気の毒 (きのどく·3,4) = pitiful, (a) pity; 消毒 (しょうどく·0) = disinfection, sterilization, sterilisation; 中毒 (ちゅうどく·1) = poisoning, addiction; 毒 (どく·2) = poison, toxicant; 毒薬 (どくやく·0) = poison",お気の毒様。,,お気の毒 様(さま),土 母 亠 毋 二,"麦,彗,衣"
毛,"fur, hair, feather, down",モウ; け,"髪の毛 (かみのけ·3) = hair (head); 不毛 (ふもう·0) = sterile, barren, unproductive, sour; 毛 (け·0) = hair, fur; 毛糸 (けいと·0) = knitting wool; 毛皮 (もうひ·1) = fur, skin, pelt",毛布をください。,,毛布 を 下さい,,
氏,"family name, surname, clan","シ; うじ, -うじ","氏名 (しめい·1) = full name, identity",人は氏より育ち。,,人(ひと) は 氏(うじ) より 育ち,,
氷,"icicle, ice, hail, freeze, congeal","ヒョウ; こおり, ひ, こお.る","氷山 (ひょうざん·1) = iceberg; 氷る (こおる·0) = to freeze, to be frozen over, to congeal",氷が溶けている。,,氷(こおり) が 溶ける,水 丶,"永,詠,球"
求,"request, want, wish for, require, demand","キュウ, グ; もと.める","求人 (きゅうじん·0) = offer of job (situation); 請求 (せいきゅう·0) = claim, demand, charge, application, request, billing (for a service); 追求 (ついきゅう·0) = pursuing (goal), pursuit, seeking, search, to pursue (eg goal), to seek; 要求 (ようきゅう·0) = demand, firm request, requisition; 欲求 (よっきゅう·0) = desire",名声を求めるな。,,名声 を 求める な,一 水 丶,"永,氷,詠"
決,"decide, fix, agree upon, appoint","ケツ; き.める, -ぎ.め, き.まる, さ.く","可決 (かけつ·0) = approval, adoption (eg motion, bill), passage; 解決 (かいけつ·0) = settlement, solution, resolution; 議決 (ぎけつ·0) = resolution, decision, vote; 決して (けして·0) = never, by no means; 決める (きめる·0) = to decide",投票で決める。,,投票 で(#2028980) 決める,汁 人 大 二 ユ,"快,潜,渓"
汽,"vapor, steam",キ,"汽車 (きしゃ·2) = train (steam); 汽船 (きせん·0) = steamship, steamboat, steamer; 汽笛 (きてき·0) = steam whistle",あ、汽車が来た。,,あ 汽車 が 来る(くる),汁 气 乞,"竹,気,激"
油,"oil, fat","ユ, ユウ; あぶら","原油 (げんゆ·0) = crude oil; 石油 (せきゆ·0) = oil, petroleum, kerosene; 灯油 (とうゆ·0) = lamp oil, kerosene; 油 (あぶら·0) = oil; 油絵 (あぶらえ·3) = oil painting",水は油よりも重い。,,水(みず) は 油 よりも 重い,｜ 汁 日 田,"申,甲,由"
治,"reign, be at peace, calm down, subdue, quell, govt, cure, heal, rule, conserve","ジ, チ; おさ.める, おさ.まる, なお.る, なお.す","治まる (おさまる·3) = to be at peace, to clamp down, to lessen (storm, terror, anger); 治める (おさめる·3) = to govern, to manage, to subdue; 治安 (ちあん·0,1) = public order; 治療 (ちりょう·0) = medical treatment, cure; 自治 (じち·1) = self-government, autonomy",風が治まった。,,風(かぜ) が 治まる,口 汁 厶,"舌,石,胎"
法,"method, law, rule, principle, model, system","ホウ, ハッ, ホッ, フラン; のり","違法 (いほう·0) = illegal, illegality, unlawfulness; 憲法 (けんぽう·1) = constitution; 合法 (ごうほう·0) = legal, lawful, legality; 司法 (しほう·0,1) = administration of justice; 寸法 (すんぽう·0) = measurement, size, extent, dimension",釈迦に説法。,,釈迦に説法,汁 土 厶,"渥,圭,至"
波,"waves, billows, Poland",ハ; なみ,"寒波 (かんぱ·1) = cold wave; 電波 (でんぱ·1) = electro-magnetic wave, radio wave, nonsense; 波長 (はちょう·0) = wavelength; 波瀾 (はらん·0) = troubles, ups and downs, stormy, uproarious (ie relationship)",波が高い。,,波 が 高い,汁 皮 又,"婆,皮,被"
泣,"cry, weep, moan",キュウ; な.く,"泣き声 (なきごえ·3,0) = cry, crying voice; 泣虫 (なきむし) = crybaby",彼女は泣いた。,,彼女 は 泣く,汁 立,"滝,滴,酒"
泳,swim,エイ; およ.ぐ,水泳 (すいえい·0) = swimming,彼は泳げる。,,彼(かれ) は 泳ぐ,汁 水 丶,"永,氷,詠"
活,"lively, resuscitation, being helped, living","カツ; い.きる, い.かす, い.ける","活気 (かっき·0) = energy, liveliness; 活字 (かつじ·0) = printing type; 活動 (かつどう·0) = action, activity; 活溌 (かっぱつ·0) = vigor, vigour, active, lively; 活躍 (かつやく·0) = activity (esp. energetic), great efforts, conspicuous service, to flourish, to participate actively, to play an active role",放蕩生活を送る。,,放蕩生活 を 送る,ノ 口 十 汁 舌,"括,呂,叶"
流,"current, a sink, flow, forfeit","リュウ, ル; なが.れる, なが.れ, なが.す, -なが.す","一流 (いちりゅう·0) = first-class, top grade, school (of art), foremost, top-notch, unique; 下流 (かりゅう·0) = downstream, lower reaches of a river, lower classes; 海流 (かいりゅう·0) = ocean current; 交流 (こうりゅう·0) = intercourse, (cultural) exchange, intermingling, alternating current; 三流 (さんりゅう·0) = 3rd rate",水に流す。,,水(みず) に 流す,汁 川 亠 厶,"琉,衣,硫"
浅,"shallow, superficial, frivolous, wretched, shameful",セン; あさ.い,"浅い (あさい·0,2) = shallow, superficial; 浅薄 (せんぱく) = superficiality, shallowness",眠りが浅いんだ。,,眠り が 浅い のだ,汁 戈 二,"銭,残,桟"
浴,"bathe, be favored with, bask in","ヨク; あ.びる, あ.びせる","海水浴 (かいすいよく·3) = sea bathing, seawater bath; 日光浴 (にっこうよく·3) = sunbathing; 入浴 (にゅうよく·0) = bathe, bathing; 浴びせる (あびせる·0) = to pour on; 浴びる (あびる·0) = to bathe, to bask in the sun, to shower",彼は毎朝入浴します。,,彼(かれ) は 毎朝 入浴 為る(する),口 汁 谷 ハ 个,"溶,谷,沿"
消,"extinguish, blow out, turn off, neutralize, cancel","ショウ; き.える, け.す","解消 (かいしょう·0) = cancellation, liquidation, resolution, reduction (eg of stress); 取消す (とりけす·0,3) = to cancel, to revoke; 消える (きえる·0) = to go out, to vanish, to disappear; 消しゴム (けしゴム·0) = eraser, India rubber; 消す (けす·0) = to erase, to delete, to cross out, to turn off power, to extinguish, to put out, to bump off",火を消せ。,,火(ひ) を 消す,月 汁 尚,"肖,朋,脳"
深,"deep, heighten, intensify, strengthen","シン; ふか.い, -ぶか.い, ふか.まる, ふか.める, み-","深ける (ふける·2) = to get late, to advance, to wear on; 深い (ふかい·2) = deep, profound, thick, close; 深まる (ふかまる·3) = to deepen, to heighten, to intensify; 深味 (ふかみ·3,0,2) = depth, deep place; 深める (ふかめる·3) = to deepen, to heighten, to intensify",この湖は深い。,,此の 湖(みずうみ) は 深い,汁 木 儿 冖,"探,滞,洸"
清,"pure, purify, cleanse, exorcise, Manchu dynasty","セイ, ショウ, シン; きよ.い, きよ.まる, きよ.める","清む (すむ·1) = to clear (eg weather), to become transparent; 清らか (きよらか·2) = clean, pure, chaste; 清潔 (せいけつ·0) = clean; 清算 (せいさん·0) = liquidation, settlement; 清掃 (せいそう·0) = cleaning",君の手は清潔ですか。,,君(きみ) 手 は 清潔 ですか,月 汁 青 土 二 亠,"靖,請,精"
温,warm,"オン; あたた.か, あたた.かい, あたた.まる, あたた.める, ぬく","温室 (おんしつ·0) = greenhouse, hothouse, conservatory, glasshouse; 温泉 (おんせん·0) = spa, hot spring, onsen; 温帯 (おんたい·0) = temperate zone; 温暖 (おんだん·0) = warmth; 温度 (おんど·1) = temperature",体温を計る。,,体温 を 計る,皿 汁 日,"血,晶,昌"
港,harbor,コウ; みなと,空港 (くうこう·0) = airport,空港まで送るよ。,,空港 迄 送る よ,汁 ハ 已 井,"巳,己,八"
湖,lake,コ; みずうみ,"湖 (みずうみ·3) = lake; 湖畔 (こはん) = lakeside",この湖は深い。,,此の 湖(みずうみ) は 深い,月 口 十 汁,"胡,叶,古"
湯,"hot water, bath, hot spring",トウ; ゆ,"銭湯 (せんとう·1) = bath-house, public bath; 湯 (ゆ·1) = hot water; 湯気 (ゆげ·1) = steam, vapour, vapor; 熱湯 (ねっとう·0) = boiling water",いい湯だなあ。,,いい 湯 だ な,｜ 一 汁 日 勿,"湿,曹,暢"
満,"full, enough, pride, satisfy","マン, バン; み.ちる, み.つ, み.たす","円満 (えんまん·0) = perfection, harmony, peace, smoothness, completeness, satisfaction, integrity; 肥満 (ひまん·0) = corpulence, fatness, obesity; 不満 (ふまん·0) = dissatisfaction, displeasure, discontent, complaints, unhappiness, disgruntled; 満員 (まんいん·0) = full house, no vacancy, sold out, standing room only, full (of people), crowded; 満月 (まんげつ·1) = full moon",満席です。,,満席 です,｜ 一 汁 二 冂 山 艾,"両,華,溝"
漁,"fishing, fishery","ギョ, リョウ; あさ.る",漁業 (ぎょぎょう·1) = fishing (industry); 漁師 (りょうし·1) = fisherman; 漁船 (ぎょせん·0) = fishing boat; 漁村 (ぎょそん·0) = fishing village,漁夫の利。,,漁夫 の 利,魚 汁 田 杰,"魚,鯉,鮎"
灯,"lamp, a light, light, counter for lights","トウ; ひ, ほ-, ともしび, とも.す, あかり","灯台 (とうだい·0) = lighthouse; 灯油 (とうゆ·0) = lamp oil, kerosene; 灯かり (あかり) = light, brightness, glow, gleam, light, lights, lamp, lamplight",灯りが点いた。,,明かり が 点く,一 火 亅,"了,丁,炎"
炭,"charcoal, coal",タン; すみ,石炭 (せきたん·3) = coal; 炭 (すみ·2) = charcoal; 炭酸 (たんさん·0) = carbonic acid,石炭が燃えている。,,石炭 が 燃える,火 山 厂,"灰,炎,岸"
点,"spot, point, mark, speck, decimal point","テン; つ.ける, つ.く, た.てる, さ.す, とぼ.す, とも.す, ぼち","句読点 (くとうてん·2) = punctuation mark(s); 欠点 (けってん·3) = faults, defect, weakness; 原点 (げんてん·1,0) = origin (coordinates), starting point; 減点 (げんてん·0) = subtract, give a demerit; 採点 (さいてん·0) = marking, grading, looking over",灯りが点いた。,,明かり が 点く,口 卜 杰,"占,鮎,馬"
無,"nothingness, none, ain't, nothing, nil, not","ム, ブ; な.い","間も無く (まもなく·2) = soon, before long, in a short time, (after verb) lacking time to ..., without time to ...; 虚無 (きょむ·1) = nihility, nothingness; 台無し (だいなし·0) = mess, spoiled, spoilt, (come to) nothing",入場無料。,,入場 無料,｜ ノ 一 杰 乞,"垂,乃,丑"
然,"sort of thing, so, if so, in that case, well","ゼン, ネン; しか, しか.り, しか.し, さ","依然 (いぜん·0) = still, as yet, as it has been; 偶然 (ぐうぜん·0) = (by) chance, unexpectedly, suddenly, accident, fortuity; 公然 (こうぜん·0) = open (eg secret), public, official, overt; 自然 (しぜん·0) = nature, spontaneity, naturally, spontaneously; 自然科学 (しぜんかがく·4) = natural science",偶然だね！,,偶然 だ ね(#2029080),犬 夕 杰,"燃,馬,多"
焼,"bake, burning","ショウ; や.く, や.き, や.き-, -や.き, や.ける","焼そば (やきそば·0) = fried soba; 焼酎 (しょうちゅう·3) = shochu (Japanese liquor similar to vodka); 燃焼 (ねんしょう·0) = burning, combustion; 夕焼け (ゆうやけ·0) = sunset; 日焼 (ひやけ·0) = sunburn, suntan",家は全焼した。,,家(いえ) は 全焼 為る(する),火 十 儿,"炎,汁,克"
照,"illuminate, shine, compare, bashful","ショウ; て.る, て.らす, て.れる","参照 (さんしょう·0) = reference, bibliographical reference, consultation, browsing (eg when selecting a file to upload on a computer); 照らす (てらす·0,2) = to shine on, to illuminate; 照る (てる·1) = to shine; 照会 (しょうかい·0) = inquiry, enquiry, query, reference; 照明 (しょうめい·0) = illumination",前記参照。,,前記 参照,口 刀 日 杰,"昭,唱,召"
熱,"heat, temperature, fever, mania, passion",ネツ; あつ.い,"解熱 (げねつ·0) = alleviation of fever; 光熱費 (こうねつひ·4,3) = cost of fuel and light; 高熱 (こうねつ·0) = high fever, pyro-; 情熱 (じょうねつ·0) = passion, enthusiasm, zeal; 熱 (ねつ·2) = fever, temperature",平熱です。,,平熱 です,土 九 丶 儿 杰,"勢,丸,馬"
牧,"breed, care for, shepherd, feed, pasture",ボク; まき,"牧畜 (ぼくちく·0) = stock-farming; 牧場 (まきば·0) = farm (livestock), ranch (US), station (Aus, NZ), pasture land, meadow, grazing land",牧師は十字架を作った。,,牧師 は 十字架 を 作る,牛 攵 乞,"竹,枚,敢"
玉,"jewel, ball","ギョク; たま, たま-, -だま","玉 (たま·2) = ball, sphere, coin, jewel, pearl, testicles, staple (for a stapler), person (when commenting on their nature), character; 御年玉 (おとしだま·0) = New Year's gift; 目玉 (めだま·3) = eyeball, loss leader, drawcard; 玉子 (たまご·2,0) = eggs, egg, spawn, roe, cooked (usually boiled) hen egg, (an expert) in the making; 目玉商品 (めだましょうひん·4) = bargain goods, eye-catching goods, featured product, loss leader",艱難汝を玉にす。,,艱難 汝(なんじ) を 玉(たま) に 為る(する),王 丶,"球,柱,往"
王,"king, rule, magnate","オウ, -ノウ","王国 (おうこく·0) = kingdom, monarchy; 王子 (おうじ·1) = prince; 王者 (おうじゃ·1) = king, monarch, ruler; 王女 (おうじょ·1) = princess; 王さま (おうさま·0) = king",女王万歳。,,女王 万歳(ばんざい),,
球,"ball, sphere",キュウ; たま,"球 (たま·2) = globe, sphere, ball; 地球 (ちきゅう·0) = the earth; 電球 (でんきゅう·0) = light bulb; 野球 (やきゅう·0) = baseball",地球は丸い。,,地球 は 丸い,王 水 丶,"玉,永,氷"
由,"wherefore, a reason","ユ, ユウ, ユイ; よし, よ.る","経由 (けいゆ·0,1) = go by the way, via; 自由 (じゆう·2) = freedom, liberty, as it pleases you; 不自由 (ふじゆう·1) = discomfort, inconvenience, poverty, want, destitution, disability; 由 (よし·1) = reason, significance, cause; 由緒 (ゆいしょ·1) = history, pedigree, lineage",俺は自由な男。,,俺(おれ) は 自由 男,｜ 日 田,"申,甲,迪"
申,"have the honor to, sign of the monkey, 3-5PM, ninth sign of Chinese zodiac","シン; もう.す, もう.し-, さる","申込む (もうしこむ·4,0) = to apply for, to make an application, to propose (marriage), to challenge, to request (an interview), to book; 申し出る (もうしでる·4) = to report to, to tell, to suggest, to submit, to request, to make an offer, to come forward with information; 申し訳 (もうしわけ·0) = apology, excuse; 申す (もうす·1) = to be called, to say; 申請 (しんせい) = application, request",鈴木と申します。,,と 申す,｜ 日 田,"甲,由,迪"
畑,"farm, field, garden, one's specialty, (kokuji)","はた, はたけ, -ばたけ","畑 (はたけ·0) = field (non-rice), farm; 畑仕事 (はたしごと) = farm work, field work; 田畑 (たはた·1) = fields (for rice and other crops); 花畑 (はなばたけ·3) = flower garden; 麦畑 (むぎばたけ·3) = wheat field",ここは昔、畑だった。,,此処 は 昔 畑 だ,火 田,"炎,黄,魚"
番,"turn, number in a series",バン; つが.い,"一番 (いちばん·2,0) = best, first, number one, game, round, bout, fall, event (in a meet); 交番 (こうばん·0) = police box, alternation, alternating (eg current); 順番 (じゅんばん·0) = turn (in line), order of things, sequential order; 当番 (とうばん·1) = being on duty; 番号 (ばんごう·3) = number, series of digits",だれの番だ。,,誰 の 番(ばん) だ,田 釆 米,"審,藩,翻"
登,"ascend, climb up","トウ, ト, ドウ, ショウ, チョウ; のぼ.る, あ.がる","山登り (やまのぼり·3) = mountain climbing, mountaineering; 登記 (とうき·1) = registry, registration; 登校 (とうこう·0) = attendance (at school); 登山 (とざん·1,0) = mountain climbing; 登場 (とうじょう·0) = entry (on stage), appearance (on screen), entrance, introduction (into a market)",塀に登るな。,,塀 に 登る な,口 豆 并 癶,"澄,豆,痘"
的,"bull's eye, mark, target, object, adjective ending",テキ; まと,"楽観的 (らっかんてき·0) = optimistic, hopeful; 楽天的 (らくてんてき·0) = optimistic; 客観的 (きゃっかんてき·0) = objective; 具体的 (ぐたいてき·0) = concrete, tangible, definite, specific; 形式的 (けいしきてき·0) = formal",彼は内向的だ。,,彼(かれ) は 内向的 だ,白 丶 勹,"勺,釣,酌"
皮,"pelt, skin, hide, leather, skin radical (no. 107)",ヒ; かわ,"皮肉 (ひにく·(名)1,(名;形動)0) = cynicism, sarcasm, irony, satire; 皮フ (ひフ) = skin; 毛皮 (もうひ·1) = fur, skin, pelt",美は皮一重。,,美(び) は 皮 一重,又,"霞,桑,暇"
皿,"dish, a helping, plate",ベイ; さら,灰皿 (はいざら·0) = ashtray,灰皿を下さい。,,灰皿 を 下さい,,
直,"straightaway, honesty, frankness, fix, repair","チョク, ジキ, ジカ; ただ.ちに, なお.す, -なお.す, なお.る, なお.き, す.ぐ","見直す (みなおす·0,3) = to look again, to get a better opinion of; 思い直す (おもいなおす·5,0) = to re-think, to think back upon, to change one's mind; 持直す (もちなおす·4,0) = to recover, to rally, to improve, to pick up; 書き直す (かきなおす·4,0) = to write out, to make a fair copy, to rewrite; 垂直 (すいちょく·0) = vertical, perpendicular",かけ直すよ。,,掛け直す よ,十 目 ｜ 一,"置,値,購"
相,"inter-, mutual, together, each other, minister of state, councillor, aspect, phase, physiognomy","ソウ, ショウ; あい-","外相 (がいしょう·0) = Foreign Minister; 相図 (あいず·1) = sign, signal; 首相 (しゅしょう·0) = Prime Minister, Chancellor (Germany, Austria, etc.), Premier; 真相 (しんそう·0) = truth, real situation; 人相 (にんそう·1) = physiognomy, looks, countenance",相談し合う。,,相談 為る(する) 合う,木 目,"霜,植,査"
省,"focus, government ministry, conserve","セイ, ショウ; かえり.みる, はぶ.く","外務省 (がいむしょう·3) = Ministry of Foreign Affairs; 帰省 (きせい·0) = homecoming, returning home; 省みる (かえりみる·4) = to look back (eg over shoulder or at the past), to turn around, to review, to reflect, to reconsider, to consider (usu. used in negative), to concern oneself about; 省略 (しょうりゃく·0) = omission, abbreviation, abridgment, abridgement; 大蔵省 (おおくらしょう·4) = (former) Ministry of Finance (succeeded by zaimushou in 2000)",この単語を省きなさい。,,此の 単語 を 省く 為さい,ノ 小 目,"少,懸,頻"
矢,"dart, arrow",シ; や,"矢 (や·1) = arrow; 矢印 (やじるし·2) = arrow (symbol); 弓矢 (ゆみや·2) = bow and arrow; 矢先 (やさき·0,3) = arrowhead, brink, verge; 一矢 (いっし·1) = an arrow, a retort",矢は木をかすめた。,,矢 は 木(き) を 掠める,ノ 大 一 乞,"迭,年,央"
石,stone,"セキ, シャク, コク; いし","化石 (かせき·0) = fossil, petrifaction, fossilization, fossilisation; 磁石 (じしゃく·1) = magnet; 石けん (せっけん) = soap; 石炭 (せきたん·3) = coal; 石油 (せきゆ·0) = oil, petroleum, kerosene",橋は石造りだ。,,橋(はし) は 石造り だ,口,"舌,邑,足"
礼,"salute, bow, ceremony, thanks, remuneration","レイ, ライ","儀礼 (ぎれい·0) = etiquette, courtesy; 御礼 (おんれい·0,1) = thanking, expression of gratitude; 失礼 (しつれい·2) = discourtesy, impoliteness, Excuse me, Goodbye, to leave, to be rude; 朝礼 (ちょうれい·0) = morning assembly (company), pep talk; 無礼 (ぶれい·1,2) = impolite, rude",どうも失礼。,,どうも 失礼,乙,"犯,札,巴"
祝,"celebrate, congratulate","シュク, シュウ; いわ.う","祝い (いわい·2,0) = celebration, festival; 祝う (いわう·2) = to congratulate, to celebrate; 祝電 (しゅくでん·0) = congratulatory telegram; 祝日 (しゅくじつ·0) = national holiday; 祝福 (しゅくふく·0) = blessing",今日は祝日です。,,今日 は 祝日 です,口 礼 儿,"舌,石,競"
神,"gods, mind, soul","シン, ジン; かみ, かん-, こう-","安神 (あんしん·0) = relief, peace of mind; 神興 (みこし) = portable shrine (carried in festivals); 神 (かみ·1) = god; 神経 (しんけい·1) = nerve, sensitivity; 神社 (じんじゃ·1) = Shinto shrine",神はそうする。,,神(かみ) は 然う 為る(する),｜ 日 礼 田,"申,甲,由"
票,"ballot, label, ticket, sign",ヒョウ,"投票 (とうひょう·0) = voting, poll; 票 (ひょう·0) = label, ballot, ticket, sign",反対投票多数。,,反対 投票 多数,示 二 小 西,"漂,標,示"
祭,"ritual, offer prayers, celebrate, deify, enshrine, worship","サイ; まつ.る, まつ.り, まつり","冠婚葬祭 (かんこんそうさい·0) = important ceremonial occasions in family relationships; 祭り (まつり·0) = festival, feast",後の祭り。,,後の祭り,示 二 小 个 癶,"示,際,察"
福,"blessing, fortune, luck, wealth",フク,"幸福 (こうふく·0) = happiness, blessedness; 祝福 (しゅくふく·0) = blessing; 福祉 (ふくし·2,0) = welfare, social security, social service, well-being; 裕福 (ゆうふく·1,0) = affluence, prosperity",無知は幸福。,,無知 は 幸福,一 口 田 礼,"祐,幅,富"
科,"department, course, section",カ,"科 (か·1) = department, section, (taxonomical) family; 科学 (かがく·1) = science; 科学者 (かがくしゃ·2,3) = scientist; 外科 (げか·0) = surgical department; 学科 (がっか·0) = study subject, course of study",彼は科学者です。,,彼(かれ) は 科学者 です,禾 斗,"斜,香,稚"
秒,second (1/60 minute),ビョウ,"秒 (びょう·1) = second (60th min); 秒読み (びょうよみ·0) = countdown; 秒速 (びょうそく) = speed per second",陣痛が約４５秒続きます。,,陣痛 が 約 秒 続く,ノ 禾 小,"少,称,秀"
種,"species, kind, class, variety, seed","シュ; たね, -ぐさ","一種 (ひとくさ·2) = species, kind, variety; 種目 (しゅもく·0,1) = event, item of business; 種類 (しゅるい·1) = variety, kind, type, category, counter for different sorts of things; 人種 (じんしゅ·0) = race (of people); 品種 (ひんしゅ·0) = kind (of goods), brand, (taxonomical) form, breed, cultivar",苦は楽の種。,,苦 は 楽(らく) の 種(たね),｜ 禾 日 里 ノ,"昨,香,曲"
積,"volume, product (x*y), acreage, contents, pile up, stack, load, amass","セキ; つ.む, -づ.み, つ.もる, つ.もり","積み立て (つみたて·0) = savings; 積む (つむ·0) = to pile up, to stack, to load (car, ship, etc.), to pack; 積もり (つもり·0) = intention, plan, conviction, belief; 積る (つもる·2,0) = to pile up, to accumulate, to estimate; 積極的 (せっきょくてき·0) = positive, active, proactive",子供は積み木で遊ぶ。,,子供 は 積み木 で(#2028980) 遊ぶ(あそぶ),禾 貝 目 ハ 土 亠 二,"責,漬,債"
章,"badge, chapter, composition, poem, design",ショウ,"章 (しょう·1) = chapter, section, medal; 文章 (ぶんしょう·1) = sentence, article",彼は文章がうまい。,,彼(かれ) は 文章 が 上手い,音 十 日 立,"障,彰,辛"
童,"juvenile, child",ドウ; わらべ,"児童 (じどう·1) = children, juvenile; 童話 (どうわ·0) = fairy-tale",河童の川流れ。,,河童 の 川流れ,里 立,"鐘,瞳,憧"
競,"emulate, compete with, bid, sell at auction, bout, contest, race","キョウ, ケイ; きそ.う, せ.る","競う (きそう·2) = to compete with, to emulate; 競技 (きょうぎ·1) = game, match, contest; 競争 (きょうそう·0) = competition, contest, to compete; 競馬 (けいば·0) = horse racing; 競べる (くらべる·0) = to compare, to make a comparison, to compete, to vie",私は彼と競争した。,,私(わたし) は 彼(かれ) と 競争 為る(する),口 立 儿,"商,舌,石"
竹,bamboo,チク; たけ,"竹 (たけ·0) = bamboo, middle (of a three-tier ranking system); 竹林 (ちくりん) = bamboo grove",林に竹が目立つ。,,林 に 竹 が 目立つ,乞,"筆,笹,第"
笑,laugh,"ショウ; わら.う, え.む","苦笑い (にがわらい·3) = bitter smile; 笑い声 (わらいごえ·4) = laughter; 笑顔 (えがお·1) = smiling face, smile; 微笑 (びしょう·0) = smile",彼は笑った。,,彼(かれ) は 笑う,禾 竹 大 乞,"竹,筆,笹"
笛,"flute, clarinet, pipe, whistle, bagpipe, piccolo",テキ; ふえ,"汽笛 (きてき·0) = steam whistle; 口笛 (くちぶえ·0,3) = whistle; 笛 (ふえ·0) = flute, pipe, whistle",合図の笛がなった。,,合図 の 笛 が 鳴る,｜ 竹 日 田 乞,"申,甲,由"
第,"No., residence","ダイ, テイ","次第 (しだい·0) = dependent upon, as soon as, immediately (upon), circumstances, order, precedence, program, programme, agenda; 次第に (しだいに·0) = gradually (progress into a state), in sequence, in order, in turn; 第宅 (ていたく·0) = mansion, residence; 落第 (らくだい·0) = failure, dropping out of a class",君次第だよ。,,君(きみ) 次第 だ よ,弓 竹 乞,"竹,筆,笹"
筆,"writing brush, writing, painting brush, handwriting",ヒツ; ふで,"鉛筆 (えんぴつ·0) = pencil; 執筆 (しっぴつ·0) = writing; 随筆 (ずいひつ·0) = essays, miscellaneous writings; 筆 (ふで·0) = writing brush; 筆記 (ひっき·0) = (taking) notes, copying",彼は筆まめだ。,,彼(かれ) は 筆まめ だ,竹 聿 乞,"竹,笹,第"
等,"etc., and so forth, class (first), quality, equal, similar","トウ; ひと.しい, など, -ら","１等 (いっとう·0,3) = first-class, first-rank, A1, the most, the best; 何等 (なにら·1) = whatever, what, what sort of, any kind of, nothing whatever (with neg. verb); 均等 (きんとう·0) = equality, uniformity, evenness; 高等 (こうとう·0) = high class, high grade; 高等学校 (こうとうがっこう·5) = senior high school",彼等の数は多い。,,彼ら(かれら) 数(かず) は 多い,寸 竹 土 乞,"封,寺,符"
算,"calculate, divining, number, abacus, probability",サン; そろ,"換算 (かんざん·0) = conversion, change, exchange; 計算 (けいさん·0) = calculation, reckoning, count, forecast; 決算 (けっさん·1) = balance sheet, settlement of accounts; 採算 (さいさん·0) = profit; 算数 (さんすう·3) = arithmetic",ご破算にしよう。,,ご破算 に 為る(する),竹 目 廾 乞,"箱,竹,筆"
管,"pipe, tube, wind instrument, drunken talk",カン; くだ,"管轄 (かんかつ·0) = jurisdiction, control; 管理 (かんり·1) = control, management (eg of a business); 血管 (けっかん·0) = blood vessel; 保管 (ほかん·0) = charge, custody, safekeeping, deposit, storage; 管 (くだ·1) = pipe, tube",水道管が破裂した。,,水道管 が 破裂 為る(する),口 竹 宀 ｜ 乞,"官,中,棺"
箱,"box, chest, case, bin, railway car",ソウ; はこ,"箱 (はこ·0) = box, case; 本箱 (ほんばこ·1) = bookcase; ゴミ箱 (ゴミばこ) = garbage can, rubbish bin; 空き箱 (あきばこ·0) = empty box; 箱入り (はこいり·0) = boxed",この箱は上げ底だ。,,此の 箱 は 上げ底 だ,竹 木 目 乞,"相,算,竹"
節,"node, season, period, occasion, verse, clause, stanza, honor, joint, knuckle, knob, knot, tune, melody","セツ, セチ; ふし, -ぶし, のっと","関節 (かんせつ·0) = joints (knee joint, elbow joint, etc.); 季節 (きせつ·2,1) = season; 使節 (しせつ·2,1) = envoy, embassy, mission, delegate; 節 (せつ·1) = occasion, time, section (of a literary work), verse, stanza, node (of a plant stem), clause, (taxonomical) section; 節約 (せつやく·0) = economising, saving",猫にかつお節。,,猫(ねこ) に 鰹節,艮 竹 卩 乞,"即,良,範"
米,"rice, USA, metre","ベイ, マイ, メエトル; こめ, よね","新米 (しんまい·0) = new rice, novice, beginner, tyro, newcomer, newbie; 日米 (にちべい·1) = Japan-America; 米価 (べいか·1) = rice price",私は米国人です。,,私(わたし) は 米国人 です,,
粉,"flour, powder, dust","フン; デシメートル, こ, こな","小麦粉 (こむぎこ·0,3) = wheat flour; 粉 (こ·1) = flour, meal, powder; 粉末 (ふんまつ·0) = fine powder",それは粉薬です。,,其れ は 粉薬 です,刀 并 米 ハ,"分,初,八"
糸,thread,シ; いと,"糸 (いと·1) = thread, yarn, string; 毛糸 (けいと·0) = knitting wool; 繭糸 (きぬいと·0) = silk thread",この糸はすぐもつれる。,,此の 糸(いと) は 直ぐ 縺れる,幺 小,"緋,維,絶"
紀,"chronicle, account, narrative, history, annals, geologic period",キ,"紀元 (きげん·1) = era, AD (Christian era); 紀律 (きりつ·0) = order, observance, discipline, rules, law, regulations; 世紀 (せいき·1) = century, era",１世紀は１００年です。,,一世紀 は 年(ねん) です,糸 幺 小 已,"糸,緋,維"
約,"promise, approximately, shrink",ヤク,"解約 (かいやく·0) = cancellation of contract; 契約 (けいやく·0) = contract, compact, agreement; 倹約 (けんやく·0) = thrift, economy, frugality; 公約 (こうやく·0) = public commitment or promise; 婚約 (こんやく·0) = engagement, betrothal",約束は約束。,,約束 は 約束,糸 幺 小 丶 勹,"絢,糸,勺"
級,"class, rank, grade",キュウ,"階級 (かいきゅう·0) = class, rank, grade; 高級 (こうきゅう·0) = high class, high grade; 初級 (しょきゅう·0) = elementary level; 上級 (じょうきゅう·0) = advanced level, high grade, senior; 中級 (ちゅうきゅう·0) = intermediate level",彼は私の級友です。,,彼(かれ) は 私(わたし) 級友 です,ノ 糸 幺 小 及,"紗,系,孫"
細,"dainty, get thin, taper, slender, narrow","サイ; ほそ.い, ほそ.る, こま.か, こま.かい","細い (ほそい·2) = thin, slender, fine; 細かい (こまかい·3) = small, fine, minute, minor, trivial, sensitive, attentive; 細やか (ささやか·2) = meagre, meager, modest; 細菌 (さいきん·0) = bacillus, bacterium, germ; 細工 (さいく·0,3) = work, craftsmanship, tactics, trick",彼は繊細だ。,,彼(かれ) は 繊細 だ,糸 幺 小 田,"累,紳,紬"
組,"association, braid, plait, construct, assemble, unite, cooperate, grapple","ソ; く.む, くみ, -ぐみ","取組む (とっくむ·3,0) = to tackle, to wrestle with, to engage in a bout, to come to grips with, to make effort, to strive for; 乗組員 (のりくみいん·4) = crew; 組込む (くみこむ·3,0) = to insert, to include, to cut in (printing); 組む (くむ·1) = to put together",この番組見る？,,此の 番組 見る,一 糸 幺 小 目,"糸,且,給"
結,"tie, bind, contract, join, organize, do up hair, fasten","ケツ, ケチ; むす.ぶ, ゆ.う, ゆ.わえる","結び (むすび·0) = ending, conclusion, union; 結ぶ (むすぶ·0) = to tie, to bind, to link, to bear (fruit); 結果 (けっか·0,1) = result, consequence; 結核 (けっかく·0) = tuberculosis, tubercule; 結局 (けっきょく·(名)4,0,(副)0) = after all, eventually",結構面白い。,,結構 面白い,口 士 糸 幺 小,"緯,絹,絡"
給,"salary, wage, gift, allow, grant, bestow on","キュウ; たま.う, たも.う, -たま.え","給食 (きゅうしょく·0) = school lunch, providing a meal; 給与 (きゅうよ·1) = pay, salary, wages, allowance, grant, supply; 給料 (きゅうりょう·1) = salary, wages; 供給 (きょうきゅう·0) = supply, provision; 月給 (げっきゅう·0) = monthly salary",彼は高給者だ。,,彼(かれ) は 高給 者(しゃ) だ,口 糸 幺 小 个 一,"含,吟,綺"
絵,"picture, drawing, painting, sketch","カイ, エ","絵具 (えのぐ·0) = colors, colours, paints; 絵画 (かいが·1) = picture, painting; 絵本 (えほん·2) = picture book; 油絵 (あぶらえ·3) = oil painting; 絵葉書 (えはがき·2) = picture postcard",これは絵画だ。,,此れ は 絵画 だ,糸 幺 小 二 个 厶,"会,糸,示"
続,"continue, series, sequel","ゾク, ショク, コウ, キョウ; つづ.く, つづ.ける, つぐ.ない","継続 (けいぞく·0) = continuation; 持続 (じぞく·0) = continuation; 接続 (せつぞく·0) = connection, attachment, union, join, joint, link, changing trains, conjunction; 相続 (そうぞく·0,1) = succession, inheritance; 続出 (ぞくしゅつ·0) = appearance one after another",悪事続きだ。,,悪事 続き だ,士 糸 幺 小 儿 冖,"結,索,糸"
緑,green,"リョク, ロク; みどり","緑 (みどり·1) = green, greenery (esp. fresh verdure); 新緑 (しんりょく) = fresh greenery",丘はいつも緑だ。,,丘(おか) は 何時も 緑 だ,ヨ 糸 幺 小 水 隶,"縁,線,糸"
線,"line, track",セン; すじ,"沿線 (えんせん·0) = along railway line; 曲線 (きょくせん·0) = curve; 光線 (こうせん·0) = beam, light ray; 新幹線 (しんかんせん·3) = bullet train (very high speed), Shinkansen; 水平線 (すいへいせん·0) = horizon (related to sea or lakes)",下線部を訳せ。,,下線部 を 訳す,糸 幺 小 水 白,"綿,糸,泉"
練,"practice, gloss, train, drill, polish, refine","レン; ね.る, ね.り","未練 (みれん·1,0) = lingering affection, attachment, regret(s), reluctance; 練る (ねる·1) = to knead, to work over, to polish up (eg a plan), to drill, to train; 練習 (れんしゅう·0) = practice, practise",練習は熟達の道。,,練習 は 熟達 の 道(みち),｜ 糸 幺 小 日 ハ 木 田,"紳,紬,細"
置,"placement, put, set, deposit, leave behind, keep, employ, pawn","チ; お.く, -お.き","処置 (しょち·1) = treatment, measure, step; 設置 (せっち·0,1) = establishment, institution; 前置き (まえおき·0) = preface, introduction; 措置 (そち·1) = measure, step; 装置 (そうち·1) = equipment, installation, apparatus, device",それを下に置け。,,其れ を 下(した) に 置く,十 買 目 一 ｜,"直,値,干"
羊,sheep,ヨウ; ひつじ,羊毛 (ようもう·0) = wool,羊は何て鳴くの？,,羊 は 何て 鳴く の,王 并,"養,金,詳"
美,"beauty, beautiful","ビ, ミ; うつく.しい","美事 (みごと·1) = splendid, magnificent, beautiful, admirable, praiseworthy act, feat, commendable deed; 讃美 (さんび·1) = praise, adoration, glorification; 美 (び·1) = beauty; 美しい (うつくしい·4) = beautiful, lovely; 美化 (びか·1) = beautification, glorification",美は皮一重。,,美(び) は 皮 一重,王 大 并 羊,"僕,撲,羊"
羽,"feathers, counter for birds, rabbits","ウ; は, わ, はね","羽子 (はね·2) = feather, plume, wing, blade (fan, propeller, etc.); 羽ばたく (はばたく·3) = to flap (wings); 羽織 (はおり·0) = haori (Japanese formal coat); 羽 (ぱ·1) = counter for birds and rabbits",その鳥は羽を震わせた。,,其の 鳥 は 羽(はね) を 震わせる,冫,"次,准,冴"
老,"old man, old age, grow old","ロウ; お.いる, ふ.ける","敬老 (けいろう·0) = respect for the aged; 老いる (おいる·2) = to age, to grow old; 老後 (ろうご·0) = old age; 老人 (ろうじん·0) = the aged, old person; 老若 (ろうじゃく·0,1) = young and old, all ages",彼は年老いた。,,彼(かれ) は 年老いる,匕,"化,旨,尼"
育,"bring up, grow up, raise, rear","イク; そだ.つ, そだ.ち, そだ.てる, はぐく.む","育ち (そだち·3) = breeding, growth; 育つ (そだつ·2) = to be raised (eg child), to be brought up, to grow (up); 育児 (いくじ·1) = childcare, nursing, upbringing; 教育 (きょういく·0) = training, education; 飼育 (しいく·0) = breeding, raising, rearing",牛を飼育する。,,牛 を 飼育 為る(する),月 亠 厶,"撤,徹,衣"
胃,"stomach, paunch, crop, craw",イ,"胃 (い·0) = stomach; 胃腸 (いちょう·0) = stomach, gastrointestine",胃が痛みます。,,胃 が 痛む,月 田,"朋,膚,黄"
脈,"vein, pulse, hope",ミャク; すじ,"山脈 (やまなみ·0) = mountain range; 動脈 (どうみゃく·0) = artery; 文脈 (ぶんみゃく·0) = context; 脈 (みゃく·2) = pulse; 脈絡 (みゃくらく·0) = chain of reasoning, logical connection, coherence, context",脈が遅いです。,,脈 が 遅い です,斤 月 厂,"朋,派,励"
腸,"intestines, guts, bowels, viscera",チョウ; はらわた,"胃腸 (いちょう·0) = stomach, gastrointestine; 腸 (わた·2) = guts, bowels, intestines; 盲腸 (もうちょう·1) = appendix, caecum",浣腸をしました。,,浣腸 を 為る(する),一 月 日 勿,"胆,晋,旦"
臣,"retainer, subject","シン, ジン",総理大臣 (そうりだいじん·4) = Prime Minister; 大臣 (だいじん·1) = cabinet minister,彼は大臣を辞めた。,,彼(かれ) は 大臣 を 辞める,匚,"巨,枢,匹"
航,"navigate, sail, cruise, fly",コウ,"航海 (こうかい·1) = sail, voyage; 航空 (こうくう·0) = aviation, flying; 航空機 (こうくうき·3) = aircraft, aeroplane, airplane; 航空便 (こうくうびん·0,3) = air mail; 航路 (こうろ·1) = course, (sea) route, run",彼らは航海に出た。,,彼ら(かれら) は 航海 に 出る,舟 亠 几,"衣,亡,抗"
船,"ship, boat","セン; ふね, ふな-","汽船 (きせん·0) = steamship, steamboat, steamer; 漁船 (ぎょせん·0) = fishing boat; 船長 (せんちょう·1,0) = ship's captain; 船舶 (せんぱく·1) = ship; 船便 (ふなびん·0) = surface mail (ship)",乗船する。,,乗船 為る(する),口 舟 ハ,"呉,只,舌"
良,"good, pleasing, skilled","リョウ; よ.い, -よ.い, い.い, -い.い","改良 (かいりょう·0) = improvement, reform; 仲良く (なかよく) = making friends with, getting along well with, on cordial terms; 不良 (ふりょう·0) = badness, delinquent, inferiority, failure; 良好 (りょうこう·0) = favorable, favourable, satisfactory; 良心 (りょうしん·1) = conscience",良い休暇を。,,良い 休暇 を,艮,"限,郎,退"
芸,"technique, art, craft, performance, acting, trick, stunt","ゲイ, ウン; う.える, のり, わざ","園芸 (えんげい·0) = horticulture, gardening; 芸術 (げいじゅつ·0) = (fine) art, the arts; 芸能 (げいのう·0) = public entertainment, accomplishments, attainments; 工芸 (こうげい·0) = industrial arts; 文芸 (ぶんげい·0,1) = literature, art and literature, belles-lettres",芸は身を助く。,,芸 は 身(み) を 助く,二 厶 艾,"伝,会,雲"
芽,"bud, sprout, spear, germ",ガ; め,芽 (め·1) = sprout; 発芽 (はつが·0) = burgeoning,芽がでてきた。,,芽 が 出る 来る(くる),牙 艾,"雅,邪,菖"
苦,"suffering, trial, worry, hardship, feel bitter, scowl","ク; くる.しい, -ぐる.しい, くる.しむ, くる.しめる, にが.い, にが.る","ご苦労様 (ごくろうさま·2) = thank you very much for your ..., I appreciate your efforts; 苦い (にがい·2) = bitter; 苦しい (くるしい·3) = painful, difficult; 苦しみ (くるしみ·0,3) = pain, anguish, distress, suffering, hardship; 苦しむ (くるしむ·3) = to suffer, to groan, to be worried; 苦労 (くろう) = hardship, trouble",苦は楽の種。,,苦 は 楽(らく) の 種(たね),口 十 艾,"叶,古,噴"
草,"grass, weeds, herbs, pasture, write, draft","ソウ; くさ, くさ-, -ぐさ","雑草 (ざっそう·0) = weed; 草 (くさ·2) = grass; 草花 (そうか·1) = flower, flowering plant; 草原 (くさはら·0) = grass-covered plain, grasslands, meadows, savannah, prairie, steppe; 草履 (ぞうり·0) = zori (Japanese footwear sandals)",羊は草を食べる。,,羊 は 草(くさ) を 食べる,十 日 艾,"菖,汁,晶"
荷,"baggage, shoulder-pole load, bear (a burden), shoulder (a gun), load, cargo, freight",カ; に,"荷 (に·1,0) = load, baggage, cargo; 荷造り (にづくり·2) = packing, baling, crating; 荷物 (にもつ·1) = luggage, baggage, payload (of a packet, cell, etc.); 出荷 (しゅっか·0) = shipping, outgoing freight, forwarding; 入荷 (にゅうか·0) = arrival of goods, goods received",彼は重荷に喘いだ。,,彼(かれ) は 重荷 に 喘ぐ,化 口 亅 艾 一,"何,伺,司"
落,"fall, drop, come down","ラク; お.ちる, お.ち, お.とす","一段落 (ひとだんらく·3) = pause; 落ち入る (おちいる·3,0) = to fall, to trap, to cave in, to collapse; 見落す (みおとす·0,3) = to overlook, to fail to notice, to miss (seeing); 聚落 (じゅらく·1) = village, community, settlement, town, colony (animals, etc.); 堕落 (だらく·0) = depravity, corruption, degradation",落ちついて。,,落ちつく,口 汁 夂 艾,"藻,蕗,舌"
葉,"leaf, plane, lobe, needle, blade, spear, counter for flat things, fragment, piece",ヨウ; は,"言葉使い (ことばづかい·4) = speech, expression, wording; 木ノ葉 (きのは·1) = foliage, leaves of trees; 葉 (は·0) = leaf; 黄葉 (もみじ·1) = autumn colours, fall colors, leaves changing color (colour), leaves turning red, red leaves; 枝葉 (しよう·0,1) = leaves and branches, side issues, foliage",葉が落ちた。,,葉(は) が 落ちる,木 世 艾,"蝶,菓,樺"
虫,"insect, bug, temper","チュウ, キ; むし","害虫 (がいちゅう·0) = harmful insect, noxious insect; 昆虫 (こんちゅう·0) = insect, bug; 弱虫 (よわむし·2) = coward, weakling; 虫 (むし·0) = insect",虫がよすぎる。,,虫がよい 過ぎる(すぎる),,
血,blood,ケツ; ち,"血 (ち·0) = blood, consanguinity; 血圧 (けつあつ·0) = blood pressure; 血液 (けつえき·2) = blood; 血縁 (けつえん·0) = blood relative or relationship, consanguinity; 血管 (けっかん·0) = blood vessel",血液の循環。,,血液 の 循環,皿,"孟,衆,盟"
街,"boulevard, street, town","ガイ, カイ; まち","街頭 (がいとう·0) = in the street; 街道 (かいどう·0) = highway (esp. one existing from the Edo period), main road; 市街 (しがい·1) = urban areas, the streets, town, city; 街 (ちょう·2) = town, block, neighborhood, street, road, 109.09 m, 0.99 hectares; 街並 (まちなみ·0) = street (of stores and houses), townscape, (look of) stores and houses on street",街を見に行こう。,,街(まち) を 見に行く,行 土 彳,"行,圭,徒"
衣,"garment, clothes, dressing","イ, エ; ころも, きぬ, -ぎ","衣裳 (いしょう·1) = clothing, costume, outfit, garment, dress; 衣食住 (いしょくじゅう·3) = necessities of life (food, clothing and shelter); 衣服 (いふく·1) = clothes; 衣料 (いりょう·1) = clothing; 更衣室 (こういしつ·3) = locker room, changing room, dressing room",濡れ衣を着せられた。,,濡れ衣を着せる,亠,"亡,蛮,芝"
表,"surface, table, chart, diagram","ヒョウ; おもて, -おもて, あらわ.す, あらわ.れる, あら.わす","公表 (こうひょう·0) = official announcement, proclamation; 図表 (ずひょう·0) = chart, diagram, graph, figure; 代表 (だいひょう·0) = representative, representation, delegation, type, example, model; 発表 (はっぴょう·0) = announcement, publication; 表 (おもて·3) = surface, face (ie visible side of an object), front (of a building) of a coin etc",表か裏か。,,表(おもて) か 裏(うら) か,衣 士 土 二 亠,"俵,麦,装"
要,"need, main point, essence, pivot, key to",ヨウ; い.る,"強要 (きょうよう·0) = coercion, extortion; 主要 (しゅよう·0) = chief, main, principal, major; 需要 (じゅよう·0) = demand, request; 重要 (じゅうよう·0) = important, momentous, essential, principal, major; 不必要 (ふひつよう·3,2) = unnecessary",君が必要だ。,,君(きみ) が 必要 だ,女 西,"腰,茜,栗"
覚,"memorize, learn, remember, awake, sober up","カク; おぼ.える, さ.ます, さ.める, さと.る","覚え (おぼえ·3,2) = memory, sense, experience; 覚悟 (かくご·1,2) = resolution, resignation, readiness, preparedness; 感覚 (かんかく·0) = sense, sensation; 幻覚 (げんかく·0) = hallucination, illusion; 錯覚 (さっかく·0) = optical illusion, hallucination",覚えてる？,,覚える,見 尚 冖,"蛍,栄,学"
観,"outlook, look, appearance, condition, view","カン; み.る, しめ.す","外観 (がいかん·0) = appearance, exterior, facade; 楽観的 (らっかんてき·0) = optimistic, hopeful; 観客 (かんきゃく·0) = audience, spectator(s); 観光 (かんこう·0) = sightseeing; 観察 (かんさつ·0) = observation, survey",彼の観察は正確だ。,,彼(かれ) 観察 は 正確 だ,見 隹 矢 乞,"歓,権,竹"
角,"angle, corner, square, horn, antlers","カク; かど, つの","町角 (まちかど·0) = street corner; 角 (かど·1) = corner (eg desk, pavement), edge; 角度 (かくど·1) = angle; 曲り角 (まがりかど·4,0) = street corner, road turn, bend in the road, turning point; 三角 (さんかく·1) = triangle, triangular",そこの角ですよ。,,其処(そこ) の 角(かど) です よ,勹 月 ｜,"朋,胞,陥"
訓,"instruction, Japanese character reading, explanation, read","クン, キン; おし.える, よ.む, くん.ずる","訓える (おしえる·0) = to teach, to inform, to instruct; 教訓 (きょうくん·0) = lesson, precept, moral instruction; 訓連 (くんれん·1) = practice, practise, training; 特訓 (とっくん·0) = special training, intensive training, crash course",この教訓を忘れるな。,,此の 教訓 を 忘れる な,言 川,"談,訪,記"
記,"scribe, account, narrative",キ; しる.す,"記す (しるす·0,2) = to note, to write down; 記憶 (きおく·0) = memory, recollection, remembrance, storage; 記号 (きごう·0) = symbol, code, sign; 記事 (きじ·1) = article, news story, report, account; 記者 (きしゃ·1,2) = reporter",前記参照。,,前記 参照,言 已,"巳,己,配"
詩,"poem, poetry",シ; うた,"詩 (うた·2) = song, classical Japanese poetry (esp. tanka), modern poetry; 詩人 (しじん·0) = poet; 詩歌 (しか·1,2) = Japanese (and Chinese) poetry",彼は詩人だ。,,彼(かれ) は 詩人 だ,言 寸 土,"討,封,寺"
課,"chapter, lesson, section, department, division, counter for chapters (of a book)",カ,"課 (か·1) = lesson, section (in an organization), division, department, counter for lessons and chapters (of a book); 課税 (かぜい·0) = taxation; 課題 (かだい·0) = subject, theme, task; 課長 (かちょう·0) = section manager, section chief; 課程 (かてい·0) = course, curriculum",第２課は易しい。,,第 課 は 易しい,言 田 木,"謀,裸,菓"
調,"tune, tone, meter, key (music), writing style, prepare, exorcise, investigate","チョウ; しら.べる, しら.べ, ととの.う, ととの.える","下調べ (したしらべ·3,0) = preliminary investigation, preparation; 強調 (きょうちょう·0) = emphasis, highlight, stress, stressed point; 好調 (こうちょう·0) = favourable, favorable, promising, satisfactory, in good shape; 順調 (じゅんちょう·0) = favourable, favorable, doing well, OK, all right; 体調 (たいちょう·0) = physical condition",その調子だ。,,其の 調子 だ,言 口 土 冂,"周,尚,向"
談,"discuss, talk",ダン,"縁談 (えんだん·0) = marriage proposal, engagement; 会談 (かいだん·0) = conversation, conference, discussion, interview; 座談会 (ざだんかい·2) = symposium, round-table discussion; 雑談 (ざつだん·0) = chatting, idle talk; 商談 (しょうだん·0) = business discussion, negotiation",相談し合う。,,相談 為る(する) 合う,火 言,"炎,訪,記"
議,"deliberation, consultation, debate, consideration",ギ,"会議 (かいぎ·1,3) = meeting, conference, session, assembly, council, convention, congress; 議員 (ぎいん·1) = member of the Diet, congress or parliament; 議会 (ぎかい·1) = Diet, congress, parliament; 議決 (ぎけつ·0) = resolution, decision, vote; 議題 (ぎだい·0) = topic of discussion, agenda",会議に出席する。,,会議 に 出席 為る(する),一 王 言 并 羊 亅 戈 手,"義,犠,儀"
谷,valley,"コク; たに, きわ.まる","谷 (たに·2) = valley; 谷間 (たにま·3,0) = valley, ravine; 渓谷 (けいこく·0) = valley, gorge, ravine; 谷川 (たにがわ·0) = mountain stream; 谷底 (たにぞこ·0) = bottom of valley",四谷駅で降りて下さい。,,駅 で(#2028980) 降りる 下さい,口 ハ 个,"呉,只,介"
豆,"beans, pea, midget","トウ, ズ; まめ, まめ-","小豆 (あずき·3) = adzuki beans; 大豆 (だいず·0) = soya bean (soybean), soy (Glycine max); 豆腐 (とうふ·0,3) = tofu, bean-curd; 納豆 (なっとう·3) = natto (fermented soybeans)",妹は豆の皮をむいた。,,妹 は 豆 の 皮 を 剥く,口 并,"閲,鉛,舌"
象,"elephant, pattern after, imitate, image, shape, sign (of the times)","ショウ, ゾウ; かたど.る","印象 (いんしょう·0) = impression; 気象 (きしょう·0) = weather, climate; 現象 (げんしょう·0) = phenomenon; 象徴 (しょうちょう·0) = symbol; 対象 (たいしょう·0) = target, object (of worship, study, etc.), subject (of taxation, etc.)",象は鼻が長い。,,象(ぞう) は 鼻 が 長い,勹 豕 口 一,"像,号,啄"
貝,shellfish,バイ; かい,"貝 (かい·1) = shell, shellfish; 貝がら (かいがら·3,0) = shell; 貝殻 (かいがら) = shell",貝は好きではない。,,貝(かい) は 好き(すき) では無い,目 ハ,"買,具,貧"
負,"defeat, negative, -, minus, bear, owe, assume a responsibility","フ; ま.ける, ま.かす, お.う","勝負 (しょうぶ·1) = victory or defeat, match, contest, game, bout; 背負う (しょう·0) = to be burdened with, to carry on back or shoulder; 負う (おう·0) = to bear, to owe; 負け (まけ·0) = defeat, loss, losing (a game); 負ける (まける·0) = to lose, to be defeated",負けるな。,,負ける な,貝 目 ハ 勹,"買,貝,貧"
貨,"freight, goods, property",カ; たから,"貨車 (かしゃ·1) = freight car, van; 貨物 (かぶつ·1) = cargo, freight, money or assets; 貨幣 (かへい·1) = money, currency, coinage; 外貨 (がいか·1) = imported goods, foreign money; 硬貨 (こうか·1) = coin",私は硬貨で払った。,,私(わたし) は 硬貨 で(#2028980) 払う,化 貝 目 ハ 匕,"傾,買,賃"
貯,"savings, store, lay in, keep, wear mustache","チョ; た.める, たくわ.える","貯金 (ちょきん·0) = (bank) savings; 貯える (たくわえる·4,3) = to store, to lay in stock",彼は貯金を増やした。,,彼(かれ) は 貯金 を 増やす,一 貝 目 ハ 亅 宀,"頂,財,買"
費,"expense, cost, spend, consume, waste","ヒ; つい.やす, つい.える","会費 (かいひ·0) = membership fee; 学費 (がくひ·0) = tuition, school expenses; 経費 (けいひ·1) = expenses, cost, outlay; 交通費 (こうつうひ·3) = traveling expenses, travelling expenses, carfare; 光熱費 (こうねつひ·4,3) = cost of fuel and light",私費で旅行した。,,私費で 旅行 為る(する),｜ 貝 目 ハ 弓,"買,貝,弔"
賞,"prize, reward, praise",ショウ; ほ.める,"観賞 (かんしょう·0) = admiration, enjoyment; 鑑賞 (かんしょう·0) = appreciation (eg of art), aesthetic sense; 懸賞 (けんしょう·0) = offering prizes, winning, reward; 賞 (しょう·1) = prize, award; 賞金 (しょうきん·0) = prize, monetary award",賞は彼の手に。,,賞 は 彼(かれ) の 手 に,貝 目 ハ 口 尚 冖,"償,唄,買"
路,"path, route, road, distance","ロ, ル; -じ, みち","回路 (かいろ·1) = circuit (electric); 航路 (こうろ·1) = course, (sea) route, run; 高速道路 (こうそくどうろ·5) = highway, freeway, expressway, motorway; 十字路 (じゅうじろ·3) = crossroads; 進路 (しんろ·1) = route, course, career, university choices, course (of future life)",「道路工事中」,,道路 工事中,口 足 夂 止,"露,蕗,足"
身,"somebody, person, one's station in life",シン; み,"刺し身 (さしみ·3) = sashimi (sliced raw fish); 自身 (じしん·1) = by oneself, personally; 受け身 (うけみ·0,3,2) = passive, passive voice; 出身 (しゅっしん·0) = person's origin (town, city, country, etc.), institution from which one graduated; 上半身 (じょうはんしん·3) = upper half of body, bust",独身ですか。,,独身 ですか,,
軍,"army, force, troops, war, battle",グン,"海軍 (かいぐん·1) = navy; 空軍 (くうぐん·0) = Air Force; 軍 (ぐん·1) = army, force, troops; 軍拡 (ぐんかく·0) = military expansion, expansion of armaments; 軍艦 (ぐんかん·0) = warship, battleship",勝てば官軍。,,勝つ 官軍,車 冖,"暉,揮,輝"
輪,"wheel, ring, circle, link, loop, counter for wheels and flowers",リン; わ,"車輪 (しゃりん·0) = (car) wheel; 年輪 (ねんりん·0) = annual tree ring; 輪ゴム (わゴム·0) = rubber band; 輪廓 (りんかく·0) = contours, outlines, features",車輪が回りだした。,,車輪 が 回り出す,｜ 一 車 个 冊 廾,"論,倫,綸"
辞,"resign, word, term, expression","ジ; や.める, いな.む","御辞儀 (おじぎ·0) = bow; 御世辞 (おせじ·0) = flattery, compliment; 辞 (けとば·3) = language, dialect, word, words, phrase, term, expression, remark, speech, (manner of) speaking; 辞書 (じしょ·1) = dictionary, lexicon, letter of resignation; 辞職 (じしょく·0) = resignation",彼は辞職した。,,彼(かれ) は 辞職 為る(する),口 十 辛 舌 立,"辛,叶,古"
農,"agriculture, farmers",ノウ,"農家 (のうか·1) = farmer, farm family; 農協 (のうきょう·0) = agricultural cooperative; 農業 (のうぎょう·1) = agriculture; 農耕 (のうこう·0) = farming, agriculture; 農場 (のうじょう·0,3) = farm (agriculture)",私は農場で働いた。,,私(わたし) は 農場 で(#2028980) 働く,｜ 衣 一 辰 日 厂,"濃,曹,晨"
辺,"environs, boundary, border, vicinity","ヘン; あた.り, ほと.り, -べ","海辺 (かいへん·0) = beach, seashore; 岸辺 (きしべ·0,3) = bank (of a river); 周辺 (しゅうへん·0) = circumference, outskirts, environs, around, in the area of, in the vicinity of, (computer) peripheral; 浜辺 (はまべ·0,3) = beach, foreshore; 辺 (へん·0) = area, vicinity, side (of triangle, rectangle, etc.), circumstances",まずその辺です。,,先ず その辺 です,込 刀,"初,連,逐"
返,"return, answer, fade, repay","ヘン; かえ.す, -かえ.す, かえ.る, -かえ.る","引返す (ひきかえす·3) = to repeat, to send back, to bring back, to retrace one's steps; 恩返し (おんがえし·3) = requital of a favour, requital of a favor; 繰返す (くりかえす·3,0) = to repeat, to do something over again; 言返す (いいかえす·3) = to repeat, to talk back, to answer back; 取返す (とりかえす·3,0) = to regain, to recover, to get back; 返事 (へんじ) = reply, answer",引き返そう。,,引き返す,込 又 厂,"反,皮,版"
追,"chase, drive away, follow, pursue, meanwhile",ツイ; お.う,"追いこす (おいこす·3) = to pass (eg car), to outdistance, to outstrip; 追い込む (おいこむ·3) = to herd, to corner, to drive; 追い出す (おいだす·3) = to expel, to drive out; 追加 (ついか·0) = addition, supplement, append (eg to a file), appendix; 追及 (ついきゅう·0) = investigation (eg into someone's guilt), questioning, pressing, catching up, overtaking",流行を追うな。,,流行 を 追う な,｜ 口 込,"遣,中,速"
速,"quick, fast","ソク; はや.い, はや-, はや.める, すみ.やか","加速 (かそく·0) = acceleration; 快速 (かいそく·0) = high speed, celerity, mobility, express (train that bypasses many stations); 急速 (きゅうそく·0) = rapid (eg progress); 減速 (げんそく·0) = deceleration; 高速 (こうそく·0) = high speed, high gear, highway, freeway, expressway, motorway",全速前進。,,全速 前進,｜ 一 口 込 ハ 木,"束,遣,追"
連,"take along, lead, join, connect, party, gang, clique","レン; つら.なる, つら.ねる, つ.れる, -づ.れ","訓連 (くんれん·1) = practice, practise, training; 国連 (こくれん·0) = UN, United Nations; 連ねる (つらねる·3) = to link, to join, to put together; 連れ (つれ·0) = companion, company; 連れる (つれる·0) = to lead, to take (a person)",旅は道連れ。,,旅 は 道連れ,込 車,"蓮,陣,逐"
遊,play,"ユウ, ユ; あそ.ぶ, あそ.ばす","遊び (あそび·0) = playing; 遊ぶ (あそぶ·0) = to play, to make a visit (esp. for pleasure), to be idle, to do nothing; 遊園地 (ゆうえんち·3) = amusement park",遊びにこいよ。,,遊びに来る よ,込 子 方 乞,"竹,旋,放"
達,"accomplished, reach, arrive, attain","タツ, ダ; -たち","私達 (わたくしたち·4) = we, us; 上達 (じょうたつ·0) = improvement, advance, progress; 速達 (そくたつ·0) = express, special delivery; 達する (たっする·0,3) = to reach, to get to; 達成 (たっせい·0) = achievement",子供達は皆寝た。,,子供たち は 皆 寝る,王 込 土 并 羊,"遅,羊,養"
選,"elect, select, choose, prefer",セン; えら.ぶ,"選挙 (せんきょ·1) = election; 選手 (せんしゅ·1) = player (in game), team member; 選出 (せんしゅつ·0) = election; 選択 (せんたく·0) = selection, choice, option; 選定 (せんてい·0) = selection",これを選びます。,,此れ を 選ぶ,｜ 込 二 ハ 已,"巽,共,巳"
郡,"county, district",グン; こうり,"郡 (こおり·1) = district, county; 郡部 (ぐんぶ) = county districts",これは豊能郡の地図です。,,此れ は 郡 の 地図 です,一 口 邦 ノ ヨ,"君,右,呂"
部,"section, bureau, dept, class, copy, part, portion, counter for copies of a newspaper or magazine",ブ; -べ,"一部 (いちぶ·2) = one part, one portion, one section, some, one copy (eg of a document); 一部分 (いちぶぶん·3) = part, portion, section; 外部 (がいぶ·1) = the outside, external; 学部 (がくぶ·0,1) = department of a university, undergraduate; 幹部 (かんぶ·1) = management, (executive) staff, leaders",部屋を出ろ。,,部屋 を 出る,口 邦 立,"舌,石,陪"
配,"distribute, spouse, exile, rationing",ハイ; くば.る,"気配 (きはい·2,0,1) = indication, sign, hint, presence, trend, quotation (esp. stock market); 勾配 (こうばい·0) = slope, incline, gradient, grade, pitch; 支配 (しはい·1) = rule, control, direction; 手配 (てはい·1) = arrangement, search (by police); 心配 (しんぱい·0) = worry, concern, anxiety, care",心配するな。,,心配 為る(する) な,酉 已,"巳,己,酒"
酒,"sake, alcohol","シュ; さけ, さか-","居酒屋 (いざかや·0,3) = bar, pub, tavern; 禁酒 (きんしゅ·0) = prohibition, temperance, abstinence; 酒 (さけ·0) = alcohol, sake; 酒屋 (さかや·0) = liquor store, wine shop, bottle shop, sake dealer, liquor-store owner, brewer; 日本酒 (にほんしゅ·0) = sake, Japanese rice wine",彼は禁酒した。,,彼(かれ) は 禁酒 為る(する),汁 酉,"配,淡,浪"
里,"ri, village, parent's home, league",リ; さと,"郷里 (きょうり·1) = birth-place, home town; 里 (り·1) = ri (old Japanese unit of distance, approx. 3.927km or 2.44 miles), neighbourhood (under the ritsuryo system;  orig. of 50 homes), unit of area (approx. 654m by 654m); 旧里 (きゅうり·1) = home town, birthplace, old village, historic village, native place, one's old home",千里の道も一歩から。,,千里 の 道(みち) も 一歩 から,,
量,"quantity, measure, weight, amount, consider, estimate, surmise",リョウ; はか.る,"質量 (しつりょう·2) = mass; 重量 (じゅうりょう·3) = weight, heavyweight boxer; 数量 (すうりょう·3) = quantity, volume; 測量 (そくりょう·0,2) = measurement, surveying; 多量 (たりょう·0) = large quantity",スゴイ量だね！,,凄い 量 だ ね(#2029080),一 日 里,"糧,晋,旦"
鉄,iron,テツ; くろがね,"国鉄 (こくてつ·0) = national railway; 私鉄 (してつ·0) = private railway; 製鉄 (せいてつ·0) = iron manufacture; 地下鉄 (ちかてつ·0) = underground train, subway; 鉄 (てつ·0) = iron",鉄は硬い。,,鉄(てつ) は 硬い,ノ 金 二 矢 大 乞,"迭,邦,矢"
録,record,ロク,"記録 (きろく·0) = record, minutes, document, a record (eg in sports), results, score, to record, to document, to set a record (eg in sports), to show a result, to reach a value; 登録 (とうろく·0) = registration, accession, register, entry, record; 目録 (もくろく·0) = catalogue, catalog, list; 録音 (ろくおん·0) = (audio) recording",彼は記録を破った。,,彼(かれ) は 記録 を 破る,ヨ 金 水 隶,"逮,禄,康"
鏡,"mirror, speculum, barrel-head, round rice-cake offering","キョウ, ケイ; かがみ","鏡 (かがみ·3) = mirror; 顕微鏡 (けんびきょう·0) = microscope; 望遠鏡 (ぼうえんきょう·0) = telescope; 眼鏡 (めがね·1) = spectacles, glasses",目は心の鏡。,,目(め) は 心(こころ) の 鏡,音 金 日 立 儿,"境,章,晶"
関,"connection, barrier, gateway, involve, concerning","カン; せき, -ぜき, かか.わる, からくり, かんぬき","関する (かんする·3) = to concern, to be related; 関係 (かんけい·0) = relation, connection; 関心 (かんしん·0) = concern, interest; 関税 (かんぜい·0) = customs, duty, tariff; 関節 (かんせつ·0) = joints (knee joint, elbow joint, etc.)",無関係です。,,無関係 です,人 大 二 ハ 門 并 一,"咲,券,天"
陸,"land, six","リク, ロク; おか","上陸 (じょうりく·0) = landing, disembarkation; 大陸 (たいりく·0,1) = continent; 着陸 (ちゃくりく·0) = landing, alighting, touch down; 内陸 (ないりく·0) = inland; 離陸 (りりく·0) = takeoff",彼は陸軍士官だ。,,彼(かれ) は 陸軍 士官 だ,土 儿 阡,"陵,圭,陛"
陽,"sunshine, yang principle, positive, male, heaven, daytime",ヨウ; ひ,"太陽 (たいよう·1) = sun, solar; 陽気 (ようき·0,1) = cheerful, merry, season, weather; 陽当たり (ひあたり·0) = exposure to the sun, sunny place, per day; 陽射し (ひざし·0) = sunlight, rays of the sun; 陽 (よう·1) = yang, sunlight-side, warmth, sunshine, surface, appearances",太陽がまぶしい。,,太陽 が 眩しい,一 日 阡 勿,"晋,旦,腸"
隊,"regiment, party, company, squad",タイ,"部隊 (ぶたい·1) = unit, corps; 軍隊 (ぐんたい·1) = army, military; 隊長 (たいちょう·0) = squad leader, captain; 消防隊 (しょうぼうたい·0) = fire brigade",彼は軍隊にいる。,,彼(かれ) は 軍隊 に 居る(いる),并 豕 阡,"墜,遂,陣"
階,"storey, stair, counter for storeys of a building",カイ; きざはし,"階 (かい·1) = stories, storeys, counter for storeys and floors of a building; 階級 (かいきゅう·0) = class, rank, grade; 階段 (かいだん·0) = stairs, stairway, staircase; 段階 (だんかい·0) = gradation, grade, stage, steps, order, class, phase; 中産階級 (ちゅうさんかいきゅう·5) = middle class, bourgeoisie",８階にあります。,,階(かい) に 有る,白 比 阡,"皆,陛,鹿"
雪,snow,セツ; ゆき,"初雪 (はつゆき·0) = first snow (of season); 吹雪 (ふぶき·1) = snow storm; 積雪 (せきせつ·0) = fallen snow; 雪 (ゆき·2) = snow; 雪融け (ゆきどけ·0,4) = snow thaw, thawing",雪は消えた。,,雪 は 消える,ヨ 雨,"霞,需,雷"
雲,cloud,"ウン; くも, -ぐも","雲 (くも·1) = cloud; 雲海 (うんかい) = sea of clouds",空には雲がない。,,空(そら) には 雲 が 無い,一 雨 二 厶,"三,霊,曇"
静,quiet,"セイ, ジョウ; しず-, しず.か, しず.まる, しず.める","安静 (あんせい·0) = rest; 静止 (せいし·0) = stillness, repose, standing still; 静粛 (せいしゅく·0) = silent; 冷静 (れいせい·0) = calm, composure, coolness, serenity",静かに！,,静かに,月 青 土 亅 亠 勹 ヨ 二,"彗,靖,請"
面,"mask, face, features, surface","メン, ベン; おも, おもて, つら","一面 (いちめん·0,2) = one face, one surface, the whole surface, one aspect, one side, (on) the other hand, one broad, flat object, front page; 仮面 (かめん·0) = mask, disguise; 画面 (がめん·1,0) = terminal screen, scene, picture, the field (in TV), photo; 海面 (かいめん·0) = sea level, (surface of) sea; 外面 (げめん·1,0) = outer surface, outward appearance, outside, exterior, outside, outer, outward, exterior, external",面倒だな。,,面倒 だ な,,
順,"obey, order, turn, right, docility, occasion",ジュン,"手順 (てじゅん·0,1) = process, procedure, sequence, protocol, instruction; 順 (じゅん·0) = order, turn; 順位 (じゅんい·1) = order, rank, precedence; 順序 (じゅんじょ·1) = order, sequence, procedure; 順調 (じゅんちょう·0) = favourable, favorable, doing well, OK, all right",万事順調だ。,,万事 順調 だ,貝 目 ハ 川 頁,"買,顕,頒"
願,"petition, request, vow, wish, hope","ガン; ねが.う, -ねがい","願い (ねがい·2) = desire, wish, request, prayer, petition, application; 願う (ねがう·2) = to desire, to wish, to hope, to beg, to request, to implore, to pray, to have something done for oneself; 願書 (がんしょ·1) = written application or petition; 祈願 (きがん·1) = prayer; 出願 (しゅつがん·0) = application",星に願いを。,,星(ほし) に 願い を,貝 目 ハ 小 白 頁 厂,"買,原,顕"
類,"sort, kind, variety, class, genus",ルイ; たぐ.い,"種類 (しゅるい·1) = variety, kind, type, category, counter for different sorts of things; 書類 (しょるい·0) = documents, official papers; 親類 (しんるい·0) = relation, kin; 人類 (じんるい·1) = mankind, humanity; 同類 (どうるい·0) = the same kind, accomplice",類は友を呼ぶ。,,類(るい) は 友 を 呼ぶ,貝 目 ハ 大 米 頁,"買,顕,頒"
飛,"fly, skip (pages), scatter","ヒ; と.ぶ, と.ばす, -と.ばす","飛上がる (とびあがる) = to spring, to jump up, to fly up, to skip; 飛ばす (とばす·0) = to fly, to fire, to hurl, to skip over, to omit, to drop (eg stitch), to run or drive fast, to gallop, to spread a rumour (rumor), to tell a story, to remove, to get rid of, to transfer, to attack, to jeer at; 飛行 (ひこう·0) = aviation; 飛行機 (ひこうき·2) = aeroplane, airplane, aircraft; 飛行場 (ひこうじょう·0) = airfield, airport",鳥は飛ぶ。,,鳥 は 飛ぶ,,
養,"foster, bring up, rear, develop, nurture","ヨウ, リョウ; やしな.う","営養 (えいよう·0) = nutrition, nourishment; 休養 (きゅうよう·0) = rest, break, recreation; 教養 (きょうよう·0) = culture, education, refinement, cultivation; 扶養 (ふよう·0) = support, maintenance; 養う (やしなう·3,0) = to rear, to maintain, to support (eg family), to cultivate",医者の不養生。,,医者 の 不養生,王 食 并 羊,"羊,詳,美"
馬,horse,"バ; うま, うま-, ま","競馬 (けいば·0) = horse racing; 馬 (うま·2) = horse, promoted bishop (shogi)",馬鹿な！,,馬鹿,杰,"魚,焦,庶"
鳴,"chirp, cry, bark, sound, ring, echo, honk","メイ; な.く, な.る, な.らす","怒鳴る (どなる·2) = to shout, to yell; 悲鳴 (ひめい·0) = shriek, scream; 鳴らす (ならす·0) = to ring, to sound, to chime, to beat, to snort (nose); 鳴る (なる·0) = to sound, to ring, to resound, to echo, to roar, to rumble",羊は何て鳴くの？,,羊 は 何て 鳴く の,口 鳥 杰,"馬,舌,石"
麦,"barley, wheat",バク; むぎ,"蕎麦 (そまむぎ·1) = buckwheat (Fagopyrum esculentum), soba (Japanese buckwheat noodles); 小麦 (こむぎ·0,2) = wheat; 小麦粉 (こむぎこ·0,3) = wheat flour; 大麦 (おおむぎ·0,3) = barley (Hordeum vulgare); 麦 (むぎ·1) = wheat, barley, oat (oats)",ここで小麦を作る。,,此処 で(#2028980) 小麦 を 作る,夂 土 二 亠,"変,彗,表"
黄,yellow,"コウ, オウ; き, こ-","黄色い (きいろい·0) = yellow; 黄昏 (こうこん·0) = dusk, twilight; 黄色 (おうしょく·0) = yellow, amber; 黄葉 (もみじ·1) = autumn colours, fall colors, leaves changing color (colour), leaves turning red, red leaves",鼻汁は黄緑色です。,,鼻汁 は 黄緑色 です,田 ハ,"異,寅,八"
鼻,"nose, snout",ビ; はな,"耳鼻科 (じびか·0) = otolaryngology, concerning the ear, nose, and throat; 鼻 (はな·0) = nose",鼻声だね。,,鼻声 だ ね(#2029080),自 田 廾 目,"臭,息,算"
