kanji,meaning,readings,compounds,sentence,kana,translation,radicals,confusables
丁,"4th calendar sign, counter for guns, tools, leaves or cakes of something, even number, street, town, ward","チ, チョウ, チン, テイ, トウ; ひのと","隠し包丁 (かくしぼうちょう·4) = (light) scoring (in cooking); 亜爾然丁 (アルゼンチン) = Argentina; 丁抹 (デンマーク) = Denmark; 丁亥 (ていがい) = Fire Boar (24th term of the sexagenary cycle, e.g. 1947, 2007, 2067)",彼はばか丁寧だ。,,彼(かれ) は 馬鹿 丁寧 だ,一 亅,"了,訂,灯"
丑,"1-3AM, second sign of Chinese zodiac, sign of the ox or cow",チュウ; うし,"己丑 (きちゅう·0) = Earth Ox (26th term of the sexagenary cycle, e.g. 1949, 2009, 2069); 丁丑 (ていちゅう) = Fire Ox (14th term of the sexagenary cycle, e.g. 1937, 1997, 2057); 辛丑 (かのとうし) = Metal Ox (38th term of the sexagenary cycle, e.g. 1961, 2021, 2081); 癸丑 (きちゅう·0) = Water Ox (50th term of the sexagenary cycle, e.g. 1913, 1973, 2033); 乙丑 (いっちゅう·0) = Wood Ox (2nd term of the sexagenary cycle, e.g. 1925, 1985, 2045)",,,,｜ ノ 一,"垂,乃,万"
且,"also, furthermore, moreover","ショ, ショウ, ソ; か.つ",暫且 (ざんしょ·1) = short while; 且つ又 (かつまた·1) = besides; 苟且 (こうしょ·1) = stopgap; 且 (かつ) = and; なお且つ (なおかつ) = and yet,,,,一 目,"阻,粗,租"
丘,"hill, knoll",キュウ; おか,多丘歯目 (たきゅうしもく) = Multituberculata (extinct order of rodent-like mammals); 嵐が丘 (あらしがおか) = Wuthering Heights (novel by Emily Bronte); 軸索小丘 (じくさくしょうきゅう) = axon hillock; 比丘 (びく·1) = bhikkhu (fully ordained Buddhist monk),丘はいつも緑だ。,,丘(おか) は 何時も 緑 だ,一 斤,"岳,兵,浜"
丙,"3rd, 3rd calendar sign, third class",ヘイ; ひのえ,"丙戌 (ひのえいぬ·0) = Fire Dog (23rd term of the sexagenary cycle, e.g. 1946, 2006, 2066); 丙辰 (ひのえたつ) = Fire Dragon (53rd term of the sexagenary cycle, e.g. 1916, 1976, 2036); 丙午 (ひのえうま·0) = Fire Horse (43rd term of the sexagenary cycle, e.g. 1906, 1966, 2026); 丙申 (ひのえさる) = Fire Monkey (33rd term of the sexagenary cycle, e.g. 1956, 2016, 2076); 丙子 (ひのえね) = Fire Rat (13th term of the sexagenary cycle, e.g. 1936, 1996, 2056)",,,,一 人 冂,"柄,内,爽"
丞,help,"ショウ, ジョウ; すく.う, たす.ける",丞相 (じょうしょう·0) = prime minister (in ancient China),,,,ノ 一 亅,"才,閉,材"
丹,"pills, red, red lead, rust-colored, sincerity",タン; に,不丹 (ブータン) = Bhutan; 丹波海苔 (たんばのり) = Grateloupia elliptica (species of red alga); 伊勢丹 (いせたん) = Isetan (department store); 黒契丹 (カラキタイ) = Kara Khitai (Central Asian Khitan empire;  1132-1211),牡丹餅で腰打つ。,,牡丹餅 で(#2028980) 腰(#1288340) 打つ(うつ),ノ 一 丶 亅,"才,丞,了"
乃,"accordingly, from, possessive particle, whereupon","アイ, ダイ, ナイ, ノ; すなわ.ち, なんじ, の",千乃正法 (ちのしょうほう) = Chino Shōhō (Japanese religious group founded by Chino Yūko); 乃父 (だいふ·1) = father; 木乃伊 (ミイラ) = mummy; 乃公 (おれ·2) = I,花乃、嘘泣きはたまーにやるから効果あるんだぞ。,,嘘泣き は 偶に 遣る から 効果 有る ん だ ぞ,｜ ノ 一,"垂,丑,万"
之,"of, this","シ; この, これ, の, ゆく",美之主貝 (びのすがい) = Mercenaria stimpsoni (species of Venus clam); 隠熊之実 (かくれくまのみ) = Ocellaris clownfish (Amphiprion ocellaris),彼の名前は小倉知之です。,,彼(かれ) 名前 は です,乙 丶 亠 廴,"乏,衣,礼"
乏,"destitution, limited, scarce","ボウ; とぼ.しい, とも.しい","欠乏症 (けつぼうしょう) = deficiency disease (e.g. protein, vitamin, etc.); 空乏層 (くうぼうそう) = depletion layer (of transistor)",私は貧乏です。,,私(わたし) は 貧乏 です,ノ 乙 丶 亠 廴,"之,亥,衣"
乙,"duplicate, fishhook radical (no. 5), strange, the latter, witty","イツ, オツ; おと-, きのと","乙女孔雀 (おとめくじゃく) = Adiantum edgeworthii (species of maidenhair fern); 独乙 (ドイツ) = Germany; 乙亥 (いつがい·0) = Wood Boar (12th term of the sexagenary cycle, e.g. 1935, 1995, 2055); 乙丑 (いっちゅう·0) = Wood Ox (2nd term of the sexagenary cycle, e.g. 1925, 1985, 2045); 乙卯 (いつぼう·0) = Wood Rabbit (52nd term of the sexagenary cycle, e.g. 1915, 1975, 2035)",甲の損は乙の得。,,甲(こう) の 損 は 乙(おつ) の 得(とく),,
也,to be (classical),"エ, ヤ; か, なり, また","空也餅 (くうやもち·3) = chunky mochi made with half-polished rice, stuffed with red bean paste; 也 (なり·1) = sum of money",竜也氏は穀類を商っている。,,氏(し) は 穀類 を 商う,｜ 乙 匕,"老,礼,化"
亀,"tortoise, turtle","キ, キュウ, キン; かめ","文亀 (ぶんき·1,0) = Bunki era (1501.2.29-1504.2.30); 背丸箱亀 (せまるはこがめ) = Chinese box turtle (Cuora flavomarginata); 海亀派 (かいきは) = Chinese national who returned after study or work abroad; 元亀 (げんき·1) = Genki era (1570.4.23-1573.7.28); 宝亀 (ほうき) = Hōki era (770.10.1-781.1.1)",亀の甲より年の功。,,亀の甲 より 年の功,田 勹 乙,"縄,礼,電"
井,"community, town, well, well crib","ショウ, セイ; い","ガス井 (ガスせい) = (natural) gas well; 井泉 (せいせん·0) = (water) well; 福井 (ふくい) = Fukui (city, prefecture)",井戸が干上がった。,,井戸 が 干上がる,｜ ノ 一 二,"垂,乃,丑"
亘,"extend over, range, span","カン, コウ, セン; もと.める, わた.る","亘古 (こうこ) = for ever; に亘り (にわたり) = throughout; に亘って (にわたって) = throughout; 亘る (わたる·3,0) = to cross over",,,,一 二 日,"昔,晋,旦"
亜,"-ous, Asia, come after, rank next",ア; つ.ぐ,亜連 (あれん) = (taxonomical) subtribe; 亜弗利加 (アフリカ) = Africa; 異獣亜綱 (いじゅうあこう) = Allotheria (subclass of Mesozoic mammals),この金属は亜鉛と呼ばれる。,,此の 金属 は 亜鉛 と 呼ばれる,｜ 一 口,"遣,師,中"
亥,"9-11PM, sign of the hog, twelfth sign of the Chinese zodiac","カイ, ガイ; い","己亥 (きがい) = Earth Boar (36th term of the sexagenary cycle, e.g. 1959, 2019, 2079); 丁亥 (ていがい) = Fire Boar (24th term of the sexagenary cycle, e.g. 1947, 2007, 2067); 辛亥 (しんがい·0) = Metal Boar (48th term of the sexagenary cycle, e.g. 1911, 1971, 2031); 癸亥 (きがい) = Water Boar (60th term of the sexagenary cycle, e.g. 1923, 1983, 2043)",,,,人 亠 ノ 丶,"該,核,劾"
亦,"again, also","エキ, ヤク; また",吾亦紅 (われもこう·3) = great burnet (Sanguisorba officinalis); 亦々 (またまた) = once again; 亦 (また·0) = indirect,,,,ノ ハ 亅 亠,"六,衣,八"
亨,"go smoothly, pass through","キョウ, コウ, ホウ; とお.る",元亨 (げんこう) = Genkō era (1321.2.23-1324.12.9); 亨運 (こううん·0) = good fortune; 亨通 (こうつう·0) = doing well,,,,口 亠 一 亅,"司,可,停"
享,"answer (phone), catch, enjoy, get, receive, take, undergo","キョウ, コウ; う.ける",長享 (ちょうきょう·0) = Chōkyō era (1487.7.20-1489.8.21); 永享 (えいきょう·0) = Eikyō era (1429.9.5-1441.2.17); 延享 (えんきょう) = Enkyō era (1744.2.21-1748.7.12); 貞享 (じょうきょう) = Jōkyō era (1684.2.21-1688.9.30),日本は戦後繁栄を享受している。,,日本 は 戦後 繁栄 を 享受 為る(する),口 子 亠,"諄,淳,惇"
亭,"arbor, cottage, mansion, music hall, pavilion, restaurant, stage name, vaudeville","チン, テイ","勘亭流 (かんていりゅう·0) = Kantei style of calligraphy; 石亭 (せきてい) = Sekitei (ryokan); 池亭 (ちてい·0) = arbor (arbour, bower) by a lake; 泉亭 (せんてい) = arbor facing a spring (arbour)",うちの亭主は甲斐性がない。,,家(うち) 亭主 は 甲斐性 が 無い,口 亅 亠 冖,"停,豪,亮"
亮,"clear, help",リョウ; あきらか,亮月 (りょうげつ·1) = bright moonlight; 亮直 (りょうちょく) = rightfulness; 亮然 (りょうぜん·0) = clear; 亮闇 (りょうあん) = court mourning (for the late emperor or empress),,,,口 亠 儿 冖,"豪,党,亭"
仁,"benevolence, charity, humanity, kernel, man, virtue","ジン, ニ, ニン","永仁 (えいにん) = Einin era (1293.8.5-1299.4.25); 元仁 (げんにん·0) = Gennin era (1224.11.20-1225.4.20); 仁王力 (におうりき·2,0) = Herculean strength; 仁王経 (にんのうぎょう) = Humane King Sutra",盗人にも仁義。,,盗人 にも 仁義,化 二,"伝,供,伴"
仙,"cent, hermit, wizard","セン, セント","仙草 (せんそう) = Chinese mesona (Platostoma palustre); 天仙果 (いぬびわ·2,3) = Ficus erecta (species of ficus); 仙台侯 (せんだいこう) = Lord of Sendai; 鍾馗水仙 (しょうきずいせん·4) = Lycoris traubii (species of spider lily)",これは仙台市の地図です。,,此れ は 市(し) の 地図 です,化 山,"催,嵐,崩"
仮,"assumed (name), informal, interim, sham, temporary","カ, ケ; かり, かり-",仮名手本 (かなでほん·3) = Japanese kana copybook; 月光仮面 (げっこうかめん) = Moonlight Mask (fictional superhero),仮性近視です。,,仮性近視 です,化 又 厂,"反,皮,返"
仰,"depend, drink, face-up, look up, respect, revere, seek, take","ギョウ, コウ; あお.ぐ, お.っしゃる, おお.せ, おっしゃ.る","仰角 (ぎょうかく·0,1) = angle of elevation; 俯仰角 (ふぎょうかく) = angle of elevation; 精霊信仰 (せいれいしんこう·5) = animism; 信仰箇条 (しんこうかじょう) = articles of faith",空を仰ぎ見る。,,空(そら) を 仰ぎ見る,化 卩,"卯,伶,迎"
企,"attempt, design, plan, scheme, undertake","キ; くわだ.てる, たくら.む",企業合同 (きぎょうごうどう·4) = (a) trust; 企画書 (きかくしょ) = (written) proposal,彼らは逃亡を企てた。,,彼ら(かれら) は 逃亡 を 企てる,止 个,"齢,足,肯"
伊,"Italy, that one",イ; かれ,伊集 (いじゅ·1) = Chinese guger tree (Schima wallichii); 伊吹 (いぶき·1) = Chinese juniper (Juniperus chinensis); 伊吹柏槙 (いぶきびゃくしん·4) = Chinese juniper (Juniperus chinensis); 伊勢防風 (いせぼうふう·3) = Glehnia littoralis (species of umbellifer used in Chinese medicine),伊藤先生が出席をとるよ。,,先生(せんせい) が 出席 を 取る よ,｜ ヨ 化,"仲,慧,妻"
伍,"file, five, five-man squad, line",ゴ; いつつ,伍長 (ごちょう·1) = corporal; 卒伍 (そつご·1) = rank and file; 伍す (ごす·1) = to rank with; 伍する (ごする·2) = to rank with,彼女は男たちに伍して働いた。,,彼女 は 男 達 に 伍する 働く,化 五,"俳,信,価"
伎,"deed, skill","キ, ギ; わざ, わざおぎ",地歌舞伎 (じかぶき) = amateur kabuki performed at local festivals; 歌舞伎踊 (かぶきおどり·4) = early kabuki dance; 伎楽 (ぎがく·1) = gigaku (genre of masked drama-dance performance); 女歌舞伎 (おんなかぶき·4) = girls' kabuki,東京で歌舞伎を見た。,,東京 で(#2028980) 歌舞伎 を 見る,化 支 又 十,"支,肢,枝"
伏,"bend down, bow, cover, lay (pipes), prostrated","フク; ふ.す, ふ.せる",伏勢 (ふくぜい·0) = ambush; 威伏 (いふく) = awing into submission; 信伏 (しんぷく) = being convinced; 面伏せ (おもてぶせ) = being so embarrassed as to keep one's face down,床に伏せろ！,,床(ゆか) に 伏せる(#1500220),化 犬,"状,俳,信"
伐,"attack, fell, punish, strike","カ, ハツ, バツ, ボチ; う.つ, き.る, そむ.く",朝鮮征伐 (ちょうせんせいばつ) = Imjin War (1592-1597); 誅伐 (ちゅうばつ·0) = assailing criminals; 南征北伐 (なんせいほくばつ) = attacking in all directions; 三韓征伐 (さんかんせいばつ) = conquest of the three Koreas (legendary military invasion of the Korean kingdoms;  3rd century CE); 森林伐採 (しんりんばっさい) = deforestation,,,,化 戈,"閥,儀,戒"
伯,"Brazil, chief, count, earl, uncle",ハク,実力伯仲 (じつりょくはくちゅう) = (the two persons' sides) being evenly matched in ability; 勢力伯仲 (せいりょくはくちゅう·1) = (the two sides) being evenly-matched in influence or power; 伯林 (ベルリン) = Berlin (Germany); 伯剌西爾 (ブラジル) = Brazil,私が今日あるのは伯父のおかげです。,,私(わたし) が 今日 有る の は 伯父(おじ) の お陰 です,化 白,"宿,縮,優"
伴,"accompany, bring with, companion, consort","ハン, バン; ともな.う",同伴出勤 (どうはんしゅっきん) = (a bar hostess) coming to work accompanied by a customer; 伴奏 (ばんそう·0) = (musical) accompaniment; 朴伴 (ぼくはん) = Camellia japonica 'Bokuhan' (cultivar of common camellia); 伴奏部 (ばんそうぶ) = accompaniment; 伴奏者 (ばんそうしゃ) = accompanist,豪雨は雷を伴った。,,豪雨 は 雷(かみなり) を 伴う,｜ 化 二 并 十,"半,畔,判"
伶,actor,"リョウ, レイ; わざおぎ",伶優 (れいゆう) = actor; 伶官 (れいかん·0) = court musician; 伶人 (れいじん·0) = court musician; 伶俐 (れいり·1) = clever,,,,个 卩 一 化,"令,仰,今"
伽,"attending, entertainer, nursing","カ, ガ, キャ, ギャ; とぎ",僧伽藍摩 (そうがらんま·4) = Buddhist convent or monastery; 楞伽経 (りょうがきょう) = Lankavatara Sutra; 七堂伽藍 (しちどうがらん·5) = complete seven-structured temple compound; 伽草子 (とぎぞうし) = fairy-tale book; お伽草子 (おとぎぞうし·4) = fairy-tale book,,,,化 口 力,"加,舌,石"
但,"but, however",タン; ただ.し,但馬 (たじま) = Tajima (former province located in the north of present-day Hyōgo Prefecture); 但し付き (ただしつき) = conditional; 但馬牛 (たじまうし·3) = Tajima cow (breed of black Wagyu cattle); 但し (ただし·1) = but; 但 (タダ·1) = free of charge,,,,一 化 日,"晋,旦,傷"
佐,"assistant, help",サ,"佐賀 (さが) = Saga (city, prefecture); 佐賀県警 (さがけんけい) = Saga Prefectural Police (abbr); 佐賀県 (さがけん) = Saga Prefecture",彼は大佐に昇進した。,,彼(かれ) は 大佐 に 昇進 為る(する),ノ 一 化 工,"左,侑,佑"
佑,"assist, help","ウ, ユウ; たす.ける",佑助 (ゆうじょ·1) = assistance; 采女佑 (うねめのしょう) = high-ranking staff member in the Office of Court Ladies (ritsuryō system); 天佑神助 (てんゆうしんじょ·5) = divine grace; 神佑 (しんゆう·0) = heavenly protection; 天佑 (てんゆう·0) = divine aid,,,,ノ 一 化 口,"右,呂,史"
佳,"beautiful, excellent, good, pleasing, skilled",カ,佳節 (かせつ·0) = auspicious occasion; 佳句 (かく·1) = beautiful passage of literature; 佳木 (かぼく) = beautiful trees; 佳景 (かけい·0) = beautiful view; 佳麗 (かれい·0) = beauty,才子多病、佳人薄命。,,才子 多病 佳人薄命,化 土,"侍,圭,倒"
併,"collective, get together, join, unite",ヘイ; あわ.せる,愛憎併存 (あいぞうへいそん) = ambivalence,２社は合併を計画している。,,社(しゃ) は 合併 を 計画 為る(する),｜ ノ 一 化 二 并 廾,"井,並,垂"
侃,"just, peace-loving, righteous, strong",カン; つよ.い,侃直 (かんちょく) = firm and upright (character); 侃々諤々 (かんかんがくがく·0) = outspoken,国会は、盗聴法案を巡ってまさに侃々諤々の体であった。,,国会 は 盗聴 法案 を巡って 正に 侃々諤々 体(てい) である,化 口 川,"舌,石,偉"
侍,"samurai, serve, wait upon, waiter","シ, ジ; さむらい, はべ.る","侍蟻 (さむらいあり·3) = Polyergus samurai (species of amazon ant); 七人の侍 (しちにんのさむらい) = Seven Samurai (film by Akira Kurosawa); 侍祭 (じさい·0) = acolyte; 侍僧 (じそう·0,1) = acolyte",太郎には侍の血が流れている。,,に は 侍(さむらい) の 血(ち) が 流れる,化 寸 土,"封,寺,佳"
侑,urge to eat,"ウ, ユウ; すす.める, たす.ける",侑觴 (ゆうしょう) = urging one to drink more good wine during a banquet; 侑食 (ゆうしょく) = assisting at dinner,,,,ノ 一 化 月,"郁,宥,佑"
価,"price, value","カ, ケ; あたい",史料価値 (しりょうかち) = (historical) value of a document (or other material),株価が下がった。,,株価 が 下がる,化 西,"要,茜,栗"
侮,"contempt, despise, make light of, scorn","ブ; あなず.る, あなど.る","侮辱罪 (ぶじょくざい·3) = (crime of) defamation (i.e. slander, libel); 法廷侮辱 (ほうていぶじょく·0) = contempt of court; 侮蔑語 (ぶべつご) = degrading language (language used to lower the position of the listener); 侮言 (ぶげん·0) = insult",彼の忠告を侮るな。,,彼(かれ) 忠告 を 侮る な,化 母 毋 乞,"毎,梅,敏"
侯,"daimyo, lord, marquis",コウ,"仙台侯 (せんだいこう) = Lord of Sendai; 三百諸侯 (さんびゃくしょこう·5) = all daimyo;  1869-1947); 土侯 (どこう·0,1) = local ruler; 列侯 (れっこう·0) = many daimyo",,,,化 矢 ユ 乞,"候,竹,疾"
侵,"encroach, invade, raid, trespass, violate",シン; おか.す,1609); 侵略行為 (しんりゃくこうい) = act of aggression; 侵略的 (しんりゃくてき) = aggressive; 侵略国 (しんりゃくこく) = aggressor nation,酸は金属を侵す。,,酸(さん) は 金属 を 侵す,ヨ 化 又 冖,"浸,皮,寝"
促,"demand, incite, press, stimulate, urge",ソク; うなが.す,"促進 (そくしん·0) = promotion, stimulation; 催促 (さいそく·1) = urging, reminder; 促す (うながす·0,3) = to urge, to prompt",彼の仕事は販売の促進です。,,彼(かれ) 仕事 は 販売 の 促進 です,化 口 足 止,"足,路,露"
俊,"excellence, genius, sagacious",シュン,俊賢 (しゅんけん·0) = excellent wisdom; 俊士 (しゅんし·1) = genius; 俊徳 (しゅんとく) = great virtue; 俊偉 (しゅんい) = large and excellent; 俊童 (しゅんどう·0) = precocious child,私が不在の間は俊が私の仕事を引き継ぎます。,,私(わたし) が 不在 の 間(あいだ) は が 私(わたし) 仕事 を 引き継ぐ,化 儿 厶 夂,"允,仏,酸"
俗,"customs, manners, mundane things, vulgar, worldliness",ゾク,有髪俗体 (うはつぞくたい) = (a Buddhist monk or priest or nun) without head shaven and not wearing religious garb; 巫俗 (ふぞく) = Korean shamanism; 美俗 (びぞく·1) = a fine custom,彼は凡俗にかかわらない。,,彼(かれ) は 凡俗 に 関わる,化 口 谷 ハ 个,"谷,裕,浴"
保,"guarantee, keep, preserve, protect, support, sustain","ホ, ホウ; たも.つ",保環研 (ほかんけん) = (abbr) Institute of Public Health and Environmental Science (usu. at prefectural or city level); 健保連 (けんぽれん) = (abbr) National Federation of Health Insurance Societies; 保全会 (ほぜんかい) = (family) corporation,俺が保証するよ。,,俺(おれ) が 保証(ほしょう) 為る(する) よ,化 口 木,"杏,休,舌"
修,"conduct oneself well, discipline, master, study","シュ, シュウ; おさ.まる, おさ.める",修練者 (しゅうれんしゃ) = (Catholic) neophyte; 修道会 (しゅうどうかい·3) = (Catholic) order; 分解修理 (ぶんかいしゅうり) = (complete) overhaul; 修正申告 (しゅうせいしんこく) = (filing) revised (income tax) return; 阿修羅道 (あしゅらどう·3) = Asura realm,修理が必要だ。,,修理 が 必要 だ,｜ 化 彡 攵 乞,"脩,悠,倣"
俳,"actor, haiku",ハイ,俳友 (はいゆう·0) = (haiku) poetry pals; 俳優組合 (はいゆうくみあい) = British Actors' Equity Association,彼は俳優です。,,彼(かれ) は 俳優 です,化 非,"輩,罪,斐"
俵,"bag, bale, counter for bags, sack",ヒョウ; たわら,"徳俵 (とくだわら·3) = 4 bales on the edge of the ring set slightly back; 上げ俵 (あげだわら) = 4 corner bales on the outer rim of the sumo ring; 俵責め (たわらぜめ·0) = Edo-period form of torture in which criminals were stuffed into straw bags with their heads exposed, piled together, and whipped (commonly used on Christians); 俵茱萸 (たわらぐみ·4) = Elaeagnus multiflora var. hortensis (variety of goumi); 米俵 (こめだわら·3) = bag of rice",,,,衣 化 士 土 二 亠,"表,依,佳"
俸,"salary, stipend",ホウ,年俸 (ねんぽう·0) = annual salary; 年俸制 (ねんぽうせい) = annual salary scheme; 加俸 (かほう·0) = extra allowance; 号俸 (ごうほう·0) = gradational salary; 月俸 (げっぽう·0) = monthly salary,,,,｜ 一 化 人 大 二,"奉,泰,棒"
倉,"cellar, godown, storehouse, treasury, warehouse",ソウ; くら,鎌倉 (かまくら) = Kamakura (city); 鎌倉時代 (かまくらじだい·5) = Kamakura period (1185-1333); 鎌倉幕府 (かまくらばくふ·5) = Kamakura shogunate (1185-1333),彼の名前は小倉知之です。,,彼(かれ) 名前 は です,ノ 口 个 尸 一,"含,吟,右"
倖,"happiness, luck","コウ; さいわ.い, しあわ.せ",射倖契約 (しゃこうけいやく) = aleatory contract; 射倖 (しゃこう·0) = speculation; 恩倖 (おんこう·0) = the emperor's personal favour; 倖臣 (こうしん) = favorite courtier; 射倖心 (しゃこうしん·2) = passion for gambling,,,,化 十 辛 立 亠,"幸,辛,位"
倣,"emulate, imitate",ホウ; なら.う,模倣者 (もほうしゃ) = imitator; 顰に倣う (ひそみにならう) = to imitate ridiculously; 模倣犯 (もほうはん) = copycat criminal; 摸倣 (もほう·0) = imitation,全ての子供には、尊敬し模倣する人が必要だ。,,全て 子供 には 尊敬 為る(する) 模倣 為る(する) 人(ひと) が 必要 だ,化 方 攵 乞,"放,脩,竹"
倫,"companion, ethics",リン,不倫罪 (ふりんざい) = (crime of) adultery; 哥倫比亜 (コロンビア) = Colombia; ソフ倫 (ソフりん) = Ethics Organization of Computer Software (abbr),美の認識は倫理の検査となり得る。,,美(び) の 認識 は 倫理 の 検査 と 成る 得る(える),｜ 一 化 个 亅 冊 廾,"輪,論,冊"
倭,"Yamato, ancient Japan","イ, ワ; したが.う, やまと",倭国 (わこく·1) = Japan; 倭人 (わじん·0) = Japanese person; 倭訓 (わくん·0) = Japanese reading of a Chinese character; 倭色 (ウェセク) = Japanese style; 倭鏡 (わきょう·0) = Japanese-style mirror,,,,化 禾 女,"委,香,要"
倹,"economy, frugal, thrifty","ケン; つづまやか, つま.しい",勤倹の風 (きんけんのふう) = custom (habit) of diligence and thrift; 倹素 (けんそ·1) = economical and simple; 倹吝 (けんりん·0) = greedy and stingy; 勤倹貯蓄 (きんけんちょちく) = thrift and saving,彼は倹約家だ。,,彼(かれ) は 倹約家 だ,化 口 人 个 一,"含,吟,今"
偏,"biased, inclining, left-side radical, partial, side",ヘン; かたよ.る,偏り誤差 (かたよりごさ) = bias error; 偏向関係 (へんこうかんけい) = bias relation; 偏針 (へんしん) = deflection,偏頭痛がします。,,偏頭痛 が 為る(する),｜ 一 化 戸 冂 冊 尸 廾,"遍,編,戸"
健,"health, healthy, persistence, strength",ケン; すこ.やか,健保連 (けんぽれん) = (abbr) National Federation of Health Insurance Societies; 健康状態 (けんこうじょうたい) = (the condition of) one's health,彼は健康だ。,,彼(かれ) は 健康 だ,化 廴 聿,"津,書,律"
偲,"recollect, remember","サイ, シ; しの.ぶ","偲ぶ会 (しのぶかい) = gathering to remember a dead person; 偲ばれる (しのばれる) = to be brought to mind; 偲ふ (しのふ) = to imagine; 偲ぶ (しのぶ·2,0) = to imagine",ミサは、食べたり飲んだりしてイエスキリストを偲ぶカトリックの儀式だ。,,弥撒 は 食べる 飲む 為る(する) イエスキリスト を 偲ぶ 加特力(カトリック) 儀式 だ,化 心 田,"恵,穂,僧"
偵,spy,テイ,探偵社 (たんていしゃ) = detective agency; 探偵小説 (たんていしょうせつ·5) = detective story; 名探偵 (めいたんてい) = great detective,探偵小説はおもしろい。,,探偵小説 は 面白い,化 貝 目 ハ 卜,"貞,買,賃"
偽,"counterfeit, deceive, falsehood, forgery, lie, pretend","カ, ギ; いつわ.り, いつわ.る, にせ",偽面梟 (にせめんふくろう) = Oriental bay owl (Phodilus badius); 偽松茸 (にせまつたけ) = Tricholoma fulvocastaneum (species of gilled mushroom); 偽経 (ぎきょう·0) = apocryphal sutra (composed in China or Japan); 偽称 (ぎしょう·0) = assuming a false name; 偽金 (にせがね·0) = counterfeit money,偽善は嫌いだ。,,偽善 は 嫌い だ,化 丶 杰 ユ ノ 并 勹,"為,匁,勺"
傍,"besides, bystander, nearby, side, third person, while","ボウ; おか-, かたわ.ら, そば, はた, わき",傍白 (ぼうはく·0) = (theatrical) aside; 傍聴料 (ぼうちょうりょう) = admission fee; 傍聴無料 (ぼうちょうむりょう) = admission free; 傍聴券 (ぼうちょうけん·3) = admission ticket; 傍軒 (そばのき) = barge course,私は門の傍に駐車した。,,私(わたし) は 門(もん) の 側(そば) に 駐車 為る(する),化 并 方 立 亠 冖,"帝,位,衣"
傑,"excellence, greatness",ケツ; すぐ.れる,豪傑笑い (ごうけつわらい·5) = loud laugh; 傑人 (けつじん·0) = outstanding person; 十傑 (じっけつ) = ten best people (in a particular field); 三傑 (さんけつ) = three great people (e.g. of the Meiji Restoration); 俊傑 (しゅんけつ·0) = hero,この話は傑作だ。,,此の 話(はなし) は 傑作 だ,化 舛 木 夕,"休,多,保"
傘,umbrella,サン; かさ,"傘寿 (さんじゅ·1) = 80th birthday; 紅葉傘 (もみじがさ) = Asteraceae flowering plant (Parasenecio delphiniifolius); 和傘 (わがさ·0,2) = Japanese umbrella; 雨傘革命 (あまがさかくめい) = Umbrella Revolution (protests in Hong Kong in 2014)",傘が良く売れる。,,傘(かさ) が 良い 売れる,十 人 个,"汁,卒,険"
催,"give (a dinner), hold (a meeting), sponsor","サイ; もよう.す, もよお.す","催淫剤 (さいいんざい·3) = aphrodisiac; 催行 (さいこう·0) = carrying out a trip (according to plans); 開催日 (かいさいび) = date (of an event, meeting, etc.); 催吐薬 (さいとやく·3) = emetic",彼は舞踏会を催した。,,彼(かれ) は 舞踏会 を 催す,化 山 隹,"仙,鷹,雅"
債,"bond, debt, loan",サイ,債権勘定 (さいけんかんじょう) = accounts receivable,債権の利回りは６％。,,債権 の 利回り は,化 貝 目 ハ 土 亠 二,"責,積,漬"
傷,"cut, gash, hurt, impair, injure, injury, pain, scar, weak point, wound","ショウ; いた.む, いた.める, きず","傷害罪 (しょうがいざい·3,0) = (crime of) inflicting bodily injury; 傷口に塩 (きずぐちにしお) = (rubbing) salt in the wound",戦闘で負傷した。,,戦闘 で(#2028980) 負傷 為る(する),ノ 化 日 勿 一 人 勹 乞,"易,但,欠"
僕,"I (male), manservant, me, servant",ボク; しもべ,神の僕 (かみのしもべ) = Servant of God; 僕んとこ (ぼくんとこ) = at my place; 従僕 (じゅうぼく·0) = attendant male servant; 老僕 (ろうぼく·0) = elderly servant; 忠僕 (ちゅうぼく·0) = faithful servant,僕は若い。,,僕(ぼく) は 若い,王 化 并 羊 大 二,"美,撲,羊"
僚,"colleague, companion, official",リョウ,"同僚 (どうりょう·0) = colleague, coworker; 閣僚 (かくりょう·0,2) = cabinet minister; 幕僚 (ばくりょう·0) = staff officer",二人とも私の同僚です。,,二人とも 私(わたし) 同僚 です,化 小 日 大,"遼,瞭,療"
僧,"Buddhist priest, monk",ソウ,弁天小僧 (べんてんこぞう) = Benten Kozō (main character of the play Aoto Zōshi Hana no Nishiki-e); 僧伽藍摩 (そうがらんま·4) = Buddhist convent or monastery; 僧都 (そうず·1) = Buddhist priest; 仏僧 (ぶっそう·3) = Buddhist priest,門前の小僧習わぬ経を読む。,,門前 の 小僧 習う 経(きょう) を 読む,化 田 日 并,"憎,層,増"
儀,"a matter, affair, case, ceremony, rule",ギ,儀表 (ぎひょう·0) = (a) model,彼女は礼儀正しい。,,彼女 は 礼儀正しい,一 王 化 并 羊 亅 戈 手,"義,議,犠"
儒,Confucian,ジュ,碩儒 (せきじゅ·1) = (Confucian) scholar; 藩儒 (はんじゅ·1) = (Confucian) scholar retained by a feudal lord or daimyo; 儒教的 (じゅきょうてき) = Confucian; 儒家神道 (じゅかしんとう·3) = Confucian Shinto; 儒学界 (じゅがくかい) = Confucian circles,このグループに存在する儒教的価値観を強調したい。,,此の グループ に 存在 為る(する) 儒教的 価値観 を 強調 したい,雨 化 而,"需,霞,雷"
償,"make up for, recompense, redeem, reparation",ショウ; つぐな.う,"賠償 (ばいしょう·0) = compensation, reparation; 補償 (ほしょう·0) = indemnification; 弁償 (べんしょう·0) = compensation; 無償 (むしょう·0) = free of charge",弁償させてくれよ。,,弁償 為せる 呉れる よ,化 貝 目 ハ 口 尚 冖,"賞,唄,買"
允,"license, permit, sincerity","イン; じょう, まこと.に, ゆるす",允文允武 (いんぶんいんぶ·5) = being versed in the literary and military arts; 雅楽允 (うたのじょう) = second assistant court musician (ritsuryō system); 承允 (しょういん·0) = consent; 允可 (いんか·1) = permission; 允許 (いんきょ·1) = permission,,,,厶 儿,"充,鬼,銃"
充,"allot, fill","ジュウ; あ.てる, み.たす","汗牛充棟 (かんぎゅうじゅうとう·0) = (having, there being) a great number of books; 充当金 (じゅうとうきん) = appropriation; 脳充血 (のうじゅうけつ·3) = brain congestion; 補充書 (ほじゅうしょ) = brief (legal, patent, etc.); 事業拡充 (じぎょうかくじゅう) = business expansion",空所を補充せよ。,,空所(くうしょ) を 補充 為る(する),亠 儿 厶,"銃,允,統"
克,"kindly, overcome, skillfully",コク; か.つ,"新約克 (ニューヨーク) = New York; 宇克蘭 (ウクライナ) = Ukraine; 克己復礼 (こっきふくれい·1,0) = exercising self-restraint and conforming to the rules of etiquette and formality; 克鯨 (こくくじら·3) = gray whale (Eschrichtius robustus)",円高克服は大問題です。,,円高 克服 は 大問題 です,口 十 儿,"叶,古,舌"
免,"dismissal, excuse","メン; まぬか.れる, まぬが.れる",帯刀御免 (たいとうごめん·0) = a non-samurai being granted the privilege of wearing a sword (during the Edo period),ここは免税店ですか。,,此処 は 免税店 ですか,｜ 一 勹 口 儿,"号,亜,句"
典,"ceremony, code, law, rule","テン, デン; のり, ふみ",権利章典 (けんりしょうてん·4) = Bill of Rights; 中日辞典 (ちゅうにちじてん) = Chinese-Japanese dictionary; 民法典 (みんぽうてん) = Civil Code,その式典は簡素だった。,,其の 式典 は 簡素 だ,｜ 一 日 ハ,"曹,爆,暴"
兼,"and, beforehand, concurrently, in advance","ケン; -か.ねる, か.ねる",才色兼備 (さいしょくけんび·5) = (a woman) being gifted with both intelligence and beauty; 兼務寺 (けんむじ) = Buddhist temple without a dedicated head priest; 待兼鰐 (まちかねわに) = Toyotamaphimeia machikanensis (Japanese fossil species of crocodilian); 兼勤 (けんきん·0) = additional post,才色兼備だ。,,才色兼備 だ,｜ ヨ 一 ハ 并,"謙,廉,嫌"
冒,"assume (a name), damage, dare, defy, face, risk",ボウ; おか.す,"冒険 (ぼうけん·0) = adventure, risk; 冒頭 (ぼうとう·0) = beginning, opening; 感冒 (かんぼう·0) = cold, influenza",彼は冒険好きだ。,,彼(かれ) は 冒険 好き(すき) だ,日 目,"帽,晶,昌"
冗,"superfluous, uselessness",ジョウ,"半分冗談 (はんぶんじょうだん) = (talking in a) half-joking manner; 完全冗長 (かんぜんじょうちょう) = fully redundant; フル冗長 (フルじょうちょう) = fully redundant; 冗談口 (じょうだんぐち·3,0) = joke",冗談でしょう。,,冗談 でしょう,冖 几,"殻,穀,飢"
冠,"best, crown, peerless",カン; かんむり,"ウ冠 (ウかんむり·2) = ""roof"" kanji radical at top (radical 40); 三重冠 (さんじゅうかん) = (papal) triple tiara; 三重宝冠 (さんじゅうほうかん) = (papal) triple tiara; 冠省 (かんしょう·0) = Forgive me for dispensing with the preliminaries, but I hasten to inform you that...; 月桂冠 (げっけいかん·3) = Gekkeikan (sake manufacturer)",困難なくして栄冠なし。,,困難 無くして 栄冠 無し,寸 儿 冖 元,"読,深,探"
冴,"be clear, cold, serene, skilful","コ, ゴ; こお.る, さ.える, ひ.える",頭の冴え (あたまのさえ) = bright intelligence; 冴寒 (ごかん) = extreme cold; 冴え輝く (さえかがやく) = to shine clearly; 腕の冴え (うでのさえ) = dexterity; 冴え行く (さえゆく) = to clear gradually,コーヒーを一杯飲むと頭が冴える。,,珈琲 を 一杯 飲む と 頭が冴える,牙 冫,"羽,雅,邪"
冶,"melting, smelting",ヤ; い.る,冶具 (ジグ) = jig (tool); 冶 (や) = melting; 冶工 (やこう·0) = metallurgical worker; 冶金学者 (やきんがくしゃ) = metallurgist; 冶金 (やきん·0) = metallurgy,彼女は大量の本を読んで精神を陶冶した。,,彼女 は 大量 の 本(ほん) を 読む 精神 を 陶冶 為る(する),口 冫 厶,"舌,羽,石"
准,"associate, quasi-, semi-",ジュン,准提観音 (じゅんでいかんのん) = Cundi (manifestation of Avalokitesvara); 准教授 (じゅんきょうじゅ) = associate professor; 准男爵 (じゅんだんしゃく) = baronet,ヘレブラント博士はそのすぐれた大学の准教授である。,,博士 は 其の 優れる 大学 の 准教授 である,冫 隹,"羽,雅,隼"
凌,"defy, endure, keep (rain)out, slight, stave off, surpass, tide over",リョウ; しの.ぐ,"凌霄 (りょうしょう·0) = Chinese trumpet creeper (Campsis grandiflora); 凌霄花 (のうぜんかずら·5) = Chinese trumpet creeper (Campsis grandiflora); 口凌ぎ (くちしのぎ·3,0) = living from hand to mouth; 凌霄葉蓮 (のうぜんはれん·5) = nasturtium (Tropaeolum majus); 暑さ凌ぎ (あつさしのぎ·4) = relief from the heat",,,,土 儿 冫 夂,"兆,陵,稜"
凜,"cold, severe, strict",リン; きびし.い,"凜々しい (りりしい·3) = gallant, brave, dignified; 凜然 (りんぜん) = commanding, awe-inspiring; 凜冽 (りんれつ) = biting cold, piercing cold; 勇気凜凜 (ゆうきりんりん) = full of spirit, brimming with courage",,,,冫 亠 禾 口,"和,衣,舌"
凝,"be absorbed in, congeal, freeze, stiff","ギョウ; こ.らす, こ.る, こご.らす, こご.らせる, こご.る",凝着 (ぎょうちゃく·0) = adhesion; 凝着力 (ぎょうちゃくりょく) = adhesion; 凝集反応 (ぎょうしゅうはんのう) = agglutination reaction; 凝集素 (ぎょうしゅうそ·3) = agglutinin,肩が凝った。,,肩が凝る,矢 冫 匕 マ 疋 乞,"疑,擬,老"
凡,"commonplace, mediocre, ordinary","ハン, ボン; おうよ.そ, およ.そ, すべ.て",凡眼 (ぼんがん·0) = (through) a layman's eyes; 平凡社 (へいぼんしゃ) = Heibonsha Ltd (publishers); 凡失 (ぼんしつ·0) = common mistake; 凡庶 (ぼんしょ·1) = common people; 凡戦 (ぼんせん·0) = dull game,三者凡退となった。,,三者凡退 となる,丶 几,"帆,恐,築"
凪,"(kokuji), calm, lull","な.ぐ, なぎ","逆凪 (さかなぎ) = backfire (of a spell, curse, etc.); 夕凪 (ゆうなぎ·0) = evening calm; 夜凪 (よなぎ·0) = evening calm; 朝凪 (あさなぎ·0) = morning calm (over the ocean); 水凪鳥 (みずなぎどり·4) = petrel (esp. petrels of family Procellariidae)",風が凪いだ。,,風(かぜ) が 凪ぐ,止 几,"飢,足,肯"
凱,victory song,"カイ, ガイ; かちどき, やわらぐ",凱旋公演 (がいせんこうえん) = performance given after a successful tour abroad; 凱旋軍 (がいせんぐん) = returning victorious army; 凱風 (がいふう·0) = southerly wind; 凱旋将軍 (がいせんしょうぐん·5) = triumphant general; 凱旋門 (がいせんもん·3) = arch of triumph,敵を蹴散らし、凱旋した俺はみなにこう呼ばれるんだ！,,敵(てき) を 蹴散らす 凱旋 為る(する) 俺(おれ) は 皆 に 斯う 呼ばれる のだ,口 山 豆 并 几,"豆,登,痘"
凶,"bad luck, disaster, evil, villain",キョウ,凶聞 (きょうぶん·0) = bad news; 凶音 (きょういん·0) = bad news (esp. of a death); 凶兆 (きょうちょう·0) = evil omen,米作は今年は凶作だ。,,米作 は 今年 は 凶作 だ,凵 丶 ノ,"胸,凹,屯"
凸,"beetle brow, convex, uneven",トツ; でこ,両凸 (りょうとつ) = biconvex; 凸 (とつ·1) = convex; 凸角 (とっかく·0) = convex angle; 凸包 (とつほう) = convex hull,,,,｜ 一 冂 凵,"再,円,両"
凹,"concave, hollow, sunken","オウ; くぼ.む, へこ.む, ぼこ",凹眼 (おうがん) = cavernous eyes; 凹眼鏡 (おうがんきょう) = concave glasses; 凹レンズ (おうレンズ·3) = concave lens; 凹面鏡 (おうめんきょう·0) = concave mirror,お友達ブロガーさんがブログ閉鎖を決心されて凹み気味です。,,御(お) 友達 ブロガー さん が ブログ 閉鎖 を 決心 為れる 凹み 気味(ぎみ) です,凵,"脳,歯,悩"
刀,"knife, saber, sword","トウ; かたな, そり",銃刀法 (じゅうとうほう·3) = Act for Controlling the Possession of Firearms or Swords and Other Such Weapons; 作刀 (さくとう) = Japanese sword making; 刀伊 (とい) = Jurchen pirate tribe who invaded Tsushima in 1019,伝家の宝刀をぬく。,,伝家 の 宝刀 を 抜く,,
刃,"blade, edge, sword","ジン, ニン; き.る, は, やいば","鬼滅の刃 (きめつのやいば) = Demon Slayer: Kimetsu no Yaiba (manga, anime); 毒刃 (どくじん·0) = assassin's dagger; 兇刃 (きょうじん·0) = assassin's dagger; 刃傷沙汰 (にんじょうざた·0) = bloodshed",そのナイフは刃が鋭い。,,其の ナイフ は 刃(は) が 鋭い,刀 丶,"忍,認,初"
刈,"clip, cut, prune, reap, trim","カイ, ガイ; か.る",雄刈萱 (おがるかや) = Cymbopogon tortilis var. goeringii (variety of grass closely related to lemongrass); 柏崎刈羽 (かしさきかりわ) = Kashiwazaki Kariwa; 雌刈萱 (めがるかや·2) = Themeda triandra var. japonica (variety of kangaroo grass); 五分刈り (ごぶがり·0) = close haircut; 坊主刈り (ぼうずがり·0) = closely cropped hair,彼は羊の毛を刈った。,,彼(かれ) は 羊 の 毛(け) を 刈る,,
刑,"penalty, punish, punishment, sentence",ケイ,禁固刑 (きんこけい) = (penalty of) imprisonment; 刑訴法 (けいそほう) = Code of Criminal Procedure,彼は刑事だ。,,彼(かれ) は 刑事 だ,刈 廾 ノ 二 一,"型,形,邦"
削,"pare, plane, sharpen, shave, whittle","サク; けず.る, そ.ぐ, はつ.る",削器 (さっき) = (stone) scraper; 軍備削減 (ぐんびさくげん) = arms reduction; 自動削除 (じどうさくじょ) = automatic deletion,君の鉛筆は削る必要がある。,,君(きみ) 鉛筆 は 削る(けずる) 必要 が 有る,刈 月 尚,"肖,朋,脳"
剖,divide,ボウ,解剖図 (かいぼうず·3) = anatomical drawing; 解剖学者 (かいぼうがくしゃ) = anatomist; 解剖学 (かいぼうがく·3) = anatomy; 行政解剖 (ぎょうせいかいぼう) = autopsy initiated by government authorities,死体解剖の結果、絞殺と判明しました。,,死体 解剖 の 結果 絞殺 と 判明 為る(する),刈 口 立,"舌,石,陪"
剛,"strength, sturdy",ゴウ,金剛経 (こんごうきょう·0) = Diamond Sutra; 剛柔流 (ごうじゅうりゅう) = Goju-ryu (karate school); 金剛桜 (こんごうざくら·5) = Japanese bird cherry (Prunus grayana); 遍照金剛 (へんじょうこんごう) = Mahavairocana (esp. in esoteric Buddhism); 執金剛神 (しっこんごうじん) = Vajradhara (vajra-wielding gods),柔よく剛を制す。,,柔(じゅう) 良く 剛 を 制する,刈 并 冂 岡 山,"鋼,綱,南"
剣,"blade, clock hand, sabre, sword",ケン; つるぎ,"剣橋 (ケンブリッジ) = Cambridge; 鬼剣舞 (おにけんばい) = Demon's Sword Dance (traditional dance of the Kitakami, Iwate area)",彼は剣で殺された。,,彼(かれ) は 剣 で(#2028980) 殺す,刈 口 人 个,"険,検,創"
剤,"dose, drug, medicine","ザイ, スイ, セイ; かる, けず.る","鉄剤 (てつざい·2,0) = (medicinal) iron preparations; 定着剤 (ていちゃくざい) = (photographic) fixing agent",この錠剤は何ですか。,,此の 錠剤 は 何(なに) ですか,｜ ノ 刈 文 廾 斉,"斉,済,斎"
剰,"besides, surplus","ジョウ; あま.り, あま.る, あまつさえ",過剰利益 (かじょうりえき) = excess profit; 出生過剰 (しゅっしょうかじょう) = excessive birth (rate); 過剰防衛 (かじょうぼうえい·4) = excessive or unjustifiable self-defense (defence),塩を過剰に使うのは避けるべきだ。,,塩 を 過剰 使う の は 避ける 可き だ,｜ ノ 一 刈,"垂,乃,丑"
創,"genesis, hurt, injury, originate, start, wound","ショウ, ソウ; きず, けず.しける, つく.る, はじ.める",創造主 (そうぞうしゅ·3) = Creator; 大創 (ダイソー) = Daiso; 創世記 (そうせいき·3) = Genesis (book of the Bible),神が世界を創造した。,,神(かみ) が 世界 を 創造 為る(する),刈 口 个 一,"含,吟,今"
功,"achievement, credit, honor, merits, success","ク, コウ; いさお","武功夜話 (ぶこうやわ) = Bukouyawa (chronicle covering the Warring States to Momoyama periods, probably bogus); 功労賞 (こうろうしょう) = award for distinguished service",彼は成功した。,,彼(かれ) は 成功 為る(する),工 力,"勁,虹,脅"
劣,"be inferior to, be worse, inferiority",レツ; おと.る,心劣り (こころおとり) = (feeling something is) worse than expected; 劣者 (れっしゃ·1) = an inferior; 劣敗 (れっぱい·0) = defeat of the weaker; 劣後株 (れつごかぶ) = deferred stock,下劣なやつだ。,,下劣 奴(やつ) だ,ノ 小 力,"少,秒,省"
励,"be diligent, encourage, inspire","レイ; はげ.ます, はげ.む",励起 (れいき·1) = (electrical) excitation; 警覚策励 (けいかくさくれい) = Zen stick (used by a Zen priest to strike an inattentive zazen sitter); 勉励 (べんれい·0) = diligence; 励振素子 (れいしんそし) = driven element (antenna); 鼓舞激励 (こぶげきれい) = encouragement,彼は勉強に励んでいる。,,彼(かれ) は 勉強 に 励む,斤 力 厂,"脈,派,盾"
劾,"censure, criminal investigation",ガイ,劾奏 (がいそう·0) = report of an official's offence to the emperor (offense); 弾劾 (だんがい·0) = impeachment,,,,人 力 亠 ノ 丶,"亥,該,核"
勁,strong,ケイ; つよ.い,"勁卒 (けいそつ·0) = excellent soldier; 勁敵 (けいてき·0) = formidable foe; 勁悍 (けいかん·0) = strong and fierce; 勁捷 (けいしょう·0) = strong and nimble; 発勁 (はっけい·0,1) = fa jin",,,,工 巛 力,"功,虹,脅"
勅,imperial order,"チョク; いまし.める, みことのり",勅令 (ちょくれい·0) = (imperial) edict; 教育勅語 (きょういくちょくご) = Imperial Rescript on Education (1890); 軍人勅諭 (ぐんじんちょくゆ) = Imperial Rescript to Soldiers and Sailors (1882),,,,｜ 一 口 木 力,"架,亜,疎"
勘,"check, compare, intuition, perception, sixth sense",カン,勘亭流 (かんていりゅう·0) = Kantei style of calligraphy; 受取勘定 (うけとりかんじょう·5) = accounts receivable; 債権勘定 (さいけんかんじょう) = accounts receivable,お勘定です。,,御(お) 勘定 です,力 匚 甘 儿,"匹,堪,臣"
勧,"advise, encourage, offer, persuade, recommend","カン, ケン; すす.める",第一勧銀 (だいいちかんぎん) = (abbr) Dai-Ichi Kangyo Bank (DKB) (now merged into Mizuho Bank); 勧業 (かんぎょう·0) = (encouragement of) industry,禁煙を勧めます。,,禁煙 を 勧める,ノ 力 隹 矢 乞,"観,歓,権"
勲,"merit, meritorious deed",クン; いさお,金鵄勲章 (きんしくんしょう·4) = The Order of the Golden Kite (Japanese military award),彼の勇敢な行為は勲章に値する。,,彼(かれ) 勇敢 行為 は 勲章 に 値する,｜ 力 杰 日 一 ノ,"薫,曹,昨"
勺,"dip, ladle, one tenth of a go",シャク,一勺 (いっしゃく) = one shaku; 勺水 (しゃくすい) = droplet of water; 勺 (しゃく·1) = shaku,,,,丶 勹,"釣,酌,的"
匁,"(kokuji), 3.75 grams, monme","め, もんめ","百匁 (ひゃくめ·0) = 375 grams (100 monme); 匁 (もんめ·3) = monme (unit of weight, 3.75 g)",,,,ノ 勹 丶,"勺,胸,為"
匠,"artisan, carpenter, workman",ショウ; たくみ,意匠法 (いしょうほう) = Design Act; 意匠学会 (いしょうがっかい) = Japan Society of Design; 松匠 (まつしょう) = Matsushou; 木匠 (ぼくしょう) = carpenter; 楽匠 (がくしょう·0) = celebrated musician,その絵画はオランダ人の巨匠の作品である。,,其の 絵画 は 阿蘭陀 人(じん) の 巨匠 の 作品 である,斤 匚,"臣,巨,芹"
匡,"assist, correct, save","オウ, キョウ; すく.う, ただ.す","匡救 (きょうきゅう·0) = delivering from sin; 匡正 (きょうせい·0) = correction (of a fault, mistake, flaw, etc.)",,,,王 匚,"臣,巨,羊"
匿,"hide, shelter, shield",トク; かくま.う,匿名性 (とくめいせい) = anonymity; 匿名ＦＴＰ (とくめいエフティーピー) = anonymous FTP; 匿名批評 (とくめいひひょう) = anonymous criticism; 匿名配送 (とくめいはいそう) = anonymous shipping,彼は匿名で赤十字に多額のお金を寄付した。,,彼(かれ) は 匿名 で(#2028980) 赤十字 に 多額 の お金 を 寄付 為る(する),ノ 口 匚 艾,"呂,史,若"
升,"1.8 liter, measuring box",ショウ; ます,"犬升麻 (いぬしょうま) = Japanese bugbane (Cimicifuga biternata); 升割 (ますわり) = break and run out in billiards (9 ball, 8 ball, etc.); 晒菜升麻 (さらしなしょうま) = bugbane (Cimicifuga simplex); 蓮華升麻 (れんげしょうま·4) = false anemone (Anemonopsis macrophylla); 一升餅 (いっしょうもち) = large mochi (usu. used for ceremonies)",,,,ノ 廾 十,"昇,千,奔"
卑,"base, despise, lowly, vile, vulgar","ヒ; いや.しい, いや.しむ, いや.しめる",鮮卑 (せんぴ·1) = Xianbei (ancient nomadic tribe of northern Asia); 卑金属 (ひきんぞく·2) = base metal; 卑下自慢 (ひげじまん·3) = boasting of one's humility; 卑しみ (いやしみ) = contempt,卑屈な奴。,,卑屈 奴(やつ),十 田,"専,単,穂"
卓,"desk, eminent, high, table",タク,制御卓 (せいぎょたく) = (operator) console; 操作卓 (そうさたく) = (operator) console; 聖卓 (せいたく·0) = altar (esp. Christian); 卓上電話 (たくじょうでんわ·5) = desk phone,卓球をしたいのですが。,,卓球 を したい のです が,十 日 卜,"悼,汁,晶"
博,"Dr., Ph.D., command, esteem, exposition, fair, win acclaim","ハク, バク","節博士 (ふしはかせ·3) = (musical) intonation marks; 天文博士 (てんもんはかせ·5) = (ritsuryō system) teacher responsible for training in astronomy, astrology, calendar-making, etc.",彼の博識には驚く。,,彼(かれ) 博識 には 驚く,十 寸 田 丶,"専,薄,縛"
卯,"5-7AM, east, fourth sign of Chinese zodiac, sign of the hare or rabbit","ボウ, モウ; う","己卯 (きぼう·0) = Earth Rabbit (16th term of the sexagenary cycle, e.g. 1939, 1999, 2059); 丁卯 (ていぼう·0) = Fire Rabbit (4th term of the sexagenary cycle, e.g. 1927, 1987, 2047); 辛卯 (かのとう·0) = Metal Rabbit (28th term of the sexagenary cycle, e.g. 1951, 2011, 2071); なか卯 (なかう) = Nakau (restaurant chain); 癸卯 (きぼう·0) = Water Rabbit (40th term of the sexagenary cycle, e.g. 1903, 1963, 2023)",,,,卩,"迎,犯,柳"
即,"adapt, agree, as is, conform, instant, namely","ソク; すなわ.ち, つ.く, つ.ける","即日 (そくじつ·0) = (on) the same day; 即今 (そっこん·0,1) = at the moment; 即身成仏 (そくしんじょうぶつ·5) = attainment of Buddhahood during life; 即入居可 (そくにゅうきょか) = available for immediate move-in",彼は即答を得た。,,彼(かれ) は 即答 を 得る(える),艮 卩,"良,節,卯"
却,"instead, on the contrary, rather, retreat, step back, withdraw","キャク; かえ.って, しりぞ.く, しりぞ.ける",割増償却 (わりまししょうきゃく) = additional depreciation deduction; 空気冷却 (くうきれいきゃく·4) = air cooling; 埋却 (まいきゃく) = burial,本を返却しましたか。,,本(ほん) を 返却 為る(する) か,土 卩 厶,"脚,圭,卯"
卸,wholesale,"シャ; おろ.し, おろ.す, おろし","卸下 (しゃが·1) = cargo unloading; 卸業者 (おろしぎょうしゃ) = distributor (of goods); 山卸 (やまおろし·3) = mashing of steamed rice, mold and water with wooden poles in traditional sake making",卸売物価は基本的に安定している。,,卸売物価 は 基本的に 安定 為る(する),ノ 止 卩 乞,"御,竹,卯"
厄,"bad luck, disaster, misfortune, unlucky",ヤク,厄瓜多 (エクアドル) = Ecuador; 苦厄 (くやく·1) = hardship and misfortune; 厄前 (やくまえ·3) = the year before the unlucky year; 後厄 (あとやく·0) = the year following an inauspicious year; 厄運 (やくうん) = bad luck,厄介な事だ。,,厄介 事(こと) だ,卩 厂,"危,卯,迎"
厘,"1/10 bu, 1/10 sen, rin",リン,七厘 (しちりん·2) = earthen charcoal brazier (for cooking); 毫厘 (ごうり) = very small quantity; 分厘 (ふんりん·0) = (not) in the least; 厘毛 (りんもう·0) = farthing; 一分一厘 (いちぶいちりん·5) = (not even) a bit of,銭厘を大切にすれば大金はおのずとたまる。,,銭(ぜに) 厘 を 大切にする 大金 は 自ずと 溜まる,里 厂,"辰,童,灰"
厳,"rigidity, severity, stern, strictness","ゲン, ゴン; いか.めしい, いつくし, おごそ.か, きび.しい","華厳経 (けごんきょう·0) = Avatamska sutra; 厳美渓 (げんびけい) = Genbi Gorge (Ichinoseki-shi, Iwate-ken); 華厳宗 (けごんしゅう·2) = Kegon (sect of Buddhism); 首楞厳経 (しゅりょうごんきょう) = Suramgama Sutra; 厳冬期 (げんとうき·3) = coldest period",二つ折り厳禁。,,二つ折り 厳禁,耳 尚 厂 攵 乞,"巌,敢,竹"
又,"furthermore, on the other hand, or again","ユウ; また, また-, また.の-",又も (またも·2) = (once) again; 又候 (またぞろ·0) = (yet) again; 金商又一 (きんしょうまたいち) = Kinsho-Mataichi Corporation; 又四郎尺 (またしろうじゃく·4) = Matashirō shaku (approx. 30.26 cm); 三又槍魚 (みつまたやりうお) = Pacific blackdragon (Idiacanthus antrostomus),必ず又の機会が来る。,,必ず 又 の 機会 が 来る(くる),,
及,"cause, exercise, exert, reach out","キュウ; およ.び, およ.ぶ, およ.ぼす, および",阿爾及 (アルジェリア) = Algeria; 埃及 (エジプト) = Egypt,お礼には及びません。,,お礼 には 及ばない,丶 乃 ノ,"秀,匁,凶"
叔,"uncle, youth",シュク,叔世 (しゅくせい) = age of decline; 叔母 (しゅくぼ·2) = aunt; 叔父 (しゅくふ·2) = uncle; 叔父 (おとおじ·0) = uncle (one's father's younger brother); 叔父貴 (おじき·0) = uncle (younger than one's parent),彼は私の叔父です。,,彼(かれ) は 私(わたし) 叔父 です,小 卜 又,"督,淑,寂"
叙,"confer, describe, narrate, relate","ジョ; つい.ず, ついで","叙利亜 (シリア) = Syria; 詠叙唱 (えいじょしょう) = arioso; 自叙 (じじょ·1) = autobiography; 自叙伝 (じじょでん·2) = autobiography; 略叙 (りゃくじょ·0,1) = brief account",私は叙事詩よりも叙情詩の方が好きだ。,,私(わたし) は 叙事詩 よりも 叙情詩 の 方(ほう) が 好き(すき) だ,禾 又 个 一,"今,稔,斜"
叡,"imperial, intelligence",エイ; あき.らか,叡聞に (えいぶんに) = (in the) emperor's hearing; 叡王 (えいおう) = Eiō (one of the eight major professional titles of shogi); 比叡山 (ひえいざん) = Mt. Hiei (in Kyoto); 叡山菫 (えいざんすみれ) = Viola eizanensis (flower in the violet family); 叡感 (えいかん·0) = emperor's approval,,,,ハ 卜 又 目 冖,"貝,貞,督"
句,"clause, counter for haiku, paragraph, passage, phrase, sentence",ク,男の節句 (おとこのせっく·0) = Boys' Day celebration (May 5); 四字成句 (よじせいく) = Chinese four-character phrase or idiomatic expression; 菊の節句 (きくのせっく·0) = Chrysanthemum Festival (one of the five annual festivals;  celebrated on the 9th day of the 9th lunar month),文句を言うな。,,文句 を 言う な,口 勹,"拘,号,駒"
只,"free, in addition, only",シ; ただ,"只取 (ただとり·4,0) = getting something for nothing; 只今 (しこん·(名)2,(感)4,0) = just now; 只人 (ただうど·0) = ordinary person; 只言 (ただこと·0) = plain speech; 只管打坐 (しかんたざ·4) = shikantaza",僕らは青春の真っ只中だ。,,僕ら は 青春 真っ只中 だ,口 ハ,"呉,谷,誤"
叶,"answer, grant","キョウ; かな.う, かな.える","叶わぬ (かなわぬ) = impossible (dream, etc.); 叶える (かなえる·3) = to fulfill (conditions); 叶う (かなう·2) = to come true (of a wish, prayer, etc.)",夢は叶った。,,夢 は 叶う(かなう),口 十,"古,革,衷"
司,"administer, director, govt office, official, rule",シ; つかさど.る,総司令部 (そうしれいぶ·4) = (command) headquarters; 大祭司 (だいさいし) = High Priest (of Israel),寿司が嫌いです。,,寿司 が 嫌い です,一 口 亅,"可,阿,詞"
吉,"congratulations, good luck, joy","キチ, キツ; よし","諭吉 (ゆきち) = 10,000 yen note; 日吉神道 (ひえしんとう) = Hie Shinto (form of Shinto heavily influenced by Tendai); 吉林省 (きつりんしょう) = Jilin Province (China); 吉林大学 (きつりんだいがく) = Jilin University; 嘉吉 (かきつ) = Kakitsu era (1441.2.17-1444.2.5)",吉野は桜の名所です。,,は 桜 の 名所(めいしょ) です,口 士,"詰,嘉,舌"
后,"after, back, behind, empress, later, queen","コウ, ゴ; きさき","太皇太后 (たいこうたいごう·5,7) = Grand Empress Dowager; 三后 (さんこう·0,1) = Grand Empress Dowager, the Empress Dowager and the Empress Consort; 三皇后 (さんこうごう·5) = Grand Empress Dowager, the Empress Dowager and the Empress Consort; 皇后陛下 (こうごうへいか) = Her Majesty the Empress (of Japan); 王后陛下 (おうこうへいか) = Her Majesty the Queen",,,,ノ 一 斤 口 亅 厂,"才,司,右"
吏,"an official, officer",リ,"吏吐 (りと) = Idu (archaic writing system that uses Chinese characters to represent the Korean language); 吏部 (りぶ·1) = Ministry of Personnel (Tang dynasty China); 属吏 (ぞくり·1) = a subordinate (official); 執行吏 (しっこうり·3) = bailiff; 執達吏 (しったつり·4,3) = bailiff",,,,ノ 一 口 丶,"否,右,呂"
吐,"belch, confess, spit, tell (lies), vomit","ト; つ.く, は.く",握髪吐哺 (あくはつとほ·5) = (a statesman making) extraordinary efforts to find and employ capable persons (persons of great wisdom); 吐乳 (とにゅう·0) = (baby) vomiting up milk; 吏吐 (りと) = Idu (archaic writing system that uses Chinese characters to represent the Korean language); 嘔吐 (おうと·1) = Nausea (novel by Sartre); 吐きだこ (はきだこ) = Russell's sign (bulimic calluses on the hand caused by repeatedly inducing vomiting),吐血しました。,,吐血 為る(する),口 土,"舎,培,域"
吟,"recital, singing, versify",ギン,断吟 (たんぎん·0) = (in Japan) 2nd note of the ancient chromatic scale (approx. D sharp); 連吟 (れんぎん·0) = duet; 感吟 (かんぎん·0) = emotional chanting or recitation; 口吟 (こうぎん·0) = humming to oneself; 偶吟 (ぐうぎん·0) = impromptu poem,社の弁護士に暫定合意の内容を吟味してもらおう。,,社(しゃ) の 弁護士 に 暫定 合意 の 内容 を 吟味 為る(する) 貰う,口 个 一,"含,拾,命"
呂,"backbone, spine","リョ, ロ; せぼね",塩風呂 (しおぶろ·0) = (hot) saltwater bath; 一風呂 (ひとふろ·2) = (taking) a bath; 野呂搗布 (のろかじめ·3) = Ecklonia cava (species of brown alga),お風呂沸いてる？,,お風呂 沸く,口 ノ,"史,宮,告"
呈,"display, exhibit, offer, present, send",テイ,"進呈本 (しんていぼん) = complimentary copy; 贈呈本 (ぞうていぼん) = complimentary copy (of a book); 進呈 (しんてい·0) = presentation (e.g. of a gift); 贈呈 (ぞうてい·0) = presentation (of a gift, prize, etc.); 献呈本 (けんていぼん) = presentation book",一言苦言を呈したい。,,一言 苦言 を 呈する,王 口,"聖,程,舌"
呉,"do something for, give, kingdom of Wu","ゴ; く.れる, くれ","呉竹 (くれたけ·0,2) = Henon bamboo (Phyllostachys nigra var. henonis); 呉大学 (くれだいがく) = Kure University; 呉茱萸 (からはじかみ·0,2) = Tetradium ruticarpum (species of deciduous trees); 呉語 (ごご) = Wu Chinese (language); 呉越 (ごえつ·1) = Wu and Yue (two rival states in ancient China)",ドジャースとジャイアンツが呉越同舟でやってきた。,,と が 呉越同舟 で(#2028980) やって来る,口 ハ,"只,谷,誤"
哀,"grief, pathetic, pathos, pity, sorrow, sympathize","アイ; あわ.れ, あわ.れむ, かな.しい",哀咽 (あいえつ·0) = being choked with tears; 哀叫 (あいきょう) = crying loudly with sadness; 哀泣 (あいきゅう·0) = crying with sadness; 哀々 (あいあい·0) = deeply sad,哀れみは恋に近い。,,哀れみ は 恋 に 近い,衣 口 亠,"袈,褒,喪"
哉,"alas, exclamation mark, how, question mark, what","サイ; かな, や",候哉 (そうろうや) = I wonder if ...; 果せる哉 (はたせるかな·3) = as expected; 悦哉 (えっさい) = musket (male Japanese sparrowhawk); 快哉 (かいさい·0) = joy,,,,口 土 戈,"域,吐,舌"
哲,"clear, philosophy","テツ; あきらか, さとい","中国哲学 (ちゅうごくてつがく·6,5) = Chinese philosophy; 中哲 (ちゅうてつ·1,0) = Chinese philosophy; 印哲 (いんてつ·0,1) = Indian philosophy",私の兄は哲学の権威だ。,,私(わたし) 兄(あに) は 哲学 の 権威 だ,斤 口 扎,"折,舌,石"
唄,"ballad, song","バイ; うた, うた.う",地唄 (じうた·0) = (style of) folk song; 盆踊り唄 (ぼんおどりうた·5) = Bon Festival dance song;  the first post-war hit song); 長唄 (ながうた·0) = long epic song with shamisen accompaniment (developed in Edo in the early 17th century),アンは妹のために子守唄を歌ってあげた。,,は 妹(いもうと) の 為に 子守唄 を 歌う 上げる,貝 目 ハ 口,"賠,賀,損"
唆,"instigate, promote, seduce, tempt","サ; そそ.る, そそのか.す",教唆罪 (きょうさざい) = criminal instigation; 教唆犯 (きょうさはん·3) = criminal instigator; 唆し (そそのかし) = instigation; 教唆扇動 (きょうさせんどう) = instigation and abetment; 教唆者 (きょうさしゃ) = instigator,イブを唆したのは蛇だ。,,を 唆す(そそのかす) の は 蛇 だ,口 儿 厶 夂,"允,酸,竣"
唇,lips,シン; くちびる,"両唇音 (りょうしんおん·3) = bilabial; 大陰唇 (だいいんしん·3) = labia majora; 小陰唇 (しょういんしん·3) = labia minora; 唇腺 (しんせん·0,1) = labial gland; 唇音 (しんおん·0,1) = labial sound",私は唇を噛んだ。,,私(わたし) は 唇 を 噛む,衣 口 辰 厂,"辰,震,辱"
唯,"merely, only, simply, solely","イ, ユイ; ただ","唯識宗 (ゆいしきしゅう) = Hosso sect (of Buddhism); 唯物史観 (ゆいぶつしかん·5,6) = historical materialism",それは唯一の関心事です。,,其れ は 唯一 関心事 です,口 隹,"舌,礁,確"
唱,"call upon, chant, recite, yell",ショウ; とな.える,"夫唱婦随 (ふしょうふずい·0,2) = a wife should do her husband's bidding; 唱道 (しょうどう·0) = advocacy; 詠叙唱 (えいじょしょう) = arioso; 唱題 (しょうだい) = chanting the title of a sutra (esp. the Lotus Sutra); 合唱隊長 (がっしょうたいちょう) = choir leader",女王様に万歳三唱。,,女(おんな) 王様 に 万歳三唱,口 日,"昭,舌,石"
啄,"peck, pick up","タク, ツク, トク; ついば.む, つつ.く","熊啄木鳥 (くまげら·0) = black woodpecker (Dryocopus martius); 烏啄骨 (うたくこつ·3,2) = coracoid; 赤啄木鳥 (あかげら·0) = great spotted woodpecker (Dendrocopos major)",僕は啄木の詩の多くを暗記した。,,僕(ぼく) は 啄木 の 詩(し) の 多く を 暗記 為る(する),口 豕,"豪,象,舌"
啓,"disclose, open, say","ケイ; さと.す, ひら.く","啓蟄 (けいちつ·0) = ""awakening of insects"" solar term (approx. March 6, the day on which hibernating insects are said to come out of the ground); 啓示 (けいじ·0) = (divine) revelation; 粛啓 (しゅくけい·0) = Dear (name); 急啓 (きゅうけい) = Dear Sir or Madam; 復啓 (ふくけい·0) = Dear Sir or Madam, in reply to your letter ...",啓子さんは家族がご自慢です。,,さん は 家族 が 御(ご) 自慢 です,戸 口 攵 一 尸 乞,"肇,戸,局"
善,"good, goodness, virtuous","ゼン; い.い, よ.い, よ.く, よし.とする",善の研究 (ぜんのけんきゅう) = A Study of Good (1911 philosophical treatise by Kitarō Nishida); 善隣政策 (ぜんりんせいさく) = Good Neighbor Policy; 丸善 (まるぜん) = Maruzen (publisher),慈善を行う。,,慈善 を 行う,王 口 并 羊,"群,繕,豆"
喚,"call, cry, scream, summon, yell",カン; わめ.く,指差喚呼 (しさかんこ) = pointing and calling (occupational safety method); 喚声 (かんせい·0) = shout; 喚問 (かんもん·0) = summons; 召喚令状 (しょうかんれいじょう) = summons for directions (legal UK); 叫喚 (きょうかん·0) = shout,魔女集会で悪魔を召喚する。,,魔女 集会 で(#2028980) 悪魔 を 召喚 為る(する),口 大 儿 冂 勹,"換,尚,器"
喝,"hoarse, scold",カツ,"恐喝罪 (きょうかつざい·4,0) = (the crime of) extortion; 喝食行者 (かっしきあんじゃ) = meal announcer (at a Zen monastery); 大喝 (たいかつ·0) = shouting in a thunderous voice; 威喝 (いかつ·0) = threatening; 恐喝未遂 (きょうかつみすい) = attempted extortion",父に一喝されてそれを止めた。,,父 に 一喝 為れる 其れ を 止める(やめる),口 日 勹 匕,"旬,旨,唱"
喪,"miss, mourning",ソウ; も,"禍福得喪 (かふくとくそう) = calamity, good fortune, success and failure; 喪主 (もしゅ·1) = chief mourner; 喪家の犬 (そうかのいぬ) = feeling lost like a stray dog; 喪事 (そうじ) = funeral",彼は記憶喪失で悩んでいる。,,彼(かれ) は 記憶喪失 で(#2028980) 悩む,｜ 衣 一 口 亠,"衰,哀,亜"
喬,"boasting, high",キョウ; たか.い,落葉喬木 (らくようきょうぼく) = deciduous tall tree; 喬志 (きょうし) = pride; 喬木 (きょうぼく·0) = tall tree,,,,ノ 口 冂 大,"矯,尚,器"
嗣,"heir, succeed",シ,"皇帝の嗣 (こうていのし) = Emperor's heir; 養嗣子 (ようしし·3) = adoptive heir; 嗣子 (しし·1) = heir; 天つ日嗣 (あまつひつぎ) = imperial throne; 嫡嗣 (ちゃくし·1,0) = legitimate heir",,,,｜ 一 口 亅 冂,"司,可,亜"
嘆,"grieve, lament, moan, sigh, sigh of admiration","タン; なげ.かわしい, なげ.く",嘆願書 (たんがんしょ·0) = (written) petition; 一読三嘆 (いちどくさんたん) = a reading leaves one with ceaseless sighs of admiration; 傷嘆 (しょうたん·0) = crying in pain; 長嘆 (ちょうたん·0) = deep sigh; 髀肉の嘆 (ひにくのたん) = fretting about forced idleness,彼は悲嘆にくれた。,,彼(かれ) は 悲嘆に暮れる,ノ 一 口 艾 二 大,"若,天,右"
嘉,"applaud, auspicious, esteem, happy, praise","カ; よい, よみ.する",嘉永 (かえい) = Kaei era (1848.2.28-1854.11.27); 嘉悦大学 (かえつだいがく) = Kaetsu University,,,,口 士 力,"吉,加,舌"
嘱,"entrust, request, send a message","ショク; しょく.する, たの.む",嘱託医 (しょくたくい·4) = commissioned doctor; 嘱託社員 (しょくたくしゃいん) = contract employee (esp. one rehired after mandatory retirement); 遺嘱 (いしょく) = dying wish (to be carried out after one's death); 委嘱状 (いしょくじょう) = letter of appointment (to a position); 受嘱 (じゅしょく·0) = being entrusted with,彼は教師になることを嘱望している。,,彼(かれ) は 教師 になる 事(こと) を 嘱望 為る(する),口 尸 禹,"局,舌,石"
器,"ability, container, implement, instrument, receptacle, set, tool, utensil, vessel",キ; うつわ,共振器 (きょうしんき) = (cavity) resonator; 検温器 (けんおんき·3) = (clinical) thermometer; 体温器 (たいおんき·3) = (clinical) thermometer; 継電器 (けいでんき·3) = (electric) relay,食器を洗おう。,,食器 を 洗う,口 大,"舌,石,奇"
噴,"emit, erupt, flush out, spout",フン; ふ.く,"噴煙 (ふんえん·0) = (eruption of) smoke; 噴火口 (ふんかこう·3,0) = (volcanic) crater",駅の前に噴水があります。,,駅 の 前(まえ) に 噴水 が 有る,貝 目 ハ 口 十 艾,"唄,憤,墳"
嚇,"dignity, majesty, menacing, threaten",カク; おど.す,威嚇射撃 (いかくしゃげき) = warning shot; 嚇怒 (かくど) = greatly enraged; 恐嚇 (きょうかく) = intimidation; 威嚇的 (いかくてき) = threatening; 嚇す (かくす·2) = to threaten,,,,口 赤 土,"吐,舌,石"
囚,"arrest, captured, catch, criminal",シュウ; とら.われる,捕囚 (ほしゅう·0) = captivity; 脱獄囚 (だつごくしゅう·4) = escaped prisoner; 幽囚 (ゆうしゅう·0) = imprisonment; 政治囚 (せいじしゅう) = political prisoner,囚人は脱獄した。,,囚人 は 脱獄 為る(する),人 囗,"口,圏,欠"
圏,"circle, radius, range, sphere",ケン; かこ.い,生存圏 (せいぞんけん) = Lebensraum; ソ連圏 (ソれんけん) = Soviet bloc; 岩流圏 (がんりゅうけん) = asthenosphere,首都圏でも燃料が不足している。,,首都圏 でも 燃料 が 不足 為る(する),一 人 大 二 并 囗 已,"巻,咲,券"
圭,"angle, corner, edge, square jewel","ケ, ケイ","巴拉圭 (パラグァイ) = Paraguay; 刀圭 (とうけい·0) = doctor; 刀圭家 (とうけいか·0) = doctor; 圭璧 (けいへき·1,0) = ritual jades worn by feudal lords in ancient China; 土圭 (とけい·0) = clock",圭はその問いにギクリとさせられたが、頭を何でもないといいたそうに横に振る。,,は 其の 問い に ぎくり 為せる が 頭(あたま) を 何でも無い と 言う たい そう 横 に 振る(ふる),土,"社,桂,杜"
坑,"hole, pit",コウ,坑夫 (こうふ·1) = The Miner (1908 novel by Natsume Sōseki); 横坑 (おうこう·0) = adit; 焚書坑儒 (ふんしょこうじゅ·1) = burning books on the Chinese classics and burying Confucian scholars alive (Qin dynasty thought suppression campaign); 坑儒 (こうじゅ·1) = burying Confucian scholars alive; 入坑 (にゅうこう·0) = entrance into drift or pit,,,,土 亠 几,"衣,圭,亡"
坪,"approx. thirty-six sq ft, two-mat area",ヘイ; つぼ,一坪運動 (ひとつぼうんどう) = campaign to prevent a public construction work by acquiring a minuscule tract of land; 立て坪 (たてつぼ·2) = cubic tsubo (approx. 6 cubic metres); 坪当たり (つぼあたり·3) = per tsubo (area); 一坪本社 (ひとつぼほんしゃ) = small company headquarters located in Tokyo simply for name value,,,,干 土 并,"平,圭,墜"
垂,"droop, hang, slouch, suspend","スイ; -た.れ, た.らす, た.れ, た.れる, なんなんと.す","虫垂 (ちゅうすい·0) = (vermiform) appendix; 足垂れ星 (あしたれぼし·4) = Chinese ""Tail"" constellation (one of the 28 mansions); 垂領 (たりくび·0) = V-shaped overlapping collar",雲が低く垂れ込めた。,,雲 が 低い 垂れ込める,｜ ノ 一,"乃,丑,万"
垣,"fence, hedge, wall",エン; かき,"紫微垣 (しびえん·2) = Purple Forbidden Enclosure (group of constellations in the northern sky associated with the emperor); 谷垣派 (たにがきは) = Tanigaki Faction (of the LDP); 竹垣 (たけがき·0,2) = bamboo fence (hedge)",彼は垣根を飛び越えた。,,彼(かれ) は 垣根 を 飛び越える,一 土 日,"晋,旦,壇"
執,"grasp, take hold, take to heart, tenacious","シツ, シュウ; と.る",中執 (ちゅうしつ·0) = Central Executive Committee; 執金鋼 (しっこんごう) = Diamond Holder (name of a Buddhist celestial being); 執金剛神 (しっこんごうじん) = Vajradhara (vajra-wielding gods),彼は原案に固執した。,,彼(かれ) は 原案 に 固執 為る(する),ノ 九 十 辛 土 立 丶 亠,"幸,辛,千"
培,"cultivate, foster",バイ; つちか.う,培養基 (ばいようき·3) = (culture) medium; 栽培種 (さいばいしゅ) = agricultural species; 細胞培養 (さいぼうばいよう·5) = cell culture; 純粋培養 (じゅんすいばいよう·5) = clean (pure) culture,彼女は薔薇を栽培した。,,彼女 は 薔薇 を 栽培 為る(する),口 土 立,"吐,壁,舌"
基,"counter for machines, foundation, fundamentals, radical (chem)","キ; もと, もとい",培養基 (ばいようき·3) = (culture) medium; 回路基板 (かいろきばん) = (electrical circuit) substrate; 基地閉鎖 (きちへいさ) = (military) base closing,これは基本です。,,此れ は 基本 です,一 甘 土 ハ,"碁,圭,八"
堀,"canal, ditch, moat",クツ; ほり,竪堀 (たてぼり·0) = ascending trench or pathway cut into a naturally-occurring slope; 穴堀梟 (あなほりふくろう) = burrowing owl (Athene cunicularia); 堀江 (ほりえ·0) = canal; 堀川 (ほりかわ·2) = canal; 空堀 (からぼり·0) = dry moat,,,,｜ 山 土 尸 凵,"屈,出,掘"
堅,"hard, reliable, solid, strict, tight, tough","ケン; -がた.い, かた.い",堅信礼 (けんしんれい·3) = (the Christian sacrament of) confirmation; 道心堅固 (どうしんけんご) = being of firm (unshakable) faith and strict practice; 堅信 (けんしん·0) = confirmation (rite); 堅炭 (かたずみ·0) = hard charcoal; 堅材 (けんざい) = hard wood,彼は口が堅い。,,彼(かれ) は 口が堅い,臣 土 又,"皮,圭,茎"
堕,"degenerate, descend to, lapse into","ダ; お.ちる, くず.す, くず.れる",堕胎医 (だたいい) = abortionist; 堕落坊主 (だらくぼうず) = apostate priest; 堕天使 (だてんし·2) = fallen angel (esp. Lucifer); 堕胎罪 (だたいざい·2) = illegal abortion; 堕罪 (だざい·0) = sinking into sin,彼は道徳的に堕落した。,,彼(かれ) は 道徳的 堕落 為る(する),ノ 一 月 土 阡,"随,郁,宥"
堤,"bank, dike, embankment",テイ; つつみ,墨堤 (ぼくてい·0) = banks of the Sumida river; 浜堤 (ひんてい) = beach ridge; 突堤 (とってい·0) = breakwater,水は堤防を越えた。,,水(みず) は 堤防 を 越える,土 日 疋,"是,晶,昌"
堪,"endure, resist, support, withstand","カン, タン; こた.える, こら.える, た.える, たま.る",不堪 (ふかん·0) = incompetence; 堪忍袋 (かんにんぶくろ·5) = one's store of patience; 堪航能力 (たんこうのうりょく·5) = seaworthiness; 抗堪性 (こうたんせい) = survivability (ability to withstand an attack),堪能な英語力は必須です。,,堪能(たんのう) 英語 力(りょく) は 必須 です,土 儿 匚 甘,"匹,勘,臣"
塀,"(kokuji), fence, wall","ヘイ, ベイ",れんが塀 (れんがべい·3) = brick wall; 船板塀 (ふないたべい·4) = fence made from disused ship planks; 煉り塀 (ねりべい) = mud and tile wall topped with tiles; 万年塀 (まんねんべい) = precast concrete fence,塀に登るな。,,塀 に 登る な,｜ ノ 一 土 二 ハ 尸 廾,"在,共,井"
塁,"base(ball), bases, fort, rampart, walls","スイ, ライ, ルイ; とりで",進塁 (しんるい·0) = advance (to the next base); 塁打 (るいだ) = base hit; 走塁 (そうるい·0) = base running; 塁審 (るいしん·0) = base umpire; 無死満塁 (むしまんるい) = bases are loaded with no outs,９回２死満塁。,,回 死 満塁,田 土 冫,"羽,圭,増"
塊,"chunk, clod, clot, lump, mass","カイ, ケ; かたまり, つちくれ",松塊 (まつほど) = Poria cocos (species of basidiomycete used in Chinese medicine); 塊村 (かいそん·0) = agglomerated village; 塊状溶岩 (かいじょうようがん) = block lava; 地塊運動 (ちかいうんどう·4) = block movement,巨大な肉の塊が当たった。,,巨大 肉(にく) の 塊 が 当たる,鬼 田 土 儿 匕 厶,"鬼,魂,魁"
塑,"model, molding",ソ; でく,塑性変形 (そせいへんけい) = plastic deformation; 塑性限界 (そせいげんかい) = plastic limit; 可塑材 (かそざい·2) = plastic material,彼は柔らかい粘土で小さな塑像を作った。,,彼(かれ) は 柔らかい 粘土 で(#2028980) 小さな 塑像 を 作る,月 土 并 屮,"朔,朋,圭"
塚,"hillock, mound","チョウ; -づか, つか",大塚製薬 (おおつかせいやく) = Otsuka Pharmaceutical,宝塚でショーを見物しましたか。,,で ショー を 見物(けんぶつ) 為る(する) か,土 冖 豕,"圭,豪,墜"
塾,"cram school, private school",ジュク,慶應義塾 (けいおうぎじゅく) = Keio (Private University); 音塾 (おとじゅく) = Otojuku (seen in names of establishments and activities related to music education),彼は塾で勉強している。,,彼(かれ) は 塾 で(#2028980) 勉強,丶 九 口 子 土 亠,"熟,享,吐"
墓,"grave, tomb",ボ; はか,墓室 (ぼしつ) = burial chamber; 墓じまい (はかじまい) = dismantling a (family) tomb; 墓穴 (はかあな·0) = grave (pit),彼を墓に埋めた。,,彼(かれ) を 墓 に 埋める(うめる),大 土 日 艾,"暮,菖,奎"
墜,"crash, fall (down)","ツイ; お.ちる, お.つ",墜落場所 (ついらくばしょ) = crash site (esp. aircraft); 墜落死 (ついらくし) = death by falling; 墜死 (ついし·0) = falling to one's death; 墜落事故 (ついらくじこ) = plane crash; 撃墜 (げきつい·0) = shooting down (aircraft),その飛行機は突然墜落した。,,其の 飛行機 は 突然 墜落 為る(する),土 并 豕 阡,"隊,圭,陸"
墨,"India ink, Mexico, black ink, ink stick",ボク; すみ,"白墨 (はくぼく·0) = (piece of) chalk; 墨流蝶 (すみながし·3) = Asian constable (species of butterfly, Dichorragia nesimachus); 唐墨 (からすみ·0,2) = Chinese ink; 孔墨 (こうぼく) = Confucius and Mozi (ancient Chinese philosophers); 墨画 (ぼくが·0) = India-ink drawing",墨を染料として使うと面白い模様ができます。,,墨(すみ) を 染料 として 使う と 面白い 模様 が 出来る,黒 土 里 杰,"埋,黙,黛"
墳,"mound, tomb",フン,方墳 (ほうふん·0) = flat-topped burial mound; 八角墳 (はっかくふん) = octagonal burial mound (Kofun period); 円墳 (えんふん·0) = round burial mound,全地球は有名人の墳墓である。,,全 地球 は 有名人 の 墳墓 である,貝 目 ハ 十 土 艾,"憤,噴,買"
墾,"ground-breaking, open up farmland","コン; は.る, ひら.く",開墾地 (かいこんち·3) = cultivated land; 墾田 (こんでん·0) = new rice field; 未開墾 (みかいこん) = uncultivated; 未墾地 (みこんち·2) = uncultivated land; 墾く (ひらく) = to cultivate (land),新たな入植者達がその広大な広野を開墾した。,,新た 入植者 達 が 其の 広大 広野 を 開墾 為る(する),艮 爪 土 犯 豸,"懇,良,圭"
壁,"fence, lining (stomach), wall",ヘキ; かべ,腹壁 (ふくへき·0) = abdominal wall; 腹壁膿瘍 (ふくへきのうよう) = abdominal wall abscess; 腹壁反射 (ふくへきはんしゃ) = abdominal wall reflex; 壁伝い (かべづたい) = along a wall,壁に手をつけ！,,壁 に 手を付ける,口 十 辛 土 立 尸,"避,癖,居"
壇,"podium, rostrum, stage, terrace","タン, ダン",1185);  1185); 仏壇 (ぶつだん·0) = Buddhist (household) altar; 神壇 (しんだん) = altar; 聖壇 (せいだん·0) = altar,これは彼の土壇場だ。,,此れ は 彼(かれ) の 土壇場 だ,一 口 土 日 亠 囗,"垣,檀,晋"
壊,"break, demolition, destroy","エ, カイ; こわ.す, こわ.れる, やぶ.る",自壊作用 (じかいさよう) = (the act of) disintegration; α崩壊 (アルファほうかい·4) = alpha decay; β崩壊 (ベータほうかい·4) = beta decay,それは壊れた。,,其れ は 壊れる,衣 十 土 買 亠,"懐,壌,衣"
壌,"earth, lot, soil",ジョウ; つち,鼓腹撃壌 (こふくげきじょう·1) = (people) sing the praises (enjoy the blessings) of peace; 平壌 (へいじょう) = Pyongyang (North Korea),植物は土壌で育つ。,,植物 は 土壌 で(#2028980) 育つ,衣 土 ハ 亠,"六,醸,譲"
士,"gentleman, samurai, samurai radical (no. 33), scholar",シ; さむらい,看護士 (かんごし·3) = (male) nurse; 役力士 (やくりきし·3) = (member of one of) the top four ranks of sumo wrestlers; 節博士 (ふしはかせ·3) = (musical) intonation marks,お互い仇同士だ。,,お互い 仇同士 だ,,
壮,"manhood, prosperity, robust",ソウ; さかん,壮途 (そうと·1) = ambitious undertaking; 少壮有為 (しょうそうゆうい) = energetic; 壮大華麗 (そうだいかれい) = grandiose and splendid; 壮齢 (そうれい·0) = in the prime of manhood,壮大な眺めですね。,,壮大 眺め です ね(#2029080),士 爿,"荘,装,状"
壱,one (in documents),"イチ, イツ; ひとつ",壱越 (いちこつ·0) = fundamental tone in the traditional Japanese 12-tone scale (approx. D); 壱越調 (いちこちちょう·0) = ichikotsu mode (one of the six main gagaku modes); 壱岐 (いき) = Iki (former province located on Iki Island in present-day Nagasaki Prefecture); 壱百萬 (ひゃくまん) = many,それは壱万円と計算されている。,,其れ は 壱 万(まん) 円(えん) と 計算 為れる,士 冖 匕,"老,化,読"
奇,"curiosity, strange, strangeness","キ; あや.しい, く.しき, くし, めずら.しい","四大奇書 (しだいきしょ) = Four Classic Novels of Chinese literature (Romance of the Three Kingdoms, Journey to the West, Water Margin, and The Plum in the Golden Vase); 奇々怪界 (ききかいかい) = Kiki Kaikai (video game); 奇蹄目 (きていもく) = Perissodactyla (order of odd-toed ungulates, incl. horses, tapirs, etc.)",奇蹟に近いですね。,,奇跡 に 近い です ね(#2029080),一 口 大 亅,"寄,司,可"
奈,"Nara, what?","ダイ, ナ, ナイ; いかん, からなし",無間奈落 (むけんならく·4) = Avici hell (the eighth and most painful of the eight hells); 加奈陀 (カナダ) = Canada; 神奈川 (かながわ) = Kanagawa (prefecture),彼は奈良に行った。,,彼(かれ) は に 行く,示 二 小 大,"捺,示,禁"
奉,"dedicate, observance, offer, present","ブ, ホウ; たてまつ.る, ほう.ずる, まつ.る",町奉行 (まちぶぎょう·3) = (Edo-period) town magistrate;  dissolved in 1946); 奉直戦争 (ほうちょくせんそう) = Zhili-Fengtian Wars (of China;  1922-1924); 勤め奉公 (つとめぼうこう·4) = apprenticeship; 丁稚奉公 (でっちほうこう·4) = apprenticeship,彼女はフロイトの信奉者だ。,,彼女 は の 信奉者 だ,｜ 一 人 大 二,"泰,棒,俸"
奎,"god of literature, star","キ, ケイ","奎 (けい·1) = Chinese ""Legs"" constellation (one of the 28 mansions); 奎宿 (けいしゅく·0) = Chinese ""Legs"" constellation (one of the 28 mansions)",,,,大 土,"墓,圭,規"
奏,"complete, play music, speak to a ruler",ソウ; かな.でる,伴奏 (ばんそう·0) = (musical) accompaniment; 変奏 (へんそう) = (playing a) variation; 伴奏部 (ばんそうぶ) = accompaniment,演奏会がとても不安だ。,,演奏会 が 迚も 不安 だ,一 禾 大 二 人,"秦,天,榛"
契,"pledge, promise, vow",ケイ; ちぎ.る,契約の箱 (けいやくのはこ) = Ark of the Covenant; 黒契丹 (カラキタイ) = Kara Khitai (Central Asian Khitan empire;  1132-1211); 契丹文字 (きったんもじ·5) = Khitan script,それでは契約と違う。,,其れでは 契約 と 違う(ちがう),大 土 刀 亠 二,"喫,奎,麦"
奔,"bustle, run",ホン; はし.る,不羈奔放 (ふきほんぽう) = free-spirited and uninhibited; 奔放不羈 (ほんぽうふき) = free-spirited and uninhibited; 奔出 (ほんしゅつ·0) = gushing out; 奔命 (ほんめい·0) = wearing oneself out with work; 豪快奔放 (ごうかいほんぽう) = big-hearted and free-spirited,今日は借金の工面で東奔西走した。,,今日 は 借金 の 工面 で(#2028980) 東奔西走 為る(する),ノ 一 十 大 廾,"升,干,千"
奨,"encourage, exhort, urge","ショウ, ソウ; すす.める",褒奨 (ほうしょう) = compensation; 奨学 (しょうがく·0) = encouragement to study; 選奨 (せんしょう·0) = recommendation,奨学金が交付された。,,奨学金 が 交付 為れる,寸 大 爪 爿,"将,奪,爵"
奪,"dispossess, plunder, rob, snatch away, take by force, usurp",ダツ; うば.う,生殺与奪 (せいさつよだつ·0) = (having) life-and-death power (over); 奪三振王 (だつさんしんおう) = (season's) record holder in (for) the most strike-outs; 奪格 (だっかく·0) = ablative; 絶対奪格 (ぜったいだっかく) = ablative absolute; 回線争奪 (かいせんそうだつ) = contention,彼は僕の鞄を奪った。,,彼(かれ) は 僕(ぼく) の 鞄 を 奪う,寸 大 隹,"奮,奨,難"
奮,"be invigorated, flourish, stirred up",フン; ふる.う,興奮気味 (こうふんぎみ) = being somewhat excited (agitated); 奮撃 (ふんげき·0) = fierce attack; 孤軍奮闘 (こぐんふんとう·1) = fighting alone; 奮戦 (ふんせん·0) = hard fighting,彼は多少興奮した。,,彼(かれ) は 多少 興奮 為る(する),大 田 隹,"奪,衡,難"
奴,"fellow, guy, manservant, slave","ド; やっこ, やつ",奴隷制 (どれいせい) = (system of) slavery; 奴隷制度 (どれいせいど·4) = (system of) slavery; 奴国 (なこく) = Country of Na (a country that existed within Japan during the Yayoi period); 奴頭 (やっこあたま·4) = Edo-period hairstyle worn by samurai's attendants,卑屈な奴。,,卑屈 奴(やつ),女 又,"怒,努,皮"
如,"as if, best, better, equal, like, likeness, such as","ジョ, ニョ; ごと.し",薬師如来 (やくしにょらい·4) = Bhaisajyaguru (buddha able to cure all ills); 如菩薩 (にょぼさつ·2) = Buddha-like compassion; 多宝如来 (たほうにょらい) = Prabhutaratna (buddha),人生夢の如し。,,人生 夢 の 如し,口 女,"恕,娯,舌"
妃,"princess, queen",ヒ; きさき,親王妃 (しんのうひ) = Imperial princess; 白衣明妃 (びゃくえみょうひ) = Pandara; 王太子妃 (おうたいしひ) = crown princess; 王太妃 (おうたいひ) = crown princess; 皇太子妃 (こうたいしひ·5) = crown princess,宮殿には国王と王妃が住んでいる。,,宮殿 には 国王 と 王妃 が 住む,女 已,"巳,己,配"
妄,"delusion, reckless, unnecessarily, without authority","ボウ, モウ; みだ.りに","せん妄 (せんもう·0) = delirium; 妄心 (もうしん·0) = deluded mind (a mind polluted with klesha, incapable of understanding the original essence of things); 妄語戒 (もうごかい·3) = do not speak untruthfully (precept)",軽挙妄動を慎んでください。,,軽挙妄動 を 慎む 下さい,亡 女 亠,"忙,衣,亡"
妊,pregnancy,"ジン, ニン; はら.む, みごも.る",異常妊娠 (いじょうにんしん·4) = abnormal pregnancy; 避妊法 (ひにんほう) = contraceptive method or measures; 避妊ピル (ひにんピル) = contraceptive pill,不妊症です。,,不妊症 です,ノ 王 士 女,"任,廷,妙"
妙,"charming, delicate, excellent, exquisite, miracle, mystery, queer, strange","ビョウ, ミョウ; たえ","紅妙蓮寺 (べにみょうれんじ) = Camellia japonica 'Benimyorenji' (cultivar of common camellia); 妙見菩薩 (みょうけんぼさつ) = Myōken (bodhisattva;  deification of the North Star or the Big Dipper); 愛染妙王 (あいぜんみょうおう·7,5) = Ragaraja (esoteric school deity of love)",妙な音が聞こえた。,,妙 音(おと) が 聞こえる,ノ 女 小,"少,秒,省"
妥,"depravity, gentle, peace",ダ,妥協点 (だきょうてん·3) = (find) common (meeting) ground; 妥協案 (だきょうあん·2) = compromise plan,ついに父は妥協した。,,遂に 父 は 妥協 為る(する),女 爪,"媛,采,要"
妨,"disturb, hamper, obstruct, prevent",ボウ; さまた.げる,電波妨害 (でんぱぼうがい) = (electronic) jamming; 公妨 (こうぼう) = interference with a public servant in the execution of his or her duties,群集が通行を妨げた。,,群集 が 通行 を 妨げる,女 方,"防,訪,要"
姫,princess,"キ; ひめ, ひめ-",北川姫鱒 (きたかわひめます) = Arctic grayling (Thymallus arcticus); 篤姫 (あつひめ) = Atsuhime (TV series); 姫青木 (ひめあおき) = Aucuba japonica var. borealis (variety of Japanese laurel); 姫水鶏 (ひめくいな) = Baillon's crake (Porzana pusilla); 姫楮 (ひめこうぞ) = Broussonetia kazinoki (species of mulberry),姫路駅で降りなさい。,,駅 で(#2028980) 降りる 為さい,女 臣,"要,安,娘"
姻,"marry, matrimony",イン,婚姻適齢 (こんいんてきれい·5) = legal age of marriage; 婚姻法 (こんいんほう) = marriage laws; 婚姻届 (こんいんとどけ·5) = marriage registration; 婚姻色 (こんいんしょく·3) = nuptial coloration (colouration),２人は２月５日に婚姻届を出した。,,二人 は 二月(にがつ) 五日 に 婚姻届 を 出す,女 大 囗,"因,口,恩"
姿,"figure, form, shape",シ; すがた,低姿勢 (ていしせい·3) = (keeping a) low profile; 服姿 (ふくすがた) = (organizational) uniform; 幻姿 (げんし) = apparition; 姿勢制御 (しせいせいぎょ) = attitude control,姿勢を正しなさい。,,姿勢を正す 為さい,欠 女 冫,"次,羽,盗"
威,"dignity, intimidate, majesty, menace, threaten","イ; おど.かす, おど.し, おど.す","球威 (きゅうい·1) = (pitcher's) stuff; 科威都 (クウェイト) = Kuwait; 諾威 (ノルウェー) = Norway; 稜威言別 (いつのことわき) = Notes on the Songs of the Kojiki and the Nihonshoki (by Tachibana Moribe, 1850)",彼は刑法の権威だ。,,彼(かれ) は 刑法 の 権威 だ,ノ 女 戈 厂,"成,蔵,臓"
娠,"pregnancy, with child",シン,異常妊娠 (いじょうにんしん·4) = abnormal pregnancy; 過期妊娠 (かきにんしん) = post-term pregnancy,妊娠中ですか。,,妊娠 中(ちゅう) ですか,衣 女 辰 厂,"辰,震,辱"
娯,"pleasure, recreation",ゴ,娯楽街 (ごらくがい) = amusement quarter; 娯楽場 (ごらくじょう·0) = amusement spot; 娯楽室 (ごらくしつ·3) = recreation room; 娯楽施設 (ごらくしせつ) = amusement facilities; 娯楽番組 (ごらくばんぐみ) = amusement program,村には娯楽がない。,,村 には 娯楽 が 無い,口 女 ハ,"如,呉,只"
婆,"grandma, old woman, wet nurse","バ; ばあ, ばば",婆羅門教 (ばらもんきょう·0) = Brahmanism; 遣り手婆 (やりてばば·4) = brothel madam; 提婆 (だいば) = deva (being with god-like characteristics); 火車婆 (かしゃばば) = evil old hag,老婆が焼け死んだ。,,老婆 が 焼け死ぬ,汁 女 皮 又,"波,奴,皮"
婿,"bridegroom, son-in-law",セイ; むこ,婿入 (むこいり·0) = being adopted into the family of one's bride; 花嫁花婿 (はなよめはなむこ) = bride and groom; 乞婿 (こいむこ·3) = bridegroom who is loved by his bride; 相婿 (あいむこ) = brother-in-law; 王婿 (おうせい) = prince consort,彼の娘婿は完全に病気から回復した。,,彼(かれ) 娘婿 は 完全 病気 から 回復 為る(する),月 女 疋,"朋,腰,豚"
媒,"go-between, mediator",バイ; なこうど,触媒毒 (しょくばいどく) = (catalytic) poison; 助触媒 (じょしょくばい) = (catalytic) promoter; 広告媒体 (こうこくばいたい·5) = advertising media; 触媒 (しょくばい·0) = catalyst,空気は音の媒体だ。,,空気 は 音(おと) の 媒体 だ,甘 女 木,"某,謀,楼"
媛,"beautiful woman, princess",エン; ひめ,愛媛 (えひめ) = Ehime (prefecture); 愛媛県警 (えひめけんけい) = Ehime Prefectural Police (abbr); 愛媛県 (えひめけん) = Ehime Prefecture (Shikoku); 愛媛大学 (えひめだいがく) = Ehime University,,,,ノ 女 爪 又,"妥,奴,皮"
嫁,"bride, marry into","カ; い.く, とつ.ぐ, ゆ.く, よめ",惣嫁 (そうか) = (Edo period) streetwalker; 嫁菜 (よめな·0) = Aster yomena (Asiatic species of aster); 嫁が笠 (よめがかさ·4) = Cellana toreuma (species of limpet); 嫁が笠貝 (よめがかさがい) = Cellana toreuma (species of limpet); 深山嫁菜 (みやまよめな·4) = Miyamayomena savateri,責任を転嫁する。,,責任 を 転嫁 為る(する),女 宀 豕,"安,稼,案"
嫌,"detest, dislike, hate","ケン, ゲン; いや, きら.い, きら.う",美的嫌悪 (びてきけんお) = aesthetic aversion; 嫌気生物 (けんきせいぶつ) = anaerobe; 嫌気性 (けんきせい) = anaerobic,嫌だ！,,嫌 だ,｜ ヨ 女 ハ 并,"謙,廉,兼"
嫡,"direct descent (non-bastard), legitimate wife","チャク, テキ","嫡披 (ちゃくひ) = confidential letter; 廃嫡 (はいちゃく·0) = disinheritance; 嫡孫 (ちゃくそん·0) = eldest son's descendants; 非嫡出子 (ひちゃくしゅつし·1,4) = illegitimate child; 嫡出 (てきしゅつ·0) = legitimate birth",,,,口 十 女 并 立 亠 冂 滴,"適,摘,敵"
嬉,"glad, pleased, rejoice","キ; うれ.しい, たの.しむ",嬉笑 (きしょう·0) = happy laughter; 嬉しげ (うれしげ) = seeming happy; 嬉しょん (うれしょん) = (accidentally) peeing out of excitement; 嬉しそう (うれしそう) = delightful; 嬉し涙 (うれしなみだ·4) = happy tears,ああ嬉しい。,,嗚呼 嬉しい,口 士 女 豆 并,"喜,豆,如"
嬢,"Miss, daughter, girl, lass",ジョウ; むすめ,"嬢さん (とうさん·1) = daughter (of a good family); 老嬢 (ろうじょう·0,1) = elderly spinster; 耶嬢 (やじょう) = father and mother; ヘルス嬢 (ヘルスじょう) = female employee of a brothel-massage parlor",お嬢さんのお名前は？,,お嬢さん の 御(お) 名前 は,衣 女 ハ 亠,"六,醸,譲"
孔,"cavity, exceedingly, great, hole, slit, very","ク, コウ; あな",乙女孔雀 (おとめくじゃく) = Adiantum edgeworthii (species of maidenhair fern); 孔夫子 (こうふうし) = Confucius; 孔子 (くじ·0) = Confucius; 孔子学院 (こうしがくいん) = Confucius Institute; 孔孟 (こうもう·0) = Confucius and Mencius,孔子の言説は有名である。,,孔子 の 言説 は 有名 である,乙 子,"乳,礼,犯"
孟,"beginning, chief","ボウ, ミョウ, モウ; かしら",孔孟 (こうもう·0) = Confucius and Mencius; 孟女 (もうじょ·1) = eldest daughter; 御孟様 (おもうさま) = father; 孟宗 (もうそう) = moso bamboo (Phyllostachys pubescens),孟母三遷の教えなど持ち出して、子供のお受験での引っ越しを正当化しないでよ。,,孟母三遷 の 教え 等(など) 持ち出す 子供 の 御(お) 受験 で(#2028980) の 引っ越し を 正当化 為る(する) よ,皿 子,"猛,血,李"
孤,"alone, orphan",コ,"孤悲 (こい) = (romantic) love; 芽殖孤虫 (がしょくこちゅう) = Sparganum proliferum (species of worm); 天涯孤独 (てんがいこどく·0,1) = a person without a single relative; 孤軍奮闘 (こぐんふんとう·1) = fighting alone",彼は戦災孤児だ。,,彼(かれ) は 戦災孤児 だ,瓜 子,"李,弧,季"
宏,"large, wide",コウ; ひろ.い,"宏遠 (こうえん·0) = vast and far-reaching; 宏池会 (こうちかい) = Kōchikai (historically the most liberal faction of the Liberal Democratic Party); 宏弁 (こうべん·1,0) = fluency; 宏量 (こうりょう) = generous; 宏謨 (こうぼ) = great plan",,,,ノ 一 厶 宀,"雄,宥,宅"
宗,"denomination, essence, main point, origin, religion, sect","シュウ, ソウ; むね","世界宗教 (せかいしゅうきょう·4) = (major) world religion (i.e. Christianity, Buddhism, Islam); 宗教右派 (しゅうきょううは) = (the) religious right; 宗太鰹属 (そうだがつおぞく) = Auxis (genus of tuna); 南蛮宗 (なんばんしゅう) = Christianity",宗教は信じない。,,宗教 は 信じる,示 二 小 宀,"崇,綜,察"
宙,"air, interval of time, memorization, mid-air, sky, space",チュウ,宇宙空間 (うちゅうくうかん·4) = (outer) space,宇宙には限りはない。,,宇宙 には 限り(かぎり) は 無い,｜ 日 宀 田,"申,甲,由"
宜,"best regards, good","ギ; よろ.しい, よろ.しく",事宜 (じぎ·1) = fitting thing; 権禰宜 (ごんねぎ) = junior priest; 便宜結婚 (べんぎけっこん) = marriage for convenience; 好宜 (こうぎ·1) = warm friendship,お父さんに宜しく。,,お父さん に 宜しく,一 目 宀,"誼,且,貯"
宣,"announce, proclaim, say",セン; のたま.う,"街宣車 (がいせんしゃ) = (right-wing) propaganda truck; 宣言書 (せんげんしょ·0,5) = (written) declaration; 宣告書 (せんこくしょ) = (written) judgement or verdict (judgment); 宣誓書 (せんせいしょ·0) = (written) oath; 人間宣言 (にんげんせんげん) = Declaration of Humanity (wherein Hirohito renounced the imperial claim to divinity;  January 1, 1946)",さあ、宣伝だ。,,さあ 宣伝 だ,一 日 宀,"晋,旦,晶"
宥,"calm, pacify, soothe","ユウ; なだ.める, ゆる.す",宥和政策 (ゆうわせいさく·4) = appeasement policy; 贖宥 (しょくゆう·0) = indulgence (in the Catholic Church); 贖宥状 (しょくゆうじょう·0) = indulgence (religious); 宥恕 (ゆうじょ·1) = forgiveness,彼女は彼を宥めすかして機嫌を直させた。,,彼女 は 彼(かれ) を 宥め賺す 機嫌を直す,ノ 一 月 宀,"郁,宏,宅"
宮,"Shinto shrine, constellations, palace, princess","キュウ, ク, クウ, グウ; みや","宮付き (みやつき) = (bed) having a headboard with built-in shelves, drawers, etc.; 宮人 (みやびと·0) = (noble) courtier; 宮寺 (ぐうじ·1) = Buddhist temple within a Shinto shrine; 東宮御所 (とうぐうごしょ) = Crown Prince's Palace",子供は子宮に従う。,,子供 は 子宮 に 従う,口 宀 ノ,"呂,史,舌"
宰,"manager, rule, superintend",サイ,"冢宰 (ちょうさい·0) = Minister of State (Zhou dynasty China); 大宰府 (だざいふ·2) = dazaifu (under the ritsuryō system, governmental office with jurisdiction over Kyushu, Iki and Tsushima); 大宰帥 (おおみこともちのかみ) = director of the dazaifu (ritsuryō system)",太宰治は、自殺した。,,は 自殺 為る(する),十 辛 立 宀,"辛,梓,幸"
宴,"banquet, feast, party",エン; うたげ,"宴楽 (えんがく·0,1) = Ancient Chinese banquet music; 饗宴 (きょうえん·0) = Symposium (book by Plato); 賀宴 (がえん·1,0) = banquet; 宴会場 (えんかいじょう) = banquet hall; 球宴 (きゅうえん·0) = baseball all-star game",彼らは祝宴を催した。,,彼ら(かれら) は 祝宴 を 催す,女 日 宀,"晏,安,晶"
宵,"early night, evening, wee hours",ショウ; よい,宵越し (よいごし·0) = (kept) overnight; 春宵一刻 (しゅんしょういっこく) = a moment of time in a spring evening (is worth a thousand pieces of gold); 終宵 (しゅうしょう·0) = all-night long; 宵待草 (よいまちぐさ·4) = evening primrose,まだ宵の口だ。,,未だ 宵の口 だ,月 尚 宀,"肖,朋,脳"
寂,"death of a priest, loneliness, mature, mellow, quietly","ジャク, セキ; さび, さび.しい, さび.れる, さみ.しい",閑寂枯淡 (かんじゃくこたん) = aesthetic sense in Japanese art emphasising quiet simplicity and subdued refinement; 示寂 (じじゃく·0) = death of a high-ranking priest; 涅槃寂静 (ねはんじゃくじょう) = enlightenment leads to serenity; 寂滅為楽 (じゃくめついらく·5) = freedom from one's desires (entry into Nirvana) is true bliss; 常寂光土 (じょうじゃっこうど·5) = land of eternally tranquil light (highest realm in Tendai Buddhism),寂しいわ。,,寂しい わ,小 卜 又 宀,"叔,督,淑"
寅,"3-5AM, sign of the tiger, third sign of Chinese zodiac",イン; とら,"戊寅 (つちのえとら·0) = Earth Tiger (15th term of the sexagenary cycle, e.g. 1938, 1998, 2058); 丙寅 (ひのえとら) = Fire Tiger (3rd term of the sexagenary cycle, e.g. 1926, 1986, 2046); 庚寅 (かのえとら) = Metal Tiger (27th term of the sexagenary cycle, e.g. 1950, 2010, 2070); 壬寅 (じんいん·0) = Water Tiger (39th term of the sexagenary cycle, e.g. 1902, 1962, 2022); 甲寅 (きのえとら) = Wood Tiger (51st term of the sexagenary cycle, e.g. 1914, 1974, 2034)",,,,田 ハ 宀 一,"演,黄,異"
密,"carefulness, density (pop), minuteness, secrecy",ミツ; ひそ.か,"枢密院 (すうみついん·4) = Privy Council (abolished in 1947);  February 11, 1945); 密事 (みつじ·1) = a secret; 極密 (ごくみつ) = absolute secrecy",秘密が漏れた。,,秘密 が 漏れる,ノ 山 心 丶 宀,"必,秘,泌"
寛,"be at ease, broadminded, feel at home, generosity, leniency, relax, tolerant","カン; くつろ.ぐ, ひろ.い, ゆる.やか",長寛 (ちょうかん) = Chōkan era (1163.3.29-1165.6.5); 寛永 (かんえい·0) = Kan'ei era (1624.2.30-1644.12.16); 寛延 (かんえん·1) = Kan'en era (1748.7.12-1751.10.27); 寛文 (かんぶん·0) = Kanbun era (1661.4.25-1673.9.21); 寛元 (かんげん) = Kangen era (1243.2.26-1247.2.28),敵に対して寛大だ。,,敵(てき) に対して 寛大 だ,見 宀 艾,"莞,蓉,視"
寡,"few, minority, widow",カ,温厚寡黙 (おんこうかもく) = gentle and reticent; 寡産 (かさん) = low fecundity; 寡人 (かじん·1) = my humble self; 寡頭制 (かとうせい·0) = oligarchy; 寡頭政治 (かとうせいじ·4) = oligarchy,かつての彼は寡黙な男だった。,,嘗て の 彼(かれ) は 寡黙 男(おとこ) だ,一 自 刀 ハ 宀,"分,寅,初"
寧,"peaceful, preferably, quiet, rather, tranquility",ネイ; むし.ろ,遼寧省 (りょうねいしょう) = Liaoning Province (China); 遼寧大学 (りょうねいだいがく) = Liaoning University; 南寧 (なんねい) = Nanning (China); 寧波 (ねいは) = Ningbo (China),彼はばか丁寧だ。,,彼(かれ) は 馬鹿 丁寧 だ,一 心 買 亅 宀 皿,"了,丁,血"
審,"hearing, judge, trial","シン; つぶさ.に, つまび.らか",行革審 (ぎょうかくしん) = (abbr) Administrative Reform Commission (1983); 中教審 (ちゅうきょうしん) = (abbr) Central Council for Education; 本審査 (ほんしんさ) = (actual) screening (as opposed to prescreening),審判の判定は絶対だ。,,審判 の 判定 は 絶対 だ,田 釆 米 宀,"番,藩,翻"
寮,"dormitory, hostel, tea pavillion, villa",リョウ,大炊寮 (おおいづかさ) = Bureau of the Imperial Palace Kitchens (under the ritsuryō system); 玄蕃寮 (げんばりょう·3) = The Agency for Buddhists and Foreigners (ritsuryō system); 花嫁御寮 (はなよめごりょう·5) = bride; 社員寮 (しゃいんりょう) = company dormitory; 寮舎 (りょうしゃ·1) = dormitory,寮生活には慣れましたか。,,寮(りょう) 生活 には 慣れる か,小 日 并 大 宀,"遼,瞭,療"
寸,"a little, measurement, small, tenth of a shaku",スン,忌寸 (いみき) = Imiki (fourth highest of the eight hereditary titles); 寸秒 (すんびょう·0) = a moment; 寸地 (すんち) = an inch of ground; 寸土 (すんど·1) = an inch of land,一寸先は闇。,,一寸先 は 闇,,
射,"archery, onto, shine into, shoot","シャ; い.る, う.つ, さ.す","発射筒 (はっしゃとう) = (grenade, etc.) launcher",彼は射殺された。,,彼(かれ) は 射殺 為れる,身 寸,"謝,討,耐"
尉,"jailer, military officer, old man, rank","イ, ジョウ",空軍大尉 (くうぐんたいい) = air force captain; 上級准尉 (じょうきゅうじゅんい) = chief warrant officer; 白額尉鶲 (しろびたいじょうびたき) = common redstart (Phoenicurus phoenicurus); 二尉 (にい) = first lieutenant (JGSDF),少佐は大尉の上官である。,,少佐 は 大尉 の 上官 である,示 二 小 寸 尸,"慰,示,禁"
尋,"fathom, inquire, look for","ジン; たず.ねる, ひろ",臨床尋問 (りんしょうじんもん·5) = clinical examination; 反対尋問 (はんたいじんもん·5) = cross-examination; 強化尋問 (きょうかじんもん) = enhanced interrogation (e.g. waterboarding as used by the CIA); 人定尋問 (じんていじんもん·5) = establishing the identity of a witness,彼は私に尋ねた。,,彼(かれ) は 私(わたし) に 尋ねる,ヨ 口 工 寸,"舌,石,君"
尚,"esteem, furthermore, still, yet",ショウ; なお,尚書省 (しょうしょしょう·3) = Department of State Affairs (Tang dynasty China); 尚絅大学 (しょうけいだいがく) = Shokei University; 尚氏 (しょうし) = Shō clan (royal family of the Ryukyu Kingdom),彼は趣味が高尚です。,,彼(かれ) は 趣味 が 高尚 です,口 冂,"向,高,過"
尭,"far, high",ギョウ; たか.い,尭々 (ぎょうぎょう) = high (as of a mountain),,,,十 儿 廾 一,"干,暁,汁"
就,"concerning, depart, per, settle, study, take position","シュウ, ジュ; つ.く, つ.ける",就実大学 (しゅうじつだいがく) = Shujitsu University; 就寝時間 (しゅうしんじかん) = bedtime; 就職指導 (しゅうしょくしどう) = career counseling (counselling); 就学義務 (しゅうがくぎむ·5) = compulsory school attendance,就職が内定した。,,就職 が 内定 為る(する),口 小 丶 亠 尤 尢,"諒,涼,椋"
尺,"Japanese foot, measure, rule, scale, shaku","シャク, セキ; さし",九尺二間 (くしゃくにけん·4) = (tiny) house about nine feet wide and 12 feet deep; 大尺鷸 (だいしゃくしぎ·5) = Eurasian curlew (Numenius arquata); 高麗尺 (こまじゃく·2) = Korean shaku (approx. 35.6 cm); 享保尺 (きょうほうじゃく·3) = Kyōhō shaku (approx. 30.36 cm); 又四郎尺 (またしろうじゃく·4) = Matashirō shaku (approx. 30.26 cm),人は万物の尺度である。,,人(ひと) は 万物 の 尺度 である,尸 丶,"尽,訳,沢"
尼,nun,ニ; あま,阿耆尼 (あぎに) = Agni (Vedic god of fire); 荼枳尼 (だきに) = Dakini (fairy-goddess); 馬尼剌 (マニラ) = Manila (Philippines),尼僧はお祈りをして十字を切った。,,尼僧 は お祈り を 為る(する) 十字を切る,匕 尸,"泥,老,化"
尽,"befriend, deplete, exhaust, run out of, serve, use up","サン, ジン; -ず.く, -づ.く, ことごと.く, つ.かす, つ.きる, つ.くす",承知尽く (しょうちずく) = acting on mutual agreement; 尽滅 (じんめつ·0) = annihilation; 漏尽通 (ろじんつう) = extinction of contamination (one of the six supernormal Buddhist powers),力が尽きた。,,力(ちから) が 尽きる,尸 丶,"尺,訳,沢"
尾,"counter for fish, end, lower slope of mountain, tail",ビ; お,"尾花 (おばな·1) = (ear of) Japanese pampas grass; 尾根 (おね·1,2) = (mountain) ridge; 水虎の尾 (みずとらのお·5) = Eusteralis yatabeana (species of plant in the mint family); 禿尾土竜 (ちびおもぐら) = Himalayan mole (Euroscaptor micrura)",尻尾のない猫もいる。,,尻尾 之(の) 無い 猫(ねこ) も 居る(いる),毛 尸,"戸,局,尿"
尿,urine,"ニョウ; いばり, しと, ゆばり",尿嚢 (にょうのう·0) = allantoic bladder; 尿膜 (にょうまく·1) = allantois; 無尿 (むにょう·0) = anuria,糖尿病なんです。,,糖尿病 なんです,水 尸,"泉,永,氷"
屈,"bend, flinch, submit, yield","クツ; かが.む, かが.める","屈曲位 (くっきょくい) = Viennese oyster (sexual position); 屈折角 (くっせつかく·4,3) = angle of refraction; 屈折軸 (くっせつじく) = axis of refraction; 前屈 (ぜんくつ·0) = bend forward",卑屈な奴。,,卑屈 奴(やつ),｜ 山 尸 凵,"掘,堀,出"
展,"expand, unfold",テン,帝展 (ていてん·1) = Imperial Academy art exhibition,展示会を見てきました。,,展示会 を 見る 来る(くる),｜ 衣 一 二 尸,"戸,三,霊"
属,"affiliated, belong, genus, subordinate official","ショク, ゾク; さかん, つく, やから","所属 (しょぞく·0) = belonging to, attached; 金属 (きんぞく·1) = metal; 付属 (ふぞく·0) = affiliated; 従属 (じゅうぞく·0) = subordinate",酸は金属を侵す。,,酸(さん) は 金属 を 侵す,ノ 尸 禹,"嘱,倉,塀"
履,"boots, complete, footgear, perform, put on (the feet), shoes",リ; は.く,"草履虫 (ぞうりむし·3) = Paramecium spp. (esp. Paramecium caudatum); 承認履歴 (しょうにんりれき) = approval log; 履修登録 (りしゅうとうろく) = course registration (university, etc.)",靴を履いて。,,靴 を 履く,日 夂 尸 彳 乞,"覆,復,複"
屯,"barracks, camp, police station, ton",トン; たむろ,"載貨屯数 (さいかとんすう) = deadweight tonnage; 屯服 (とんぷく·0,1) = dose of medicine to be taken only once; 屯服薬 (とんぷくやく·4) = dose of medicine to be taken only once; 屯田 (とんでん·0) = colonization; 屯食 (とじき) = egg-shaped glutinous rice ball (Heian, Kamakura periods)",,,,ノ 乙 凵,"礼,凹,凶"
岐,"arena, branch off, fork in road, scene, theater","キ, ギ","岐阜 (ぎふ·0) = Gifu (city, prefecture)",話は多岐にわたった。,,話(はなし) は 多岐にわたる,山 支 又 十,"支,肢,枝"
岬,"cape, headland, promontory, spit",コウ; みさき,岬 (みさき·0) = cape (on coast); 岬角 (こうかく·0) = anat promontory; 岬湾 (こうわん·0) = capes and bays,その船は岬を回った。,,其の 船(ふね) は 岬(みさき) を 回る(まわる),｜ 山 日 田 凵,"申,甲,由"
岳,"mountain, peak, point",ガク; たけ,"山岳賞 (さんがくしょう) = King of the Mountains (cycling, esp. Tour de France); 富岳 (ふがく·1) = Mount Fuji; 山岳病 (さんがくびょう·0) = altitude sickness",北岳に登るつもりです。,,に 登る 積もり です,山 斤 一,"丘,兵,浜"
峠,"(kokuji), climax, crest, mountain pass, mountain peak",とうげ,大菩薩峠 (だいぼさつとうげ) = The Sword of Doom (1966 film); 碓氷峠 (うすいとうげ) = Usui Pass; 峠越え (とうげごえ) = crossing a mountain pass; 峠道 (とうげみち) = road over a mountain pass,ブームは峠を越した。,,ブーム は 峠を越す,｜ 一 山 卜,"下,上,峰"
峡,"gorge, ravine","キョウ, コウ; はざま",英仏海峡 (えいふつかいきょう) = English Channel; 関門海峡 (かんもんかいきょう) = Kanmon Straits (between Honshu and Kyushu); 台湾海峡 (たいわんかいきょう) = Straits of Taiwan,その海峡に長い橋を建設中です。,,其の 海峡 に 長い 橋(はし) を 建設中 です,山 人 大 二 并 亠,"夫,狭,挟"
峰,"peak, summit","ホウ; ね, みね",群峰 (ぐんぽう·0) = (the many peaks of a) mountain range; 喜望峰 (きぼうほう) = Cape of Good Hope; 峰不二子 (みねふじこ) = Fujiko Mine (Lupin III); 峰桜 (みねざくら·3) = Japanese alpine cherry (Prunus nipponica); 夜糞峰榛 (よぐそみねばり·4) = Japanese cherry birch (Betula grossa),その峰は雲の上にそびえている。,,其の 峰 は 雲の上 に 聳える,｜ 一 山 夂,"峠,両,崎"
峻,"high, steep","シュン; けわ.しい, たか.い",峻下剤 (しゅんげざい·3) = drastic aperient; 峻別 (しゅんべつ·0) = rigorous distinction; 峻拒 (しゅんきょ·1) = refusing flatly; 峻刻 (しゅんこく·0) = severe (personality); 峻嶮 (しゅんけん·0) = steep,「事実」と「意見」を峻別するということは重要なことだと思います。,,事実 と 意見 を 峻別 為る(する) と 言う 事(こと) は 重要 事(こと) だ と 思う,山 儿 厶 夂,"允,酸,竣"
崇,"adore, respect, revere, worship",スウ; あが.める,"崇城大学 (そうじょうだいがく) = Sojo University; 祖先崇拝 (そせんすうはい·4) = ancestor worship; 樹木崇拝 (じゅもくすうはい·1,4) = dendrolatry (worship of trees); 天皇崇拝 (てんのうすうはい) = emperor worship; 呪物崇拝 (じゅぶつすうはい·1,4) = fetishism",アンには崇拝者が多い。,,には 崇拝者 が 多い,山 示 二 小 宀,"宗,示,綜"
崎,"cape, promontory, spit","キ; さい, さき, みさき","長崎揚羽 (ながさきあげは) = Great Mormon (species of swallowtail butterfly, Papilio memnon); 柏崎刈羽 (かしさきかりわ) = Kashiwazaki Kariwa; 川崎電気 (かわさきでんき) = Kawaden Corporation; 川崎 (かわさき) = Kawasaki (city)",川崎には工場が多い。,,には 工場 が 多い,口 山 大 ｜ 一,"亜,器,中"
崚,mountains towering in a row,リョウ,"崚 (りょう) = towering, lofty peaks (used mainly in proper names)",,,,山 土 儿 夂,"陵,稜,峻"
崩,"crumble, demolish, die, level","ホウ; -くず.れ, くず.す, くず.れる",α崩壊 (アルファほうかい·4) = alpha decay; β崩壊 (ベータほうかい·4) = beta decay,床が崩壊した。,,床(ゆか) が 崩壊 為る(する),月 山,"朋,豚,脹"
嵐,"storm, tempest",ラン; あらし,嵐が丘 (あらしがおか) = Wuthering Heights (novel by Emily Bronte); 宇宙線嵐 (うちゅうせんあらし) = cosmic ray storm; 磁気嵐 (じきあらし·3) = magnetic storm; 夜嵐 (よあらし·2) = night storm; 政界の嵐 (せいかいのあらし) = political storm,嵐が起こった。,,嵐 が 起こる,山 風,"崩,仙,端"
嵩,"be aggravated, grow bulky, grow worse, swell","シュウ, スウ; かさ, かさ.む, たか.い",嵩密度 (かさみつど) = bulk density; 気嵩 (きがさ·0) = having a competitive spirit; 荷嵩み (にがさみ) = glut; 嵩高 (すうこう·0) = lofty (of a mountain); 嵩 (かさ·2) = bulk,箱のまま持ってくると嵩張るから、袋に入れ替えて持ってきたんだ。,,箱 の 儘 持つ と 嵩張る から 袋(ふくろ) に 入れ替える 持つ のだ,口 高 山 亠 冂,"高,稿,尚"
嵯,"craggy, rugged, steep","サ, シ",嵯峨 (さが·1) = precipitous,家名を嵯峨と改姓したのは明治３年でした。,,家名 を と 改姓 為る(する) の は 明治 年(ねん) です,ノ 王 工 山 并 羊,"瑳,差,羊"
嶺,"peak, summit","リョウ, レイ; みね",海嶺 (かいれい·0) = (submarine) ridge; 高嶺苦菜 (たかねにがな) = Ixeris dentata var. alpicola (mountain flower in the dandelion family); 高嶺桜 (たかねざくら·4) = Japanese alpine cherry (Prunus nipponica); 高嶺鷺草 (たかねさぎそう) = Platanthera maximowicziana (species of orchid); 高嶺七竃 (たかねななかまど) = Siberian mountain ash (Sorbus sambucifolia),そんなことは私には高嶺の花です。,,そんな 事(こと) は 私(わたし) には 高嶺の花 です,貝 目 ハ 山 頁 个 卩 一,"領,頂,買"
巌,"boulder, crag, rock","ガン; いわ, いわお, けわ.しい",巌窟王 (がんくつおう) = The Count of Monte Cristo (novel by Alexandre Dumas); 巉巌 (ざんがん·0) = near-vertical cliff or peak; 碧巌録 (へきがんろく) = Blue Cliff Record; 巌々とした (がんがんとした) = craggy; 巌 (いわお·0) = huge rock,,,,山 耳 尚 厂 攵 乞,"厳,敢,微"
巡,"circumference, go around, patrol","ジュン; めぐ.り, めぐ.る","巡狩 (じゅんしゅ·0,1) = Imperial visit; 巡遊 (じゅんゆう·0) = a tour; 巡覧 (じゅんらん·0) = a tour",お巡りがやってきたぞ。,,お巡り が やって来る ぞ,込 巛,"連,逐,退"
巣,"cobweb, den, hive, nest, rookery","ソウ; す, す.くう",懸け巣 (かけす·0) = Eurasian jay (Garrulus glandarius); 瑠璃懸巣 (るりかけす·3) = Lidth's jay (Garrulus lidthi); 青懸巣 (あおかけす) = blue jay (Cyanocitta cristata); 営巣 (えいそう·0) = building a nest,空巣にやられた。,,空巣 に 遣る,尚 田 木,"課,裸,菓"
巧,"adroit, ingenuity, skilled","コウ; うま.い, たく.み, たく.む","乞巧奠 (きこうでん·2) = Festival to Plead for Skills (progenitor festival of Tanabata); 精妙巧緻 (せいみょうこうち) = exquisite and elaborate; 繊巧 (せんこう·0) = fine workmanship; 巧言 (こうげん·0,3) = flattery",巧言令色少なし仁。,,巧言令色 少ない 仁,工 一 勹,"朽,左,号"
己,self,"キ, コ; おのれ, つちのと, な","自己負担 (じこふたん) = (at) one's own expense; 己亥 (きがい) = Earth Boar (36th term of the sexagenary cycle, e.g. 1959, 2019, 2079); 己丑 (きちゅう·0) = Earth Ox (26th term of the sexagenary cycle, e.g. 1949, 2009, 2069); 己卯 (きぼう·0) = Earth Rabbit (16th term of the sexagenary cycle, e.g. 1939, 1999, 2059); 己酉 (きゆう) = Earth Rooster (46th term of the sexagenary cycle, e.g. 1909, 1969, 2029)",自己紹介します。,,自己紹介 為る(する),已,"巳,配,記"
巳,"9-11AM, sign of the snake or serpent, sixth sign of Chinese zodiac",シ; み,"己巳 (きし·1,2) = Earth Snake (6th term of the sexagenary cycle, e.g. 1929, 1989, 2049); 丁巳 (ていし) = Fire Snake (54th term of the sexagenary cycle, e.g. 1917, 1977, 2037); 辛巳 (かのとみ) = Metal Snake (18th term of the sexagenary cycle, e.g. 1941, 2001, 2061); 癸巳 (きし) = Water Snake (30th term of the sexagenary cycle, e.g. 1953, 2013, 2073); 乙巳 (いっし) = Wood Snake (42nd term of the sexagenary cycle, e.g. 1905, 1965, 2025)",克巳は自分の思い通りにするのが許されないと、すぐ腹をたてる。,,は 自分 の 思い通り に 為る(する) の が 許す と 直ぐ 腹を立てる,已,"己,配,記"
巴,comma-design,"ハ; うずまき, ともえ","阿里巴巴 (アリババ) = Alibaba; 巴格達 (バグダード) = Baghdad (Iraq); 巴鴨 (ともえがも·4) = Baikal teal (species of dabbling duck, Anas formosa); 欧羅巴 (ヨーロッパ) = Europe; 日巴拉太 (ジブラルタル) = Gibraltar",,,,乙 已,"礼,巳,己"
巽,southeast,ソン; たつみ,"巽位 (そんい) = southeast; 巽 (たつみ·0) = southeast; 巽 (そん·1) = xun (one of the trigrams of the I Ching: wind, southeast)",,,,｜ 一 二 ハ 已,"共,選,洪"
帆,sail,ハン; ほ,"帆風 (バンフー) = Vanfu, Inc. (printing company founded in 1980); 風帆船 (ふうはんせん·0) = Western style sailboat; 縦帆 (じゅうはん) = fore-and-aft sail; 帆綱 (ほづな·0,1) = halyard",彼は順風満帆だ。,,彼(かれ) は 順風満帆 だ,巾 丶 几,"凡,恐,築"
帝,"creator, god, sovereign, the emperor",テイ; みかど,第一帝政 (だいいちていせい) = (French) First Empire; 第二帝政 (だいにていせい) = (French) Second Empire; 大英帝国 (だいえいていこく) = British Empire,帝国の逆襲。,,帝国 の 逆襲,巾 并 立 亠 冖,"締,傍,衣"
帥,"commander, governor, leading troops",スイ,マ元帥 (マげんすい) = General Douglas MacArthur; 元帥府 (げんすいふ·3) = Supreme Military Council (1898-1945); 巨帥 (きょすい) = chief of bandits; 将帥 (しょうすい·0) = commander,,,,｜ 巾 口,"師,中,舌"
帳,"account book, album, curtain, net, notebook, tent, veil",チョウ; とばり,"大福帳 (だいふくちょう·0) = (Edo-period) account book; 帳元 (ちょうもと·0,4) = (business) manager; 便利帳 (べんりちょう) = (convenience) guide; 過去帳 (かこちょう·0) = (family) death register",電話帳はどこ？,,電話帳 は 何処,巾 長,"脹,張,錦"
幕,"act of play, bunting, curtain","バク, マク; とばり",一幕物 (ひとまくもの·0) = (a) one-act play; 映写幕 (えいしゃまく·3) = (projection) screen; 幕内十年 (まくうちじゅうねん) = 10 year career in the highest division is enough for anyone; 幕下上位 (まくしたじょうい) = 30 highest ranked makushita wrestlers,幕が下りた。,,幕 が 降りる,巾 大 日 艾,"暮,菖,膜"
幣,"Shinto offerings of cloth, bad habit, cash, cut paper, gift, humble prefix, rope",ヘイ; ぬさ,商品貨幣 (しょうひんかへい) = commodity money; 贋造紙幣 (がんぞうしへい) = counterfeit paper money; 貨幣価値 (かへいかち·4) = currency value,紙幣が合計５０枚になる。,,紙幣 が 合計 枚(まい) になる,巾 并 冂 攵 乞,"弊,敵,竹"
幹,"capability, main part, talent, tree trunk",カン; みき,鬼の矢幹 (おにのやがら·4) = Gastrodia elata (species of saprophytic orchid),鉄鋼は基幹産業である。,,鉄鋼 は 基幹産業 である,干 十 日 个,"汁,晶,昌"
幻,"apparition, dream, illusion, phantasm, vision",ゲン; まぼろし,"幻冬舎 (げんとうしゃ) = Gentosha Inc.; 夢幻泡影 (むげんほうよう) = a dream, an illusion, a bubble, a shadow (metaphor for the transience of life); 幻姿 (げんし) = apparition; 幻聴 (げんちょう·0) = auditory hallucination",幻覚が見えると言っている。,,幻覚 が 見える(みえる) と 言う,幺,"糸,玄,幼"
幽,"calm, confine to a room, dark, deep, faint, profound, seclude, secluded, tranquil","ユウ; かす.か, くら.い, しろ.い, ふか.い",幽霊烏賊 (ゆうれいいか·3) = Chiroteuthis imperator (species of squid); 幽趣 (ゆうしゅ·1) = a quiet (natural) setting; 幽勝 (ゆうしょう) = beautiful and quiet scene; 幽霊社員 (ゆうれいしゃいん) = bogus (phantom) employee; 帰幽 (きゆう) = death,幽霊は存在する。,,幽霊 は 存在 為る(する),｜ 凵 幺,"幻,凹,出"
庄,"hamlet, in the country, level, manor, village","ショウ, ソ, ソウ, ホウ","庄屋 (しょうや·0,3) = village headman (esp. in the Kansai region); 庄 (しょう·1) = manor; 庄屋拳 (しょうやけん) = shōya-ken; 村庄 (そんしょう) = village; 庄官 (しょうかん) = administrator of a manor",,,,土 广,"座,圭,麻"
序,"beginning, chance, incidentally, occasion, order, precedence, preface","ジョ; つい.で, ついで","社会秩序 (しゃかいちつじょ·5,4) = (maintain, observe) social (public) order; 整序 (せいじょ·1) = arranging in order; 序歯 (じょし) = arranging seats by seniority; 自序 (じじょ·1) = authors preface; 頭状花序 (とうじょうかじょ·5) = capitulum (inflorescence)",警察は秩序を保ちます。,,警察 は 秩序 を 保つ,子 广 亅 マ 一,"庁,予,了"
庶,"all, bastard, commoner",ショ,"庶民院 (しょみんいん) = House of Commons (UK, Canada); 凡庶 (ぼんしょ·1) = common people; 庶民劇 (しょみんげき) = drama of ordinary people; 庶務 (しょむ·1) = general affairs; 庶務課 (しょむか) = general affairs section",彼女は庶務課に所属している。,,彼女 は 庶務課 に 所属 為る(する),广 杰,"薦,馬,遮"
康,"ease, peace",コウ,健康状態 (けんこうじょうたい) = (the condition of) one's health,彼は健康だ。,,彼(かれ) は 健康 だ,ヨ 水 广 隶,"録,逮,禄"
庸,"commonplace, employment, ordinary",ヨウ,庸人 (ようじん·0) = common man; 庸才 (ようさい·0) = mediocre talent; 庸君 (ようくん·1) = stupid ruler; 租庸調 (そようちょう·2) = corvee; 付庸 (ふよう·0) = dependency,何事にも中庸。,,何事 にも 中庸,ヨ 用 广 聿,"康,廉,麻"
廃,"abandon, abolish, cessation, discarding, obsolete","ハイ; すた.る, すた.れる","ツイ廃 (ツイはい) = Twitter addict; 廃社 (はいしゃ) = abandoned Shinto shrine; 廃城 (はいじょう·0) = abandoned castle; 廃山 (はいざん·0) = abandoned mine; 廃仏毀釈 (はいぶつきしゃく·5,0) = abolish Buddhism, destroy Shākyamuni (slogan of anti-Buddhist movement at the beginning of the Meiji era)",彼は廃屋に隠れた。,,彼(かれ) は 廃屋 に 隠れる,二 儿 广 癶,"完,莞,祭"
廉,"account, bargain, charge, cheap, contented, honest, low price, peaceful, point, purity, reason, rested, suspicion",レン,廉売 (れんばい·0) = bargain sale; 不当廉売 (ふとうれんばい·4) = dumping; 破廉恥罪 (はれんちざい·4) = infamous crime or offense (offence); 廉価品 (れんかひん) = low-priced goods; 廉恥 (れんち·1) = sense of honour (honor),もっと安い廉価版はないのですか。,,もっと 安い 廉価版 は 無い のです か,｜ ヨ ハ 广 并,"謙,嫌,兼"
廊,"corridor, hall, tower",ロウ,側廊 (そくろう·0) = aisle (of a church); 在廊 (ざいろう) = being present in a gallery (esp. artist at own exhibition); 回廊地帯 (かいろうちたい) = corridor (belt of land); 中門廊 (ちゅうもんろう·3) = corridor connecting an annex to a pond-side building (in traditional palatial-style architecture),彼はよく画廊に足を運んだ。,,彼(かれ) は 良く 画廊 に 足を運ぶ,艮 邦 广,"郎,良,郷"
廷,"courts, government office, imperial court",テイ,朝廷 (ちょうてい·0) = Imperial Court; 閉廷 (へいてい·0) = adjourning court,法廷は来週開廷される。,,法廷 は 来週 開廷 為れる,王 廴 士,"艇,庭,妊"
弁,"braid, conical cap, dialect, discrimination, dispose of, distinguish, petal, speech, valve","ヘン, ベン; あらそ.う, かんむり, はなびら, わ.ける, わきま.える",日弁連 (にちべんれん) = (abbr) Japan Federation of Bar Associations; 花弁 (かべん·0) = (flower) petal; 弁天 (べんてん·0) = Benten (goddess of arts and wisdom),勘弁してくれ。,,勘弁 為る(する) 呉れる,厶 廾,"払,戒,弘"
弊,"abuse, breakage, evil, vice",ヘイ,時代の弊 (じだいのへい) = abuses of the times; 百弊 (ひゃくへい·0) = all evils; 積弊 (せきへい·0) = deep-rooted evil; 弊風 (へいふう·0) = evil or corrupt or abusive practice; 時弊 (じへい·0) = evils of the times,それは語弊がある。,,其れ は 語弊 が 有る,｜ 巾 尚 并 冂 廾 攵 乞,"幣,竹,脩"
弐,"II, second, two","ジ, ニ; そえ, ふた.つ","弐つ (ふたつ·(副)0,(名)3) = two; 副弐 (ふくじ) = secondary (thing); 疑弐 (ぎじ) = doubt",,,,一 弋 二,"三,天,亘"
弓,"bow, bow (archery, violin)",キュウ; ゆみ,"弓術 (きゅうじゅつ·0,1) = (Japanese) archery; 双弓亜綱 (そうきゅうあこう) = Diapsida (class of amniotes); 真弓 (まゆみ·0,1) = Japanese spindle tree (Euonymus sieboldianus); 竜弓類 (りゅうきゅうるい) = Sauropsida (branch of amniotes that includes reptiles, birds and non-avian dinosaurs); 単弓綱 (たんきゅうこう) = Synapsida (class of amniotes)",この弓は張りが強いです。,,此の 弓 は 張り(はり) が 強い(つよい) です,,
弔,"condolences, funeral, mourning","チョウ; とぶら.う, とむら.う",弔砲 (ちょうほう·0) = artillery funeral salute; 弔慰金 (ちょういきん·0) = condolence money; 慶弔 (けいちょう·0) = congratulations and condolences; 弔文 (ちょうぶん·0) = funeral address; 弔花 (ちょうか·1) = funeral flowers,,,,｜ 弓,"沸,費,悌"
弘,"broad, vast, wide","グ, コウ; ひろ.い","弘誓 (ぐぜい·0,1) = Buddha's great vows; 元弘 (げんこう) = Genkō era (1331.8.9-1334.1.29); 弘前 (ひろさき) = Hirosaki (city in Aomori); 弘前大学 (ひろさきだいがく) = Hirosaki University",弘法筆を選ばず。,,NI 筆 を 選ぶ,弓 厶,"払,張,弧"
弥,"all the more, increasingly","ビ, ミ; いや, いよ.いよ, や, わた.る",弥撒 (ミサ) = (Catholic) Mass; 阿弥陀仏 (あみだぶつ·3) = Amitabha; 弥陀 (みだ·0) = Amitabha; 弥勒仏 (みろくぶつ) = Maitreya; 須弥山 (しゅみせん·2) = Mount Sumeru (believed to be the centre of the Buddhist world),僕の名は弥太郎です。,,僕(ぼく) の 名(な) は です,ノ 弓 亅 小 乞,"少,竹,称"
弦,"bowstring, chord, hypotenuse",ゲン; つる,"擦弦楽器 (さつげんがっき) = bowed stringed instrument; 弓弦 (ゆづら·1,0) = bowstring; 弦線 (げんせん) = catgut",管弦楽団は郷愁に満ちた音楽を演奏し始めた。,,管弦楽団 は 郷愁 に 満ちる 音楽 を 演奏 し始める,弓 玄 亠 幺,"玄,畜,衣"
弧,"arc, arch, bow",コ,琉球弧 (りゅうきゅうこ) = Ryukyu archipelago; 弧形 (こけい) = arc; 弧 (こ·1) = arc; 円弧 (えんこ·1) = arc; 弧線 (こせん·0) = arc (of a circle),要素ＣとＤは弧の生成には無関係なので排除することができる。,,要素 と は 弧 の 生成 には 無関係 なので 排除 為る(する) 事が出来る,瓜 弓,"張,弘,弔"
張,"counter for bows & stringed instruments, put up (tent), spread, stretch","チョウ; -は.り, -ば.り, は.る",拡張ＵＥＦ (かくちょうユーイーエフ) = Extended User Exchange Format; 背張海豚 (せっぱりいるか) = Hector's dolphin (Cephalorhynchus hectori); 尾張 (おわり) = Owari (former province located in the west of present-day Aichi Prefecture),頑張れよ。,,頑張る よ,弓 長,"脹,弧,弘"
弾,"bullet, flip, snap, twang","タン, ダン; -ひ.き, ただ.す, たま, はじ.きゆみ, はじ.く, はじ.ける, はず.む, ひ.く","弾道弾 (だんどうだん·3,0) = (ballistic) missile; 弾圧政治 (だんあつせいじ) = (political) coercion; 照明弾 (しょうめいだん·3,0) = a flare",弾が的に当たった。,,玉(たま) が 的(まと) に 当たる,弓 十 尚 田,"単,卑,禅"
彗,comet,"エ, ケイ, スイ, セイ; ほうき",百武彗星 (ひゃくたけすいせい) = Comet Hyakutake,彼は新しい彗星を発見したと主張した。,,彼(かれ) は 新しい 彗星 を 発見 為る(する) と 主張 為る(する),ヨ 二 亠 土,"静,麦,表"
彦,"boy (ancient), lad",ゲン; ひこ,"猿田彦 (さるたひこ) = Sarutahiko (deity); 彦 (ひこ·2,0) = boy; 袁彦道 (えんげんどう) = gambling; 諸彦 (しょげん·1) = many accomplished persons",邦彦は最初の一発で的を撃ち当てた。,,は 最初 一発 で(#2028980) 的(まと) を 撃ち当てる,并 立 亠 厂 彡,"衣,亡,帝"
彩,"coloring, makeup, paint",サイ; いろど.る,彩層 (さいそう·0) = (solar) chromosphere; 生活彩家 (せいかつさいか) = Seikatsu Saika (convenience store belonging to Poplar Co. Ltd.); 彩管 (さいかん·0) = artist's brush,彼は異彩を放っていた。,,彼(かれ) は 異彩 を 放つ,爪 木 彡,"采,杉,彬"
彪,"mottled, patterned, small tiger, spotted","ヒュウ, ヒョウ; あや","彪 (あや) = beautiful markings, tiger-stripe pattern; 彪炳 (ひょうへい) = brilliantly glorious, outstanding (literary)",,,,卜 儿 匕 厂 彡 虍,"虎,虚,虐"
彫,"carve, chisel, engrave","チョウ; -ぼ.り, ほ.る",彫刻室座 (ちょうこくしつざ·0) = Sculptor (constellation); 薄肉彫り (うすにくぼり·3) = bas-relief; 彫琢 (ちょうたく·0) = carving and polishing; 鎌倉彫り (かまくらぼり·0) = carvings of the Kamakura style,彼は木から仏像を彫った。,,彼(かれ) は 木(き) から 仏像 を 彫る,口 土 冂 彡,"周,尚,向"
彬,"gentle, refined","ヒン, フン; あき.らか, うるわ.しい",彬蔚 (ひんうつ) = erudite and refined; 文質彬々 (ぶんしつひんぴん) = harmony of refinement and simplicity,,,,木 彡,"杉,彩,麻"
彰,"clear, patent",ショウ,彰義隊 (しょうぎたい·0) = Shōgitai (group of former Tokugawa retainers opposed to the Meiji government and fought in the battle of Ueno); 表彰式 (ひょうしょうしき·3) = commendation ceremony; 彰徳 (しょうとく·0) = public praise; 受彰 (じゅしょう) = receiving a commendation; 表彰状 (ひょうしょうじょう·0) = testimonial,,,,音 十 日 立 彡,"章,障,辛"
影,"phantom, shadow, silhouette",エイ; かげ,投影図法 (とうえいずほう·5) = (method of) projection,あの人は影が薄い。,,あの人 は 影が薄い,口 小 日 亠 彡,"景,唱,諒"
往,"before, chase away, formerly, going, journey, let go, travel","オウ; い.く, いにしえ, さき.に, ゆ.く","往復書簡 (おうふくしょかん) = (written) correspondence; 往来手形 (おうらいてがた) = Edo-period travel permit; 寒熱往来 (かんねつおうらい·5) = alternating chills and fever; 往日 (おうじつ·0) = ancient times; 往昔 (おうせき·0,1) = ancient times",既往は咎めず。,,既往 は 咎める,王 丶 彳,"玉,行,球"
征,"attack the rebellious, collect taxes, subjugate",セイ,"征途 (せいと·1) = (military or pleasure) expedition; 神武東征 (じんむとうせい) = Emperor Jimmu's eastern expedition (starting in Hyuga in 607 BCE, ending with the unification of Yamato); 欧州遠征 (おうしゅうえんせい) = European campaign (esp. soccer); 朝鮮征伐 (ちょうせんせいばつ) = Imjin War (1592-1597)",彼はエベレストを征服した。,,彼(かれ) は NI を 征服 為る(する),一 止 彳,"行,証,症"
径,"diameter, method, path","ケイ; こみち, さしわたし, ただちに, みち",径書房 (こみちしょぼう) = Komichi Shobo Publishing Ltd (publishing company); 結合半径 (けつごうはんけい·5) = bond radius; コア径 (コアけい) = core diameter (of a fiber),湖は直径３マイルある。,,湖(みずうみ) は 直径 哩 有る,土 又 彳,"行,皮,圭"
徐,"deliberately, gently, gradually, slowly",ジョ; おもむ.ろに,最徐行 (さいじょこう) = (at a) very slow speed; 緩徐曲 (かんじょきょく) = adagio; 徐脈 (じょみゃく·0) = bradycardia; 緩徐 (かんじょ·1) = gentle and quiet; 徐行戦術 (じょこうせんじゅつ) = go-slow tactics (of Japanese railway workers),川は徐々に増水した。,,川 は 徐々に 増水 為る(する),禾 个 彳 一,"今,稔,斜"
従,"accompany, comply, follow, incidental, obey, secondary, submit to, subordinate","ショウ, ジュ, ジュウ; したが.う, したが.える, より","従容録 (しょうようろく) = Book of Serenity (12th century collection of koans, compiled by Chinese monk Hongzhi Zhengjue); 群書類従 (ぐんしょるいじゅう) = Gunsho Ruiju (collection of Japanese classics sorted by type;  orig. ed. 1819;  comp. ed. 1911); 事後従犯 (じごじゅうはん·3) = accessory after the fact",おいては子に従え。,,老いる は 子(こ) に 従う,并 疋 彳,"縦,行,豆"
循,"follow, sequential",ジュン,非循環的 (ひじゅんかんてき) = acyclic; 大気循環 (たいきじゅんかん) = atmospheric circulation,血液の循環。,,血液 の 循環,斤 十 目 厂 彳,"盾,行,汁"
微,"delicate, insignificance, minuteness",ビ; かす.か,小身微禄 (しょうしんびろく) = (in) a humble position with a small stipend; 氷の微笑 (こおりのびしょう) = Basic Instinct (1992 film),微熱があります。,,微熱 が 有る,山 彳 攵 乞,"徴,懲,行"
徳,"benevolence, commanding respect, goodness, virtue",トク,徳目 (とくもく·0) = (types of) virtue; 徳俵 (とくだわら·3) = 4 bales on the edge of the ring set slightly back; 長徳 (ちょうとく) = Chōtoku era (995.2.22-999.1.13);  1895-1946),それは反道徳的だ。,,其れ は 反(はん) 道徳的 だ,十 心 買 彳,"聴,行,汁"
徴,"collect, indications, omen, question, refer to, seek, sign, symptom","チ, チョウ; しるし","古史徴 (こしちょう) = References to Ancient History (by Hirata Atsutane, 1818); 追徴課税 (ついちょうかぜい) = additional tax; 課徴金 (かちょうきん·0) = charges (i.e. fees)",彼は軍に徴兵された。,,彼(かれ) は 軍(ぐん) に 徴兵 為れる,王 山 彳 攵 乞,"懲,微,行"
徹,"clear, penetrate, pierce, sit up (all night), strike home",テツ,徹夜明け (てつやあけ) = after staying up all night; 徹カラ (てつカラ) = all-night karaoke; 初志貫徹 (しょしかんてつ) = carrying out one's original intention; 徹マン (てつマン·0) = playing mahjong all night,私は徹夜した。,,私(わたし) は 徹夜 為る(する),月 亠 厶 彳 攵 乞,"撤,育,微"
忌,"abhor, death anniversary, detestable, mourning","キ; い.まわしい, い.み, い.む","十三回忌 (じゅうさんかいき) = 12th anniversary of one's death; 十七回忌 (じゅうしちかいき) = 16th anniversary of one's death; 仏涅槃忌 (ぶつねはんき) = Buddhist service held on the day of Buddha's death (orig. 15th of the 2nd month, now 15th of the 3rd month); 忌寸 (いみき) = Imiki (fourth highest of the eight hereditary titles)",去れ、忌まわしき憂鬱よ。,,去る 忌まわしい 憂鬱 よ,心 已,"巳,己,配"
忍,"bear, conceal, endure, put up with, secrete, sneak, spy","ニン; しの.ばせる, しの.ぶ",行者忍辱 (ぎょうじゃにんにく·4) = Alpine leek (Allium victorialis var. platyphyllum); 忍冬 (すいかずら·3) = Japanese honeysuckle (Lonicera japonica); 忍刀 (にんとう·0) = Ninja sword; 深山花忍 (みやまはなしのぶ) = Polemonium caeruleum subsp. yezoense var. nipponicum (variety of Jacob's ladder),忍者ごっこをしよう。,,忍者 ごっこ を 為る(する),心 刀 丶,"認,刃,初"
志,"aspire, hopes, intention, motive, plan, resolve, shilling","シ; こころざ.す, こころざし, シリング",芳志 (ほうし·1) = (your) kindness; 有志同盟 (ゆうしどうめい) = Coalition of the Willing (nations who supported America's preemptive strike in Iraq in 2003); 有志連合 (ゆうしれんごう) = Coalition of the Willing (nations who supported America's preemptive strike in Iraq in 2003),立志伝中の人。,,立志伝 中(ちゅう) の 人(ひと),士 心,"誌,悲,恥"
応,"OK, accept, answer, apply, reply, yes","-ノウ, オウ, ヨウ; あた.る, こた.える, まさに",年齢相応 (ねんれいそうおう) = (appropriate for) one's age; 文応 (ぶんおう) = Bun'ō era (1260.4.13-1261.2.20); 延応 (えんおう) = En'ō era (1239.2.7-1240.7.16),応援してね！,,応援 為る(する) ね(#2029080),心 广,"慶,麻,鹿"
忠,"faithfulness, fidelity, loyalty",チュウ,忠言 (ちゅうげん·0) = (good) advice; 返り忠 (かえりちゅう·3) = act of betrayal,犬は忠実です。,,犬 は 忠実(ちゅうじつ) です,｜ 口 心,"中,舌,石"
怜,wise,"リョウ, レイ, レン; あわ.れむ, さと.い",怜悧狡猾 (れいりこうかつ) = cunning,そういう相手の前では、私の見せ掛けだけの怜悧な技術は、見抜かれた時に負けていたと思う。,,そう言う 相手 の 前(まえ) で(#2028980) は 私(わたし) 見せかけ 丈(だけ) の 怜悧 技術 は 見抜く 時(とき) に 負ける と 思う,忙 个 卩 一,"令,今,零"
怠,"laziness, neglect","タイ; おこた.る, なま.ける",怠らずに (おこたらずに) = carefully; 同盟怠業 (どうめいたいぎょう) = go-slow strike; 怠りがち (おこたりがち) = neglectfulness; 勤怠 (きんたい·0) = diligence and indolence,彼は怠け者だ。,,彼(かれ) は 怠け者 だ,口 心 厶,"舌,石,胎"
怪,"apparition, mystery, suspicious","カイ, ケ; あや.しい, あや.しむ",怪力無双 (かいりきむそう) = (a person of) unrivaled physical strength; 妖怪変化 (ようかいへんげ·5) = (animal making a) monstrous apparition; 奇々怪界 (ききかいかい) = Kiki Kaikai (video game),怪我をするよ。,,怪我 を 為る(する) よ,土 忙 又,"皮,圭,茎"
恒,"always, constancy","コウ; つね, つねに",恒大 (こうだい) = Evergrande (Chinese real estate group); 恒生銀行 (ハンセンぎんこう) = Hang Seng Bank; 最上恒産 (さいじょうこうさん) = Saijō Kōsan (consortium); 士篤恒 (ストックホルム) = Stockholm (Sweden); 恒数 (こうすう·3) = a constant (e.g. in science),恒産なき者、恒心なし。,,恒産 無き 者(もの) 恒心 無し,一 日 忙,"晋,旦,惜"
恕,"excuse, forgive, tolerate","ショ, ジョ; ゆる.す",忠恕 (ちゅうじょ·1) = sincerity and consideration; 仁恕 (じんじょ·1) = benevolence; 宥恕 (ゆうじょ·1) = forgiveness; 恕 (じょ) = consideration; 海恕 (かいじょ) = magnanimity,姫君は皇帝に寛恕を請いました。,,姫君 は 皇帝 に 寛恕 を 請う,口 女 心,"如,舌,石"
恨,"bear a grudge, hatred, malice, regret, resentment","コン; うら.む, うら.めしい","遺恨試合 (いこんしあい) = grudge match; 旧恨 (きゅうこん) = old grudge; 片恨み (かたうらみ·0,3) = one-sided grudge; 私恨 (しこん·0) = personal grudge; 恨事 (こんじ·1) = regrettable matter",恨みは深いですよ。,,恨み は 深い です よ,艮 忙,"慨,良,限"
恩,"benefit, blessing, favor, goodness, grace, kindness, mercy",オン,"謝恩 (しゃおん·0) = (expression of) gratitude; ご恩 (ごおん·2) = (received) favor, kindness or blessing (favour); 恩賜 (おんし·1) = Imperial gift; 謝恩使 (しゃおんし) = Ryukyuan mission to Edo upon the change of the Ryukyuan King",恩をあだで返すな。,,恩 を 仇(あだ) で(#2028980) 返す な,心 大 囗,"因,口,姻"
恭,"respect, reverent",キョウ; うやうや.しい,恭賀新年 (きょうがしんねん·4) = Happy New Year; 恭賀 (きょうが·1) = respectful congratulations; 恭謙 (きょうけん·0) = modesty; 恭倹 (きょうけん·0) = respectfulness and modesty,恭子は鼻歌を歌いながら行ってしまった。,,は 鼻歌 を 歌う 乍ら 行く 仕舞う,心 ハ 井,"八,恋,聡"
恵,"blessing, favor, grace, kindness","エ, ケイ; めぐ.み, めぐ.む","翁恵比須 (おきなえびす·4) = Beyrich's slit shell (species of sea snail, Pleurotomaria beyrichii); 恵方参り (えほうまいり·4) = New Year's visit to a shrine or temple which lies in a favorable (favourable) or lucky direction",愚者のあと知恵。,,愚者 の 後(あと) 知恵,一 心 田,"畳,偲,穂"
悌,serving our elders,"ダイ, テイ",悌順 (ていじゅん·0) = obedience; 悌 (てい) = harmony among siblings,,,,｜ ノ 弓 并 忙,"弔,沸,酢"
悔,"regret, repent","カイ; く.いる, く.やむ, くや.しい",懺悔室 (ざんげしつ) = (a) confessional; お悔み (おくやみ) = condolences; 悔心 (かいしん) = contrition; 相悔み (あいくやみ·3) = mutual mourning (during which one does not make condolence calls or offer to help others also in mourning),今に後悔するぞ。,,今に 後悔 為る(する) ぞ,母 忙 毋 ノ 一 人 乞,"毎,竹,母"
悟,"discern, enlightenment, perceive, realize, understand",ゴ; さと.る,"悟道 (ごどう·1,0) = (the path of spiritual) enlightenment; 悟達 (ごたつ) = attaining enlightenment; 転迷開悟 (てんめいかいご) = casting away one's vices or worldly desires and achieving enlightenment; 悟了 (ごりょう·0) = complete comprehension",死ぬ覚悟でやれ。,,死ぬ 覚悟 で(#2028980) 遣る,口 忙 五,"舌,石,語"
悠,"distant, leisure, long time, permanence",ユウ,悠遠 (ゆうえん·0) = faraway; 悠揚 (ゆうよう·0) = self-possessed,決して悠長な仕事ではない。,,決して 悠長 仕事 では無い,｜ 化 心 夂 攵 乞,"脩,修,倣"
悦,"ecstasy, joy, rapture","エツ; よろこ.ばす, よろこ.ぶ",嘉悦大学 (かえつだいがく) = Kaetsu University; 恐悦 (きょうえつ·0) = delight,彼は私の失敗にご満悦の体でそこに座っていた。,,彼(かれ) は 私(わたし) 失敗 に 満悦の体 で(#2028980) 其処(そこ) に 座る,口 并 忙 儿,"豆,閲,脱"
悼,"grieve over, lament",トウ; いた.む,追悼ミサ (ついとうミサ) = (Catholic) memorial mass; 追悼碑 (ついとうひ) = memorial (to the dead); 追悼会 (ついとうかい·3) = memorial services,人々は彼の突然の死を深く悼んだ。,,人々(ひとびと) は 彼(かれ) 突然 死 を 深い 悼む,十 日 忙 卜,"卓,汁,晶"
惇,"considerate, kind, sincere","シュン, ジュン, トン; あつ.い",惇睦 (とんぼく) = cordial and friendly; 惇朴 (とんぼく) = honest and homely; 惇厚 (とんこう) = sincerity and kindheartedness,,,,口 子 忙 亠,"享,諄,淳"
惑,"beguile, delusion, perplexity",ワク; まど.う,熒惑星 (けいこくせい) = Mars (planet); 猿の惑星 (さるのわくせい) = Planet of the Apes (novel and series of films); 惑星連邦 (わくせいれんぽう) = United Federation of Planets (Star Trek); 会計疑惑 (かいけいぎわく) = accounting scandal; 小惑星 (しょうわくせい·3) = asteroid,私は困惑した。,,私(わたし) は 困惑 為る(する),口 心 戈,"感,憾,舌"
惜,"be sparing of, frugal, pity, regret, stingy","セキ; お.しい, お.しむ",痛惜 (つうせき·0) = deep regret; 惜敗率 (せきはいりつ) = ratio of the margin of loss of an electoral candidate in a single-constituent district (used to break ties when determining the representative of a proportionally represented district),負け惜しみ。,,負け惜しみ,｜ 一 二 日 忙,"昔,曹,恒"
惟,"consider, reflect, think","イ, ユイ; おも.うに, おも.んみる, これ","惟神の道 (かむながらのみち) = the Way of the Gods; 惟神 (いしん·0,3) = as a god; 思惟 (しい·1) = thought",,,,忙 隹,"雅,隼,稚"
惣,all,ソウ; すべ.て,惣嫁 (そうか) = (Edo period) streetwalker; 惣管領 (そうかんりょう) = (hist.) governor-general; 惣無事令 (そうぶじれい) = 1585 edict by Toyotomi Hideyoshi which banned war between feudal lords in Japan; 惣門 (そうもん) = main gate; 惣構 (そうがまえ·3) = outermost enclosure of a castle or fortress (including the town around it),,,,牛 心 勿,"牲,株,悲"
惨,"cruelty, disaster, harsh, wretched","サン, ザン; いた.む, みじ.め, むご.い",惨 (さん) = appalling; 惨殺者 (ざんさつしゃ) = brutal murderer; 惨死体 (ざんしたい) = corpse of a person who has met a violent death; 陰惨 (いんさん·0) = sadness and gloom; 苦心惨憺 (くしんさんたん·2) = taking great pains,それは悲惨だな。,,其れ は 悲惨 だ な,一 忙 厶 彡,"参,至,恒"
惰,"laziness, lazy",ダ,惰行 (だこう) = coasting (moving without using power); 遊惰 (ゆうだ·1) = indolence; 勤惰 (きんだ·1) = diligence and indolence; 惰気 (だき·1) = indolence,彼は怠惰な学生だ。,,彼(かれ) は 怠惰 学生(がくせい) だ,ノ 一 月 工 忙,"左,郁,怖"
愁,"be anxious, distress, grieve, lament","シュウ; うれ.い, うれ.える",悲愁 (ひしゅう·0) = grief; 旅愁 (りょしゅう·0) = loneliness on a journey,管弦楽団は郷愁に満ちた音楽を演奏し始めた。,,管弦楽団 は 郷愁 に 満ちる 音楽 を 演奏 し始める,火 禾 心,"炎,萩,穏"
愉,"happy, pleasure, rejoice","ユ; たの.しい, たの.しむ","愉楽 (ゆらく·0) = pleasure; 愉色 (ゆしょく·0,1) = cheerful expression; 愉快犯 (ゆかいはん·2) = crime committed for fun; 愉しげ (たのしげ·3) = happy; 愉悦 (ゆえつ·0) = joy",彼は愉快なやつだ。,,彼(かれ) は 愉快 奴(やつ) だ,刈 月 忙 个 一,"輸,諭,今"
愚,"absurdity, folly, foolish, stupid",グ; おろ.か,愚才 (ぐさい) = (one's own) abilities and intelligence; 愚息 (ぐそく·0) = (one's) son; 万愚節 (ばんぐせつ·3) = April Fools' Day; 愚兄賢弟 (ぐけいけんてい) = a foolish older brother and a smart younger,あなたは愚かだ。,,貴方(あなた) は 愚か だ,心 田 冂 厶 禹,"遇,偶,隅"
慈,mercy,ジ; いつく.しむ,大黒慈姑 (おおくろぐわい) = Chinese water chestnut (Eleocharis dulcis var. tuberosa); 白慈姑 (しろぐわい) = Chinese water chestnut (Eleocharis dulcis); 慈尊 (じそん) = Maitreya; 慈姑 (くわい·0) = Sagittaria trifolia var. edulis (edible variant of threeleaf arrowhead),慈善を行う。,,慈善 を 行う,一 心 并 幺,"滋,磁,幻"
態,"appearance, attitude, condition, figure, voice (of verbs)",タイ; わざ.と,静止状態 (せいしじょうたい) = (in) a state of rest; 受信状態 (じゅしんじょうたい) = (quality of) signal reception; 健康状態 (けんこうじょうたい) = (the condition of) one's health,事態は険悪だ。,,事態 は 険悪 だ,月 心 匕 厶,"能,罷,熊"
慎,"be careful, discreet, humility, prudent","シン; つつ.ましい, つつし, つつし.み, つつし.む",粛慎 (あしはせ) = Mishihase (ancient ethnic group of people who lived in northern Japan); 息慎 (しゅくしん) = Sushen (ancient ethnic group of people who lived in northeastern China); 重謹慎 (じゅうきんしん) = close confinement (in one's barracks); 謹慎処分 (きんしんしょぶん) = suspension (from work or school); 口を慎む (くちをつつしむ) = to be careful in speech,彼は慎重な選手だ。,,彼(かれ) は 慎重 選手 だ,一 十 ハ 忙 目,"具,貝,干"
慕,"adore, love dearly, pining, yearn for",ボ; した.う,"横恋慕 (よこれんぼ·3) = illicit love; 敬慕 (けいぼ·1) = love and respect; 慕い寄る (したいよる·4,0) = to approach in adoration; 呼び慕う (よびしたう) = to call fondly",彼は祖父を慕い尊敬している。,,彼(かれ) は 祖父 を 慕う 尊敬 為る(する),心 大 日 艾,"暮,菖,膜"
慢,"laziness, ridicule",マン,傲慢無礼 (ごうまんぶれい) = (arrogance and) insolence; 慢性化 (まんせいか) = becoming chronic; お国自慢 (おくにじまん·4) = boasting of one's hometown,我慢してくれ。,,我慢 為る(する) 呉れる,日 買 忙 又,"暇,漫,皮"
慧,wise,"エ, ケイ; さとい",慧眼 (えげん·1) = the wisdom eye; 慧敏 (けいびん·0) = clever; 慧眼 (けいがん·0) = discerning (quick) eye; 慧日 (えにち) = sun of wisdom; 入れ智慧 (いれぢえ·0) = putting an idea into someone's head,,,,ヨ 心 ｜ 一,"念,妻,兼"
慨,"be sad, lament, rue, sigh",ガイ; なげ.く,"慨世 (がいせい·0) = deploring the course of public events; 悲歌慷慨 (ひかこうがい·1) = indignant lamentation over the evils of the times; 悲憤慷慨 (ひふんこうがい·1,0) = indignant lamentation over the evils of the times; 慨世憂国 (がいせいゆうこく) = worrying about the conditions of the country out of sheer patriotism; 憂国慨世 (ゆうこくがいせい) = worrying about the conditions of the country out of sheer patriotism",彼は友人の行動に憤慨した。,,彼(かれ) は 友人 の 行動 に 憤慨 為る(する),牙 艮 忙,"既,恨,良"
慮,"concern, consider, deliberate, fear, prudence, thought","リョ; おもんぱか.る, おもんぱく.る","無慮 (むりょ·1) = approximately; 熟慮断行 (じゅくりょだんこう·1,0) = being deliberate in council, and decisive in action; 神慮 (しんりょ·1) = divine will",遠慮しないで。,,遠慮 為る(する),心 田 卜 匕 厂 虍,"虜,膚,虚"
慰,"amusement, cheer, comfort, consolation, console, make sport of, seduce","イ; なぐさ.む, なぐさ.める",慰み者 (なぐさみもの·0) = (person treated as a) plaything; 慰問品 (いもんひん·0) = comfort article; 恋慰め (こいなぐさめ) = comforting the lovelorn; 弔慰金 (ちょういきん·0) = condolence money; 慰藉 (いしゃ·1) = consolation,彼女は花に慰められた。,,彼女 は 花 に 慰める,示 二 小 心 寸 尸,"尉,示,禁"
慶,"be happy, congratulate, jubilation, rejoice",ケイ; よろこ.び,"御慶 (ぎょけい·1,0) = (New Year's) greetings; 慶大 (けいだい) = (abbr) Keio University; 重慶 (じゅうけい) = Chongqing (China); 慶春 (けいしゅん·0) = Happy New Year",彼は内弁慶だ。,,彼(かれ) は 内弁慶 だ,心 冖 夂 广,"応,愛,憂"
憂,"be anxious, grieve, lament, melancholy, sad, unhappy","ユウ; う.い, う.き, うれ.い, うれ.える",遠慮近憂 (えんりょきんゆう) = failure to think of the long term leads to grief in the short term; 憂慼 (ゆうせき) = grief; 憂憤 (ゆうふん·0) = grief and anger; 憂思 (ゆうし·1) = grieving,彼女は憂鬱だった。,,彼女 は 憂鬱 だ,一 自 心 冖 夂 白,"優,百,慶"
憤,"anger, aroused, be indignant, resent",フン; いきどお.る,"酢憤 (すむずかり·2) = dish of simmered salmon head, soybeans, vegetables, and leftovers; 憤死 (ふんし·0) = dying in a fit of anger or indignation; 憤激 (ふんげき·0) = fury; 憂憤 (ゆうふん·0) = grief and anger; 悲憤慷慨 (ひふんこうがい·1,0) = indignant lamentation over the evils of the times",彼は友人の行動に憤慨した。,,彼(かれ) は 友人 の 行動 に 憤慨 為る(する),貝 目 ハ 十 忙 艾,"墳,噴,買"
憧,"admire, adore, aspire to, long for, yearn after","ショウ, トウ, ドウ; あこが.れる","憧れの的 (あこがれのまと) = object of adoration, longing; 憧憬 (しょうけい·0) = longing; 憧れる (あこがれる·0) = to long for; 憧れ (あこがれ·0) = yearning",同時通訳が彼女の憧れだ。,,同時通訳 が 彼女 憧れ だ,忙 里 立,"童,鐘,瞳"
憩,"recess, relax, repose, rest","ケイ; いこ.い, いこ.う","憩室炎 (けいしつえん) = diverticulitis; 憩室 (けいしつ·0) = diverticulum; 憩いの場 (いこいのば) = place for relaxation and refreshment; 一服休憩 (いっぷくきゅうけい) = tea (coffee, cigarette) break",休憩しましょうか。,,休憩 為る(する) ましょうか,口 自 心 舌 目,"息,舌,石"
憲,"constitution, law",ケン,憲法学 (けんぽうがく) = (study of) constitutional law,私は、上杉憲信が好き。,,私(わたし) は が 好き(すき),心 土 買 亠 宀 二,"害,麦,彗"
憶,"recollection, remember, think",オク,"記憶 (きおく·0) = memory, recollection; 追憶 (ついおく·0) = reminiscence; 憶測 (おくそく·0) = speculation, conjecture",彼は記憶が良い。,,彼(かれ) は 記憶 が 良い,音 心 日 忙 立,"億,章,晶"
憾,"be sorry, regret, remorse",カン; うら.む,"遺憾千万 (いかんせんばん) = highly regrettable; 遺憾の意 (いかんのい) = regret; 遺憾 (いかん·0,1) = regrettable",それは遺憾ながら本当だ。,,其れ は 遺憾 乍ら 本当 だ,ノ 口 心 忙 戈,"感,惑,成"
懇,"cordial, courteous, hospitable, kind, sociable",コン; ねんご.ろ,米懇 (べいこん) = Round Table Conference on Rice Price; 懇話会 (こんわかい·3) = gathering for friendly discussion; 懇談 (こんだん·0) = informal talk; 別懇 (べっこん·0) = intimacy; 懇命 (こんめい·0) = kind words,彼女は慈悲を懇願した。,,彼女 は 慈悲 を 懇願 為る(する),艮 心 爪 犯 豸,"墾,良,穏"
懐,"become attached to, bosom, breast, feelings, heart, miss someone, pocket, yearn","エ, カイ; いだ.く, おも.う, なず.ける, なつ.かしい, なつ.かしむ, なつ.く, なつ.ける, ふところ",素懐 (そかい·0) = a cherished hope; 雅懐 (がかい·0) = aesthetic sentiment; 自然の懐 (しぜんのふところ) = bosom of Nature; 懐の深い (ふところのふかい) = broad-minded; 懐剣 (かいけん·0) = dagger,浪士は本懐を遂げた。,,浪士 は 本懐 を 遂げる,衣 十 買 忙 亠,"壊,衣,汁"
懲,"chastise, discipline, penal, punish","チョウ; こ.らしめる, こ.らす, こ.りる","懲らしめ (こらしめ·0,4) = chastisement; 懲戒免職 (ちょうかいめんしょく·5) = disciplinary dismissal (discharge); 懲戒請求 (ちょうかいせいきゅう) = formal demand for disciplinary measures against a lawyer",懲役五年くらっちまった。,,懲役 五 年(ねん) 食らう ちまう,王 山 心 彳 攵 乞,"徴,微,行"
懸,"consult, depend, distant, far apart, hang, state of suspension","ケ, ケン; か.かる, か.ける",懸け巣 (かけす·0) = Eurasian jay (Garrulus glandarius); 瑠璃懸巣 (るりかけす·3) = Lidth's jay (Garrulus lidthi); 弓懸 (ゆがけ·3) = archer's glove (with a groove for pulling the string); 青懸巣 (あおかけす) = blue jay (Cyanocitta cristata),一生懸命働いた。,,一生懸命 働く,ノ 糸 幺 小 心 目,"紗,系,省"
我,"I, ego, oneself, our, selfish","ガ; わ, わ.が-, わが-, われ",曽我物語 (そがものがたり) = Soga Monogatari (war chronicle); 曾我派 (そがは) = Soga school of Japanese painting; 我宗の徒 (わがしゅうのと) = believer of my denomination,怪我をするよ。,,怪我 を 為る(する) よ,亅 戈 手,"餓,義,議"
戒,commandment,カイ; いまし.める,飲酒戒 (おんじゅかい) = Buddhist precept prohibiting the consumption of alcohol; 不飲酒戒 (ふおんじゅかい·4) = Buddhist precept prohibiting the consumption of alcohol; 戒律宗 (かいりつしゅう·4) = Ritsu (school of Buddhism),警戒は警備。,,警戒 は 警備,廾 戈,"械,成,弁"
戯,"frolic, play, sport","ギ, ゲ; ざ.れる, じゃ.れる, たわむ.れる",前戯 (ぜんぎ) = (sexual) foreplay; 戯作三昧 (げさくざんまい) = Absorbed in Letters (novel by Akutagawa); 鳥獣戯画 (ちょうじゅうぎが) = Scrolls of Frolicking Animals (set of 12th and 13th century picture scrolls),彼はいくつかの戯曲を韻文で書いた。,,彼(かれ) は 幾つか 戯曲 を 韻文 で(#2028980) 書く,卜 匕 厂 戈 虍,"虚,虐,虎"
房,"bunch, fringe, house, lock (hair), room, segment (orange), tassel, tuft",ボウ; ふさ,暖房 (だんぼう·0) = (indoor) heating; 安房 (あわ) = Awa (former province located in the south of present-day Chiba Prefecture); 安房船貝 (あわぶねがい) = Bostrycapulus gravispinosus (species of spiny slipper snail); 内閣官房 (ないかくかんぼう·5) = Cabinet Secretariat; 官房長 (かんぼうちょう·3) = Chief Cabinet Secretary,乳房が痛いです。,,乳房 が 痛い です,戸 方 一 尸,"戸,雇,肩"
扇,"fan, folding fan",セン; おうぎ,白扇 (はくせん·0) = (plain) white fan; 檜扇菖蒲 (ひおうぎあやめ) = Arctic iris (Iris setosa); 南扇歯鯨 (みなみおうぎはくじら) = Gray's beaked whale (Mesoplodon grayi),扇風機がほしいな。,,扇風機 が 欲しい な,羽 戸 冫 一 尸,"戸,雇,肩"
扉,"front door, front page, title page",ヒ; とびら,夏への扉 (なつへのとびら) = The Door into Summer (1957 novel by Robert A. Heinlein); 自動扉 (じどうとびら) = automatic door; 裏扉 (うらとびら) = back leaf; 閉扉 (へいひ) = closure of a gate or door; 門扉 (もんぴ·1) = door(s) of a gate,冥界の扉は開かれた。,,冥界 の 扉 は 開く(あく),戸 非 一 尸,"戸,雇,肩"
扱,"entertain, handle, strip, thresh","キュウ, ソウ; あつか.い, あつか.う, あつか.る, こ.く",荷扱い (にあつかい·2) = handling of freight,彼は扱いにくい。,,彼(かれ) は 扱いにくい,扎 及,"推,排,拷"
扶,"aid, assist, help",フ; たす.ける,扶桑教 (ふそうきょう) = Fuso-kyo (sect of Shinto); 扶桑社 (ふそうしゃ) = Fusosha Publishing; 扶育 (ふいく·0) = bringing up (children),彼は家族を扶養する。,,彼(かれ) は 家族 を 扶養 為る(する),人 二 扎 大,"撲,挟,芙"
批,"criticism, strike",ヒ,匿名批評 (とくめいひひょう) = anonymous criticism; 批点 (ひてん·0) = correction marks; 批判者 (ひはんしゃ) = critic,彼は批判に神経過敏だ。,,彼(かれ) は 批判 に 神経過敏 だ,比 扎,"鹿,皆,昆"
抄,"copy, extract, selection, spread thin, summary",ショウ,"十訓抄 (じっきんしょう) = A Miscellany of Ten Maxims (Kamakura period collection of writing); 厚顔抄 (こうがんしょう) = Kogansho (1691 commentary on the songs of the Kojiki and Nihon Shoki;  by Keichu); 名義抄 (みょうぎしょう) = Myogisho (abbr. of Ruiju Myogisho, a Japanese-Chinese character dictionary from the late Heian Period); 抄訳 (しょうやく·0) = abridged translation",昨日、ひょんなことで父親の戸籍抄本のコピーを見てしまいました。,,昨日 ひょんな 事(こと) で(#2028980) 父親 の 戸籍抄本 の コピー を 見る 仕舞う,ノ 小 扎,"少,擦,秒"
把,"bunch, counter for bundles, faggot, grasp","ハ, ワ",把 (ば·0) = counter for bundles; 把捉 (はそく·0) = grasping (a meaning); 銃把 (じゅうは·1) = grip of a gun; 状況把握 (じょうきょうはあく) = (one's) grasp of the situation; 両把頭 (りょうはとう) = Liangbatou,彼はその情況を把握していた。,,彼(かれ) は 其の 状況 を 把握 為る(する),巴 扎,"邑,肥,推"
抑,"do in spite of, in the first place, now, press, push, repress, seal, shove, well",ヨク; おさ.える,"骨髄抑制 (こつずいよくせい) = bone marrow suppression; 抑鬱症 (よくうつしょう·0,4) = depression; 抑留者 (よくりゅうしゃ) = detainee",彼は怒りを抑えた。,,彼(かれ) は 怒り を 抑える,卩 扎,"卯,迎,犯"
抗,"confront, defy, oppose, resist",コウ; あらが.う,抵抗力 (ていこうりょく·3) = (power of) resistance,私はその抗議を退けた。,,私(わたし) は 其の 抗議 を 退ける(しりぞける),亠 几 扎,"衣,亡,航"
択,"choose, elect, prefer, select",タク; えら.ぶ,選択中 (せんたくちゅう) = (currently) selected (item in a software interface); 択一的 (たくいつてき) = alternative,君は賢い選択をした。,,君(きみ) は 賢い 選択 を 為る(する),尸 扎 丶,"尽,尺,訳"
披,"expose, open",ヒ,襲名披露 (しゅうめいひろう·5) = announcing the succession to another's stage name; 嫡披 (ちゃくひ) = confidential letter; 披講 (ひこう·0) = introduction of poems at a poetry party,彼は自分の腕前を披露した。,,彼(かれ) は 自分 の 腕前 を 披露 為る(する),皮 又 扎,"皮,被,疲"
抵,"reach, resist, touch",テイ,抵抗力 (ていこうりょく·3) = (power of) resistance; 空気抵抗 (くうきていこう) = air resistance,家を抵当に入れました。,,家(いえ) を 抵当 に 入れる,氏 扎,"邸,推,排"
抹,"erase, paint, rub",マツ,丁抹 (デンマーク) = Denmark; 小抹香 (こまっこう) = pygmy sperm whale (Kogia breviceps),彼女には一抹の罪悪感があった。,,彼女 には 一抹 の 罪悪感 が 有る,｜ 一 ハ 木 亠 扎,"末,茉,束"
抽,"excel, extract, pluck, pull",チュウ; ひき-,抽象的 (ちゅうしょうてき·0) = abstract; 抽象芸術 (ちゅうしょうげいじゅつ·5) = abstract art; 抽象美術 (ちゅうしょうびじゅつ) = abstract art,抽象芸術は感じるものだ。,,抽象芸術 は 感じる 物(もの) だ,｜ 日 扎 田,"押,捜,申"
拍,"beat (music), clap","ハク, ヒョウ","足拍子 (あしびょうし·3) = beating time with one's foot; 心拍出量 (しんはくしゅつりょう) = cardiac output; 心拍記録 (しんぱくきろく) = cardiography; 尺拍子 (さくほうし·3) = clapper (two long pieces of wood that are clapped together;  used in gagaku, etc.); 拍数 (はくすう·3) = count of beats in music",彼は脈拍がおそい。,,彼(かれ) は 脈拍 が 遅い,白 扎,"迫,舶,皇"
拐,"falsify, kidnap",カイ,誘拐罪 (ゆうかいざい·3) = (the crime of) kidnapping (kidnaping); 誘拐者 (ゆうかいしゃ) = abductor; 拐帯 (かいたい·0) = absconding with money; 誘拐犯人 (ゆうかいはんにん) = a kidnapper,彼は誘拐罪で起訴されている。,,彼(かれ) は 誘拐罪 で(#2028980) 起訴 為れる,口 刀 扎,"招,召,舌"
拒,"decline, refuse, reject, repel","キョ, ゴ; こば.む",拒否処分 (きょひしょぶん) = (judicial) denial; 拒食症 (きょしょくしょう·0) = anorexia; 着信拒否 (ちゃくしんきょひ) = blocking communications (from a phone number or an e-mail address),無回答を拒否する。,,無(む) 回答 を 拒否 為る(する),匚 扎 巨,"臣,巨,距"
拓,"break up (land), clear (the land), open",タク; ひら.く,拓大 (たくだい) = (abbr) Takushoku University; 女拓 (にょたく) = (making a) print with a female body; 拓殖銀行 (たくしょくぎんこう) = Takushoku Bank,荒野を開拓する。,,荒野 を 開拓 為る(する),口 石 扎,"舌,石,招"
拘,"adhere to, arrest, concerned, despite, seize",コウ; かか.わる,再拘留 (さいこうりゅう) = (a) remand; 拘束力 (こうそくりょく·4) = binding force; 拘置支所 (こうちししょ) = branch detention house; 拘束圧 (こうそくあつ) = confining pressure; 拘禁者 (こうきんしゃ) = detainee,その男は拘留された。,,其の 男 は 拘留 為れる,口 勹 扎,"句,舌,石"
拙,"bungling, clumsy, unskillful",セツ; つたな.い,古拙 (こせつ·0) = artless but attractive in a quaint sense; 拙稿 (せっこう·0) = my manuscript; 拙文 (せつぶん·0) = poor writing,,,,｜ 山 扎 凵,"掘,出,屈"
拠,"based on, follow, foothold, therefore","キョ, コ; よ.る",現の証拠 (げんのしょうこ·4) = Thunberg's geranium (Geranium thunbergii); 事例証拠 (じれいしょうこ) = anecdotal evidence; 典拠管理 (てんきょかんり) = authority control (e.g. in library cataloging),論より証拠。,,論 より 証拠,几 夂 扎,"抗,処,抜"
拡,"broaden, enlarge, expand, extend","カク, コウ; ひろ.がる, ひろ.げる, ひろ.める",拡張ＵＥＦ (かくちょうユーイーエフ) = Extended User Exchange Format,それは拡大解釈だね。,,其れ は 拡大解釈 だ ね(#2029080),厶 广 扎,"払,鉱,握"
括,"arrest, constrict, fasten, tie up",カツ; くく.る,一括適用 (いっかつてきよう) = batch application; 一括変換 (いっかつへんかん) = batch conversion,一括払いでテレビを買った。,,一括払い で(#2028980) テレビ を 買う,ノ 口 十 舌 扎,"活,呂,叶"
拳,fist,"ケン, ゲン; こぶし",拳闘術 (けんとうじゅつ) = (art of) boxing; 鉄拳制裁 (てっけんせいさい·5) = (punishment by) striking with fists; 中国拳法 (ちゅうごくけんぽう) = Chinese martial art; 北斗の拳 (ほくとのけん) = Fist of the North Star (manga series and media franchise;  written by Buronson and illustrated by Hara Tetsuo),彼は拳で私の顔面を殴った。,,彼(かれ) は 拳(こぶし) で(#2028980) 私(わたし) 顔面 を 殴る,一 手 并 大 二,"天,三,咲"
拷,"beat, torture",ゴウ,拷器 (ごうき) = instruments of torture; 拷問台 (ごうもんだい) = rack (torture device); 拷訊 (ごうじん) = torture,囚人は拷問で死んだ。,,囚人 は 拷問 で(#2028980) 死ぬ,老 扎,"暑,推,排"
挑,"challenge, contend for, make love to",チョウ; いど.む,挑戦状 (ちょうせんじょう·0) = (written) challenge; 挑戦者 (ちょうせんしゃ·3) = challenger; 戦争挑発 (せんそうちょうはつ) = aggression,彼は大声で私に挑戦した。,,彼(かれ) は 大声 で(#2028980) 私(わたし) に 挑戦 為る(する),儿 冫 扎,"兆,羽,逃"
挙,"actions, behavior, plan, project, raise","キョ; あ.がる, あ.げる, こぞ.る",選挙カー (せんきょカー) = (election) campaign car; 挙証 (きょしょう·0) = (presentation of) proof; 科挙 (かきょ·1) = Chinese higher civil service examinations,彼は手を挙げた。,,彼(かれ) は 手を上げる,手 尚 ハ,"八,掌,鎖"
振,"shake, swing, wag, wave","シン; ふ.る, ふ.るう, ふ.れる","振旦 (しんたん·0) = (ancient) China; 共振器 (きょうしんき) = (cavity) resonator; 奪三振王 (だつさんしんおう) = (season's) record holder in (for) the most strike-outs; 北極振動 (ほっきょくしんどう) = Arctic oscillation; 棒手振 (ぼてふり·0,4) = Edo-era street merchant who carried wares hanging from a pole, hawking them in the street",ない袖は振れぬ。,,無い 袖 は 振れる,衣 辰 厂 扎,"辰,震,辱"
挿,"graft, insert, put in, wear (sword)","ソウ; さ.す, はさ.む",挿画 (そうが·0) = (book) illustration; 直挿 (じかざし) = direct planting of a cutting in the ground; 挿話的 (そうわてき) = episodic; 外挿法 (がいそうほう·0) = extrapolation method,彼はボタンの穴に花を挿した。,,彼(かれ) は 牡丹 の 穴(あな) に 花 を 挿す,｜ ノ 十 日 扎 田,"抽,押,申"
据,"equip, install, lay a foundation, set, sit down, squat down","キョ; す.える, す.わる","据える (すえる·0) = to install, to set in place; 据わる (すわる·0) = to sit firmly; 据え膳 (すえぜん·2,0) = meal set before someone",少しは腰を据えてやれ。,,少し は 腰を据える 遣る,口 十 尸 扎,"居,局,叶"
捷,"fast, victory","ショウ, ソウ; はや.い",簡捷 (かんしょう) = fast and easy; 軽捷 (けいしょう·0) = nimble; 捷運 (しょううん) = rapid transit (in Taiwan); 勁捷 (けいしょう·0) = strong and nimble; 捷径 (しょうけい·0) = shortcut,,,,疋 扎 ヨ,"提,掃,擬"
捺,"affix a seal, press, print, stamp","ダツ, ナツ; お.す, さ.す","捺染 (おしぞめ·0) = (textile) printing; 指紋押捺 (しもんおうなつ·3,0) = fingerprinting; 署名捺印 (しょめいなついん·0) = sign and seal; 転写捺染 (てんしゃなっせん) = transfer print; 捺印 (なついん·0) = affixing a seal (to)",,,,示 二 小 大 扎,"奈,示,擦"
授,"confer, grant, impart, instruct","ジュ; さず.かる, さず.ける",准教授 (じゅんきょうじゅ) = associate professor; 授与式 (じゅよしき·2) = awarding ceremony,私は教授です。,,私(わたし) は 教授 です,爪 又 冖 扎,"受,皮,援"
掌,"administer, conduct, manipulate, palm of hand, rule","ショウ; たなごころ, てのひら","車掌 (しゃしょう·0) = (train) conductor; 掌の玉 (たなごころのたま) = apple of one's eye; 熊掌 (ゆうしょう·0) = bear's palm (meat treasured in ancient China); 鞅掌 (おうしょう·0) = being busy with; 掌骨 (しょうこつ·1) = bones of the palm (esp. the metacarpals, but sometimes also including the carpals)",トムは直ちに事態を掌握した。,,は 直ちに 事態 を 掌握 為る(する),口 手 尚 冖,"常,営,党"
排,"arrange, exclude, expel, line up, reject, repudiate",ハイ,"排気量 (はいきりょう·3) = (engine) displacement; 排骨 (パイクー) = Chinese-style spare ribs (esp. pork, also beef or lamb), breaded and fried; 排 (はい) = anti-",排卵がありません。,,排卵 が 有る,非 扎,"輩,罪,斐"
控,"be moderate, draw in, hold back, refrain from, withdraw","コウ; ひか.え, ひか.える","控訴審 (こうそしん·3) = appeal trial; 控訴人 (こうそにん) = appellant; 基礎控除 (きそこうじょ·3) = basic or standard deduction; 控え壁 (ひかえかべ) = buttress; お客様控 (おきゃくさまひかえ) = customer copy (of a receipt, etc.)",タバコを控えてくれ。,,煙草 を 控える 呉れる,穴 工 儿 宀 扎,"空,搾,突"
推,"conjecture, guess, infer, push (for), support, suppose",スイ; お.す,"単推し (たんおし) = (being a) fan of a single member of a music group (esp. idol group); 推戴 (すいたい·0) = (being) presided over by; 推し活 (おしかつ) = (doing) various things to support one's favourite member of a boy band, girl group, etc.; 推薦枠 (すいせんわく) = (university) admission category for recommended candidates",君の推測は的はずれだ。,,君(きみ) 推測 は 的外れ だ,扎 隹,"擁,携,雅"
措,"discontinue, except, give up, lay aside, set aside, suspend",ソ; お.く,予算措置 (よさんそち·4) = budgetary provision,適切なときに適切な措置を講ずるべきです。,,適切 時(とき) に 適切 措置 を 講ずる 可き です,｜ 一 二 日 扎,"昔,曹,担"
掲,"describe, display, hang out, hoist, publish, put up, put up (a notice)",ケイ; かか.げる,上掲 (じょうけい·0) = the above-mentioned,以下に掲げる人が合格です。,,以下 に 掲げる 人(ひと) が 合格 です,日 勹 匕 扎,"指,旬,旨"
描,"compose, draw, paint, sketch, write","ビョウ; えが.く, か.く",描きこみ (かきこみ) = adding detail (to a drawing); 描破 (びょうは·1) = depicting thoroughly; 一元描写 (いちげんびょうしゃ) = description from one perspective; 自然描写 (しぜんびょうしゃ·4) = description of nature; 描画像 (びょうがぞう) = image,円を描いてくれ。,,円(えん) を 描く 呉れる,田 扎 艾,"苗,菓,猫"
提,"carry in hand, propose, take along","ダイ, チョウ, テイ; さ.げる","提出期限 (ていしゅつきげん) = (submission) deadline; 提案書 (ていあんしょ) = (written) proposal; 菩提道場 (ぼだいどうじょう·4) = Bodhi-manda (place of Buddhist practice or meditation, esp. the place under the bodhi tree where Buddha attained enlightenment)",提携しましょう。,,提携 為る(する),日 疋 扎,"是,晶,昌"
揚,"elevate, extol, fry in deep fat, hoist, praise, raise","ヨウ; -あ.げ, あ.がる, あ.げる","揚子江鰐 (ようすこうわに) = Chinese alligator (Alligator sinesis); 烏揚羽 (からすあげは·4) = Chinese peacock (species of swallowtail butterfly, Papilio bianor); 麝香揚羽 (じゃこうあげは·4) = Chinese windmill (species of red-bodied swallowtail butterfly, Atrophaneura alcinous); 長崎揚羽 (ながさきあげは) = Great Mormon (species of swallowtail butterfly, Papilio memnon); 揚子江 (ようすこう) = Yangtze River (China)",凧揚げをしよう。,,凧揚げ を 為る(する),一 日 扎 勿,"担,晋,旦"
握,"bribe, grip, hold, mould sushi",アク; にぎ.る,"握髪吐哺 (あくはつとほ·5) = (a statesman making) extraordinary efforts to find and employ capable persons (persons of great wisdom); 握り箸 (にぎりばし·3,4) = grasping one's chopsticks the same way one might hold a walking stick (a breach of etiquette); 握力計 (あくりょくけい·0) = hand dynamometer; 握斧 (あくふ·1) = hand-axe",握手しようぜ！,,握手 為る(する) ぜ,至 土 厶 尸 扎,"渥,払,到"
揮,"brandish, shake, swing, wag, wave",キ; ふる.う,指揮権 (しきけん·2) = (exercising) the right to command; 指揮系統 (しきけいとう) = chain of command; 指揮所 (しきじょ) = command post,彼女は才能を発揮した。,,彼女 は 才能 を 発揮 為る(する),車 冖 扎,"軍,暉,探"
援,"abet, help, save",エン,援協 (えんきょう) = Beneficência Nipo-Brasileira de São Paulo (abbr.) (Japanese association in Brazil),応援してね！,,応援 為る(する) ね(#2029080),ノ 一 爪 又 扎,"友,暖,緩"
揺,"rock, shake, sway, swing, tremble, vibrate","ヨウ; うご.く, ゆ.さぶる, ゆ.すぶる, ゆ.する, ゆ.らぐ, ゆ.る, ゆ.るぐ, ゆ.れる",揺藻 (ゆれも·0) = Oscillatoria (cyanobacteria); 揺籃の地 (ようらんのち) = birthplace; 揺籃 (ようらん·0) = cradle; 揺りかご (ゆりかご·0) = cradle,地震で建物が揺れた。,,地震 で(#2028980) 建物 が 揺れる,干 爪 凵 扎,"遥,謡,凹"
搬,"carry, conveyor, transport",ハン,制約伝搬 (せいやくでんぱん) = constraint propagation; 搬入日 (はんにゅうび) = days designated for sending in exhibits (to an exhibition),この後、ミキは病院へ搬送された。,,此の 後(あと) は 病院 へ 搬送 為れる,舟 扎 殳 几 又,"般,投,盤"
搭,"board, load (a vehicle), ride",トウ,搭乗案内 (とうじょうあんない) = boarding announcement; 搭乗員 (とうじょういん·3) = crew member; 搭乗者 (とうじょうしゃ) = passenger; 搭乗率 (とうじょうりつ) = (passenger) load factor,搭乗券を拝見します。,,搭乗券 を 拝見 為る(する),口 个 扎 艾 一,"拾,含,吟"
携,"armed with, bring along, carry (in hand), portable","ケイ; たずさ.える, たずさ.わる",提携先 (ていけいさき) = business partner; 業務提携 (ぎょうむていけい) = business partnership; 病診連携 (びょうしんれんけい) = coordination of local clinics and hospitals,提携しましょう。,,提携 為る(する),ノ 扎 隹 乃,"推,秀,抄"
搾,squeeze,サク; しぼ.る,搾め木 (しめぎ) = (oil) press; 圧搾空気 (あっさくくうき·5) = compressed air; 中間搾取 (ちゅうかんさくしゅ·5) = kickback,雇い主は、時に従業員を搾取する。,,雇い主 は 時に 従業員 を 搾取 為る(する),｜ ノ 穴 儿 宀 扎,"控,突,空"
摂,"absorb, act in addition to, surrogate, take in, vicarious","ショウ, セツ; おさ.める, かね.る, と.る","摂家 (せっけ·1) = (line of) regents and advisers (advisors); 摂南大学 (せつなんだいがく) = Setsunan University; 摂津 (せっつ) = Settsu (former province located in the northern and central parts of present-day Osaka and the southeast of Hyogo prefectures); 摂政 (せっせい·1,0) = advisor (to the Ryukyuan King); 摂社 (せっしゃ·1) = auxiliary shrine (dedicated to a deity close-related to that of a main shrine)",水は摂氏０度で凍る。,,水(みず) は 摂氏 度(#1445160) で(#2028980) 凍る,耳 冫 扎,"羽,挑,撮"
摘,"clip, pick, pinch, pluck, summarize, trim",テキ; つ.む,"性腺摘除 (せいせんてきじょ) = castration; 花摘み (はなつみ·4,3) = flower picking; 子宮摘出 (しきゅうてきしゅつ) = hysterectomy",彼女は花を摘んだ。,,彼女 は 花 を 摘む(つむ),口 十 并 立 亠 冂 扎 滴,"適,嫡,敵"
摩,"chafe, grind, polish, rub, scrape","マ; さす.る, す.る, ま.する",阿摩彌姑 (あまみきょ) = Amamikyu (Ryukyuan religion creation goddess); 摩崖仏 (まがいぶつ·2) = Buddha figure carved on a rock face; 僧伽藍摩 (そうがらんま·4) = Buddhist convent or monastery; 摩耶蘭 (まやらん) = Cymbidium macrorhizon (species of orchid),彼女は摩周湖が好きです。,,彼女 は 湖(こ) が 好き(すき),手 木 广 麻,"麻,床,麿"
撃,"attack, beat, conquer, defeat",ゲキ; う.つ,"集中攻撃 (しゅうちゅうこうげき·5) = (making, launching) concentrated attack (on, against); 鼓腹撃壌 (こふくげきじょう·1) = (people) sing the praises (enjoy the blessings) of peace",動くな撃つぞ。,,動く な 撃つ(#1253570) ぞ,車 手 殳 几 又,"鍛,設,般"
撤,"disarm, dismantle, exclude, reject, remove, withdraw",テツ,軍備撤廃 (ぐんびてっぱい) = complete disarmament; 部隊撤退 (ぶたいてったい) = troop withdrawal; 撤兵 (てっぺい·0) = withdrawal of troops; 全艦撤退 (ぜんかんてったい) = All ships retreat (military command); 規制撤廃 (きせいてっぱい) = abolition of regulations,彼女は女性差別撤廃を主張した。,,彼女 は 女性差別 撤廃 を 主張 為る(する),月 亠 厶 扎 攵 乞,"徹,育,払"
撮,"snapshot, take pictures","サツ; -ど.り, つま.む, と.る","空撮 (くうさつ·0) = aerial photography; 撮像機 (さつぞうき) = camera (photo, optical); 連続撮影 (れんぞくさつえい) = continuous shooting (camera)",写真を撮ろう。,,写真を撮る,耳 日 又 扎,"暇,取,最"
撲,"beat, hit, slap, speak, strike, tell",ボク,"新相撲 (しんすもう) = ""new"" sumo (for women) conducted on a mat, wearing leotards instead of a mawashi; 足相撲 (あしずもう·3) = Indian wrestling; アマ相撲 (アマずもう) = amateur sumo",彼は大の相撲狂だ。,,彼(かれ) は 大の 相撲 狂 だ,王 人 并 羊 扎 二 大,"美,扶,僕"
擁,"embrace, hug, lead, possess, protect",ヨウ,人権擁護 (じんけんようご) = protection of human rights; 相擁 (あいよう·0) = embrace; 擁立 (ようりつ·0) = backing (for a position); 擁護論 (ようごろん) = championship,彼らは自国の権利を擁護した。,,彼ら(かれら) は 自国 の 権利 を 擁護(ようご) 為る(する),亠 扎 隹 幺,"玄,推,衣"
操,"chastity, fidelity, maneuver, manipulate, operate, steer, virginity","サン, ソウ; あやつ.る, みさお",操作卓 (そうさたく) = (operator) console,彼は体操が得意だ。,,彼(かれ) は 体操 が 得意 だ,口 木 扎 品,"杏,燥,藻"
擦,"chafe, grate, rub, scour, scrape, scratch","サツ; -ず.れ, こす.る, こす.れる, す.る, す.れる","擦文文化 (さつもんぶんか) = Satsumon culture; 擦弦楽器 (さつげんがっき) = bowed stringed instrument; 擦文 (さつもん) = brush-mark pattern (scraped into the surface of earthenware with wood); 摩擦係数 (まさつけいすう·4,6) = coefficient of friction",彼の靴は擦り減った。,,彼(かれ) 靴 は 磨り減る,ノ 示 二 小 宀 扎 癶,"察,宗,際"
擬,"aim (a gun) at, imitate, mimic, nominate","ギ; まが.い, もど.き",擬制 (ぎせい·0) = (legal) fiction; 蔓梅擬 (つるうめもどき·5) = Celastrus orbiculatus,スポーツは率直に言って模擬的な戦闘である。,,スポーツ は 率直に言って 模擬 的(てき) 戦闘 である,疋 矢 匕 扎 マ 乞,"疑,凝,老"
攻,"aggression, attack, criticize, polish",コウ; せ.める,"集中攻撃 (しゅうちゅうこうげき·5) = (making, launching) concentrated attack (on, against); 分散ＤｏＳ攻撃 (ぶんさんディーオーエスこうげき) = Distributed Denial of Service attacks; テト攻勢 (テトこうせい) = Tet Offensive (North Vietnamese offensive launched in January 1968)",専攻は何ですか。,,専攻 は 何(なに) ですか,工 攵 乞,"竹,牧,枚"
故,"cause, circumstances, consequently, especially, happenstance, intentionally, reason, the late, therefore","コ; ふる.い, もと, ゆえ","事故防止 (じこぼうし) = accident prevention; 人身事故 (じんしんじこ·5) = accident resulting in personal injury or death (esp. traffic, rail, etc.); 事故死 (じこし·2) = accidental death",事故があった。,,事故 が 有る,口 十 攵 乞,"叶,古,敵"
敏,"agile, alert, cleverness",ビン; さとい,"敏感 (びんかん·0) = sensitive, susceptible; 過敏 (かびん·0) = oversensitive; 機敏 (きびん·0) = quick, nimble; 敏捷 (びんしょう·0) = agile",犬は鼻が敏感だ。,,犬 は 鼻 が 敏感 だ,母 攵 毋 乞,"毎,繁,梅"
救,"help, reclaim, rescue, salvation, save",キュウ; すく.う,救急法 (きゅうきゅうほう) = (knowledge of) first-aid; 救癩協会 (きゅうらいきょうかい) = Leprosy Relief Association,彼は救い難い。,,彼(かれ) は 救う 難い(にくい),水 丶 攵 乞,"永,氷,竹"
敢,"bold, brave, daring, pitiful, sad, tragic","カン; あ.えず, あ.えて, あ.えない","敢闘賞 (かんとうしょう·3) = Fighting Spirit Prize (sumo, martial arts, etc.); 勇敢無比 (ゆうかんむひ) = being unmatched (unparalleled) for bravery; 敢為 (かんい·1) = daring; 敢闘 (かんとう·0) = fighting bravely",彼は勇敢だった。,,彼(かれ) は 勇敢 だ,耳 攵 乞,"厳,巌,竹"
敦,"industry, kindliness","タイ, ダン, チョウ, トン; あつ.い","倫敦 (ロンドン) = London (UK); 敦盛草 (あつもりそう·0) = large-flowered cypripedium (species of lady's slipper, Cypripedium macranthos, esp. Cypripedium macranthos var. speciosum); 別剌敦那 (ベラドンナ) = belladonna (Atropa belladonna)",,,,口 子 亠 攵 乞,"享,諄,淳"
整,"arranging, key (music), meter, organize, tone, tune","セイ; ととの.う, ととの.える",整備工 (せいびこう) = (car) mechanic; 整数比 (せいすうひ) = (expressed as) the ratios of whole numbers,髪を整えないと。,,髪 を 整える 無いと,｜ 一 口 止 木 攵 乞,"疎,政,柾"
敵,"enemy, foe, opponent","テキ; あだ, かたき, かな.う",利敵行為 (りてきこうい·4) = act which serves the interests of (benefits) the enemy; 仇敵 (きゅうてき·0) = bitter enemy; 目の敵 (めのかたき·5) = enemy,でも素敵だわ。,,でも 素敵 だ わ,口 十 并 立 亠 冂 攵 滴 乞,"適,摘,嫡"
敷,"pave, promulgate, sit, spread","フ; -し.き, し.く",折敷 (おしき·0) = (lacquered) wooden tray; 玉敷沙蚕 (たましきごかい) = Arenicola brasiliensis (species of lugworm); 金敷 (かなしき·0) = anvil; 玉敷き (たましき) = beautiful (as if adorned with jewels),敷金は必要ですか。,,敷金 は 必要 ですか,十 田 方 丶 攵 乞,"放,卑,救"
斉,"adjusted, alike, equal, similar variety of","サイ, セイ; あたる, そろ.う, はやい, ひと.しい, ひと.しく",斉魚 (えつ·1) = Japanese grenadier anchovy (Coilia nasus); 斉衡 (さいこう) = Saikō era (854.11.30-857.2.21); 一斉高 (いっせいだか) = all-round (market) advance; 一斉安 (いっせいやす) = all-round (market) decline; 不均斉 (ふきんせい) = asymmetry,乗客が一斉に乗ってきた。,,乗客 が 一斉に 乗る 来る(くる),｜ ノ 文 廾,"済,剤,斎"
斎,"Buddhist food, alike, avoid, purification, room, worship","サイ; い.む, いつ.く, いわ.う, つつし.む, とき, ものいみ",羅漢斎 (らかんさい) = Buddha's delight (vegetarian dish); 斎部 (いみべ) = Imbe clan (ancient Shinto priestly family);  dissolved in 1946); 三斎流 (さんさいりゅう) = Sansai school of tea ceremony; 聊斎志異 (りょうさいしい) = Strange stories from a Chinese studio (by Pu Songling),彼は書斎にいる。,,彼(かれ) は 書斎 に 居る(いる),｜ ノ 文 廾 斉 示 二 小,"斉,済,剤"
斐,"beautiful, patterned","イ, ヒ","甲斐犬 (かいいぬ·1) = Kai Ken (Japanese dog breed); 有斐閣 (ゆうひかく) = Yūhikaku (law book publisher); やり甲斐 (やりがい·0) = being worth doing; 甲斐路 (かいじ) = bright red table grape, a cross between a Flame Tokay and a Neo Muscat",甲斐甲斐しく働く。,,甲斐甲斐しい 働く,非 文,"輩,蚊,罪"
斗,"Big Dipper, dots and cross radical (no. 68), sake dipper, ten sho (vol)","ト, トウ","一斗 (いっと·1) = 1 ""to"" (unit of volume, approx. 18 litres); 一斗枡 (いっとます·3) = 18-litre measuring container; 斗枡 (とます·0) = 18-litre measuring container; 南斗 (なんと) = Chinese ""Dipper"" constellation (one of the 28 mansions)",北斗七星は簡単に見つかる。,,北斗七星 は 簡単 に 見つかる,,
斜,"diagonal, oblique, slanting","シャ; なな.め, はす",斜め顔 (ななめがお) = (drawing of a) face in three-quarter view; 外腹斜筋 (がいふくしゃきん) = abdominal external oblique muscle; 傾斜計 (けいしゃけい·0) = angle meter; 傾斜角 (けいしゃかく) = angle of inclination,彼女はご機嫌斜めだ。,,彼女 は ご機嫌 斜め だ,禾 斗 个 一,"科,今,稔"
斤,"1.32 lb, axe, axe radical (no. 69), catty, counter for loaves of bread",キン,斧斤 (ふきん·0) = axe; 英斤 (えいきん) = pound (unit of weight); 斤目 (きんめ·3) = weight; 一斤染 (いっきんぞめ·0) = light pink; 一斤 (いっきん) = 1 kin (approx. 0.6 kg),,,,,
斥,"recede, reject, repel, repulse, retreat, withdraw",セキ; しりぞ.ける,"除斥期間 (じょせききかん·5,4) = (time limit imposed by the) statute of limitations; 宇宙斥力 (うちゅうせきりょく) = dark energy; 除斥 (じょせき·0) = exclusion; 排斥運動 (はいせきうんどう) = expulsion movement; 斥候隊 (せっこうたい) = reconnoitering party",その国では日本製品を排斥する運動が起こっている。,,其の 国 で(#2028980) は 日本 製品 を 排斥 為る(する) 運動 が 起こる,斤 丶,"訴,芹,祈"
於,"as for, at, in, on","オ, ヨ; ああ, お.ける, おい.て, より","於 (おいて) = at; 於ける (おける·2,0) = in; に於いて (において) = in; に於ける (における) = in",,,,方 个,"防,訪,芳"
施,"alms, bestow, give, perform","シ, セ; ほどこ.す",施薬 (せやく·0) = (dispensation of) free medicine,その計画は実施された。,,其の 計画 は 実施 為れる,ノ 方 一 也 乞,"矢,年,竹"
旋,"go around, rotation","セン; いばり, め.ぐる",旋光角 (せんこうかく) = (angle of) optical rotation; 旋光度 (せんこうど) = (angle of) optical rotation; 旋条 (せんじょう) = (gun barrel) rifling,タカは空を旋回した。,,鷹 は 空(そら) を 旋回 為る(する),疋 方 乞,"竹,放,遊"
旗,"banner, national flag, standard",キ; はた,一旗 (ひとはた·2) = (one) flag; 旗門 (きもん·0) = (slalom) gate; 天皇旗 (てんのうき·3) = Imperial Standard; 黒旗魚 (くろかじき·3) = Indo-Pacific blue marlin (Makaira mazara); 芭蕉旗魚 (ばしょうかじき·4) = Indo-Pacific sailfish (Istiophorus platypterus),彼は旗をかかげた。,,彼(かれ) は 旗 を 掲げる,甘 ハ 方 乞,"竹,八,欺"
既,"already, long ago, previously",キ; すで.に,既望 (きぼう·1) = (by the lunar calendar) 16th night of the month; 既習 (きしゅう·0) = already learned; 既発表 (きはっぴょう) = already published; 既刊 (きかん·0) = already published; 既読 (きどく) = already read,既往は咎めず。,,既往 は 咎める,牙 艮,"概,慨,良"
旦,"dawn, daybreak, morning","タン, ダン; あき.らか, あきら, あさ, あした, ただし",振旦 (しんたん·0) = (ancient) China; 复旦大学 (ふくたんだいがく) = Fudan University (China); 宗旦流 (そうたんりゅう) = Sōtan school of tea ceremony; 旦つく (だんつく·1) = husband,一年の計は元旦にあり。,,一年 の 計 は 元旦 に 有る,一 日,"晋,量,胆"
旨,"clever, delicious, expert, purport, relish, show a liking for, will","シ; うま.い, むね",その旨 (そのむね) = (words to) that effect; 御旨 (みむね·1) = God's will; 内旨 (ないし·1) = emperor's secret orders; 聖旨 (せいし·1) = imperial command; 立法趣旨 (りっぽうしゅし) = legislative intent,あなたの主旨はわかる。,,貴方(あなた) の 主旨 は 分かる,日 匕,"脂,指,謁"
旬,"decameron, season (for specific products), ten-day period","シュン, ジュン",四旬節 (しじゅんせつ·2) = Lent; 上旬 (じょうじゅん·0) = first 10 days of month; 初旬 (しょじゅん·0) = first 10 days of the month; 旬の魚 (しゅんのさかな) = fish in season; 旬外れ (じゅんはずれ) = off-season,イチゴは今が旬だよ。,,苺 は 今(いま) が 旬(しゅん) だ よ,日 勹,"詢,洵,殉"
旭,"morning sun, rising sun",キョク; あさひ,旭硝子 (あさひがらす) = Asahi Glass; 旭化成 (あさひかせい) = Asahi Kasei; 旭テック (あさひテック) = Asahi Tec Corporation,,,,日 九,"晶,昌,香"
旺,"beautiful, flourishing, successful, vigorous","オウ, キョウ, ゴウ; うつくし.い, かがや.き, さかん","旺文社 (おうぶんしゃ) = Oubunsha (publisher); 気力旺盛 (きりょくおうせい) = being full of energy (drive, motivation, vitality); 旺然 (おうぜん·0) = prosperous; 士気旺盛 (しきおうせい) = morale being very high",彼は食欲旺盛だ。,,彼(かれ) は 食欲 旺盛 だ,王 日,"晶,昌,香"
昂,rise,"コウ, ゴウ; あ.がる, たか.い, たか.ぶる",昂揚感 (こうようかん) = exaltation; 軒昂 (けんこう·0) = high-spirited; 意気軒昂 (いきけんこう·1) = in high spirits; 昂然 (こうぜん·0) = elated,,,,日 卩,"昴,晶,昌"
昆,"descendants, elder brother, insect",コン,昆虫綱 (こんちゅうこう) = Insecta (class comprising the insects); 真昆布 (まこんぶ·2) = Japanese kelp (Laminaria japonica); 昆明 (こんめい) = Kunming (China); 長昆布 (ながこんぶ) = Laminaria longissima (species of kelp),鳥は昆虫の天敵です。,,鳥 は 昆虫 の 天敵 です,日 比,"混,晶,昌"
昌,"bright, clear, prosperous",ショウ; さかん,南昌 (なんしょう) = Nanchang (China); 平昌五輪 (ピョンチャンごりん) = Pyeongchang 2018 Olympic Winter Games; 昌泰 (しょうたい) = Shōtai era (898.4.26-901.7.15); 隆昌 (りゅうしょう·0) = prosperity; 玄昌石 (げんしょうせき·3) = type of slate (from Miyagi pref.),まず商売を繁昌させてから妻をめとれ。,,先ず 商売 を 繁盛 為せる から 妻(#1294330) を 娶る,日,"晶,香,間"
昭,"bright, shining",ショウ,昭和一桁 (しょうわひとけた) = (generation born in) the first nine years of the Shōwa period (1926-1934); 昭栄 (しょうえい·0) = Shoei (motorcycle helmet manufacturing company),昭和の次は平成です。,,昭和 の 次(つぎ) は 平成 です,口 刀 日,"照,唱,召"
是,"just so, justice, right, this","シ, ゼ; ここ, この, これ",是認 (ぜにん·0) = approval; 社是 (しゃぜ·1) = company policy; 昨非今是 (さくひこんぜ·1) = complete reversal of values or ways of thinking; 頑是 (がんぜ) = distinction between right and wrong; 是者 (これしゃ) = gambler,是非どうぞ。,,是非 どうぞ,日 疋,"提,堤,晶"
昴,the Pleiades,"コウ, ボウ; すばる","寒昴 (かんすばる) = Pleiades (esp. in winter); 昴宿 (ぼうしゅく·0) = Chinese ""Hairy Head"" constellation (one of the 28 mansions); 昴星 (すばるぼし·0) = Chinese ""Hairy Head"" constellation (one of the 28 mansions); 昴 (すまる·1) = Chinese ""Hairy Head"" constellation (one of the 28 mansions)",,,,日 卩,"昂,晶,昌"
晃,clear,コウ; あきらか,晃朗 (こうろう) = bright and brilliant; 晃曜 (こうよう) = dazzling brightness; 晃々 (こうこう) = brilliant,,,,一 尚 日 儿,"晋,旦,滉"
晋,advance,シン; すす.む,"晋書 (しんじょ) = History of the Jin Dynasty; 晋山 (しんざん·0,1) = taking up a new position as chief priest of a Buddhist temple; 東晋 (とうしん) = Eastern Jin dynasty (of China;  317-420 CE); 晋 (しん) = Jin dynasty (of China;  265-420 CE)",安倍内閣は、第９０代の内閣総理大臣に指名された安倍晋三が２００６年９月２６日に発足させた内閣である。,,NI 内閣 は 第 代(だい) 之(の) 内閣総理大臣 に 指名 為れる が 年(ねん) 九月 日(にち) に 発足 為せる 内閣 である,一 日,"旦,量,胆"
晏,"late, quiet, sets (sun)",アン; おそ.い,晏如 (あんじょ·1) = calm; 晏然 (あんぜん·0) = calm,,,,女 日 宀,"宴,安,晶"
晟,clear,"ジョウ, セイ; あきらか",晟 (あきらか) = bright and clear (used mainly in proper names),,,,ノ 日 戈,"成,晶,昌"
晨,"early, morning","シン; あさ, あした, とき",晨朝 (しんちょう·0) = around six o'clock AM,,,,辰 日 衣,"農,濃,晶"
晶,"clear, crystal, sparkle",ショウ,ひげ結晶 (ひげけっしょう) = (crystal) whisker; 赤水晶 (せきすいしょう) = Red Crystal (politically and religiously neutral emblem used by the International Committee of the Red Cross); 水晶貝 (すいしょうがい·3) = Strombus canarium turturella (subspecies of dog conch); 紫水晶 (むらさきすいしょう·5) = amethyst; 非結晶質 (ひけっしょうしつ) = amorphous,液晶画面は、見にくいなぁ。,,液晶 画面(がめん) は 見にくい なあ,日,"昌,香,間"
智,"intellect, reason, wisdom",チ,智利 (チリ) = Chile; 智日 (ちにち·0) = Chile and Japan; 上智大学 (じょうちだいがく) = Sophia University,智子はイソイソと出掛けていった。,,は いそいそ 出かける 行く,口 日 矢 乞,"唱,痴,舌"
暁,"dawn, daybreak, in the event","キョウ, ギョウ; あかつき, さと.る",暁新世 (ぎょうしんせい·3) = Paleocene epoch; 寒暁 (かんきょう·0) = cold winter dawn; 暁闇 (ぎょうあん·0) = dark before dawn; 暁天 (ぎょうてん·0) = dawn; 暁の空 (あかつきのそら) = dawning sky,,,,十 日 儿 廾,"昇,尭,汁"
暇,"leave of absence, leisure, rest, spare time, time","カ; いとま, ひま",休暇願い (きゅうかねがい) = application for leave; 暇な商売 (ひまなしょうばい) = dull business; 慰労休暇 (いろうきゅうか) = holiday given in recognition of one's service,暇ですよ。,,暇(ひま) です よ,日 又,"皮,漫,最"
暉,"light, shine",キ; かが.やく,旭暉 (きょっき·1) = rays of the rising sun; 夕暉 (せっき·1) = rays of the setting sun,,,,車 日 冖,"軍,晶,昌"
暑,"hot, sultry, summer heat",ショ; あつ.い,"処暑 (しょしょ·1) = ""limit of heat"" solar term (approx. August 23, when the weather is said to start cooling down); 小暑 (しょうしょ·1) = ""minor heat"" solar term (approx. July 7); 酷寒猛暑 (こっかんもうしょ) = bitter cold and fierce heat; 厳暑 (げんしょ·1) = extreme heat",今日は暑い。,,今日 は 暑い,日 老,"諸,著,署"
暖,warmth,"ダン, ノン; あたた.か, あたた.かい, あたた.まる, あたた.める",温暖化 (おんだんか·0) = (global) warming; 暖房 (だんぼう·0) = (indoor) heating; 暖竹 (だんちく·0) = Arundo donax; 温暖前線 (おんだんぜんせん·5) = a warm front,この冬は暖かい。,,此の 冬 は 暖かい,ノ 一 爪 日 又,"友,援,暇"
暢,stretch,チョウ; のび.る,暢達 (ちょうたつ·0) = fluency,君は流暢な英語を話す。,,君(きみ) は 流暢 英語 を 話す,｜ 一 日 田 勿,"申,甲,由"
暦,"almanac, calendar","リャク, レキ; こよみ",大還暦 (だいかんれき) = 120th birthday; 還暦祝い (かんれきいわい) = 60th birthday celebration (usu. celebrated with a banquet-style meal while dressed in a red hat and vest symbolizing one's return to infancy); 仏暦 (ぶつれき) = Buddhist calendar; 文暦 (ぶんりゃく) = Bunryaku era (1234.11.5-1235.9.19); 中国暦 (ちゅうごくれき) = Chinese calendar,昭和１０年は西暦１９３５年です。,,昭和 年(ねん) は 西暦 年(ねん) です,日 麻 木 厂 广,"歴,麻,床"
暫,"a while, long time, moment, temporarily",ザン; しばら.く,暫定内閣 (ざんていないかく) = caretaker government; 暫定予算 (ざんていよさん·5) = provisional budget; 暫定値 (ざんていち) = provisional figure; 暫定案 (ざんていあん) = provisional plan,私は暫く待つように言われた。,,私(わたし) は 暫く 待つ 様に 言う,斤 車 日,"晶,昌,漸"
曙,"dawn, daybreak",ショ; あけぼの,"曙草 (あけぼのそう·0) = Swertia bimaculata (species of felwort); 曙蝶々魚 (あけぼのちょうちょううお) = blackback butterflyfish (Chaetodon melannotus, species found in the Indo-Pacific); 曙貴 (あけたか) = era during mid-1990s dominated by grand champions Akebono and Takanohana II; 曙貴時代 (あけたかじだい) = era during mid-1990s dominated by grand champions Akebono and Takanohana II; 曙繻子蘭 (あけぼのしゅすらん) = leafy goodyera (Goodyera foliosa)",,,,日 買 老,"署,暑,晶"
曹,"comrade, fellow, office, official","ソウ, ゾウ",兵曹長 (へいそうちょう·3) = (Japanese Imperial Navy) chief warrant-officer; 大学別曹 (だいがくべっそう) = Heian-period boarding school (for children of a specific noble clan) established near the former central university of Kyoto; 曹洞禅 (そうとうぜん·3) = Soto Zen; 曹洞宗 (そうとうしゅう·3) = Soto school (of Zen Buddhism); 曹長石 (そうちょうせき·3) = albite,大尉は軍曹よりも階級が上だ。,,大尉 は 軍曹 よりも 階級 が 上(うえ) だ,｜ 一 日,"遭,槽,昔"
朋,"companion, friend",ホウ; とも,同朋大学 (どうほうだいがく) = Doho University; 友朋 (ゆうほう·0) = friend,,,,月,"豚,脹,脅"
朔,"conjunction (astronomy), first day of month, north",サク; ついたち,告朔 (こうさく·0) = ceremony where the Emperor would inspect the records of attendance and absence of officials; 朔望 (さくぼう·0) = first and fifteenth days of the lunar month (corresponding to new moon and full moon); 初朔日 (はつついたち·3) = first day of the second month; 晦朔 (かいさく·0) = last and first days of the month,,,,月 并 屮,"塑,朋,逆"
朕,"imperial we, majestic plural",チン,朕 (ちん·1) = We,朕はおもしろうない。,,朕 は 面白い,月 人 大 一 并,"騰,咲,勝"
朗,"bright, cheerful, clear, melodious, serene","ロウ; あき.らか, ほが.らか",朗読ＣＤ (ろうどくシーディー) = audiobook on a CD-ROM; 晃朗 (こうろう) = bright and brilliant; 明朗快活 (めいろうかいかつ) = cheerful and openhearted; 音吐朗々 (おんとろうろう·1) = in a clear voice; 朗詠 (ろうえい·0) = recitation (of Japanese or Chinese poem),彼は明朗快活な青年だ。,,彼(かれ) は 明朗 快活 青年 だ,月 艮,"良,朋,限"
朱,"bloody, cinnabar, red, scarlet, vermilion",シュ; あけ,朱文金 (しゅぶんきん·2) = Japanese shubunkin goldfish variety; 朱顔 (しゅがん·0) = flushed face; 程朱学 (ていしゅがく·3) = neo-Confucianism (based on the teaching of the Cheng brothers and Zhu Xi); 朱子学 (しゅしがく·2) = neo-Confucianism (based on the teachings of Zhu Xi and his followers),朱に交われば赤くなる。,,朱(#2273400) に 交わる 赤い 成る,｜ ノ 牛 二 ハ 木,"珠,殊,未"
朴,"crude, docile, plain, simple","ボク; えのき, ほう, ほお",朴伴 (ぼくはん) = Camellia japonica 'Bokuhan' (cultivar of common camellia); 厚朴 (ほお·1) = Japanese bigleaf magnolia (Magnolia obovata); 厚朴 (こうぼく·0) = Japanese bigleaf magnolia bark (used in Chinese medicine); 朴葉味噌 (ほおばみそ) = magnolia leaves grilled with miso and negi,素朴な疑問なんだけど、・・・トラとライオンはどっちが強いの？,,素朴 疑問 なのだ けど 虎 と ライオン は 何方(どちら) が 強い(つよい) の,卜 木,"麻,閑,采"
朽,"decay, remain in seclusion, rot",キュウ; く.ちる,青朽葉 (あおくちば) = bluish russet; 乾燥腐朽 (かんそうふきゅう) = dry rot; 永垂不朽 (えいすいふきゅう) = one's fame or achievements being passed down eternally; 朽壊 (きゅうかい·0) = rotting and crumbling; 若朽 (じゃっきゅう) = being young yet unambitious,朽ちない物は何もない。,,朽ちる 物(もの) は 何もない,一 木 勹,"本,鉢,柾"
杉,"cedar, cryptomeria",サン; すぎ,杉毒蛾 (すぎどくが) = Calliteara argentata (species of moth); 草杉蔓 (くさすぎかずら·5) = Chinese asparagus (Asparagus cochinchinensis); 杉 (スギ·0) = Japanese cedar (Cryptomeria japonica),私は、上杉憲信が好き。,,私(わたし) は が 好き(すき),木 彡,"彬,彩,麻"
李,plum,リ; すもも,行李柳 (こりやなぎ·3) = Salix koriyanagi (species of willow); 桃李満門 (とうりまんもん) = gathering of excellent and capable people; 李花 (りか·1) = plum blossoms; 干し李 (ほしすもも) = prune,,,,子 木,"麻,閑,采"
杏,apricot,"アン, キョウ, コウ; あんず",銀杏蟹 (いちょうがに) = Cancer japonicus (species of crab); 杏林大学 (きょうりんだいがく) = Kyōrin University; 杏露酒 (しんるちゅう) = Shinluchu (apricot wine),,,,口 木,"梧,格,架"
杜,"grove, woods","ズ, ト, トウ; ふさ.ぐ, もり, やまなし",杜の都 (もりのみやこ) = Capital of Trees (nickname for Sendai City); 杜仲科 (とちゅうか) = Eucommiaceae (monotypic plant family containing only the hardy rubber tree); 杜仲茶 (とちゅうちゃ) = Tochū tea (high in minerals and reputed to be beneficial for weight loss and in cases of high blood pressure); 杜撰脱漏 (ずさんだつろう) = careless (slipshod) and with many omissions; 杜氏 (とうじ·1) = chief brewer at a sake brewery,休みの前などは少し羽目を外して飲むのだが、杜仲茶割りで飲むと二日酔いが全くない。,,休み 之(の) 前(まえ) 等(など) は 少し 羽目を外す 飲む のだ が 杜仲茶 割 で(#2028980) 飲む と 二日酔い が 全く 無い,土 木,"桂,栽,圭"
条,"article, clause, counter for articles, clauses, paragraphs, etc., item, streak, stripe, twig","ジョウ, チョウ, デキ; えだ, すじ",鉄条網 (てつじょうもう·3) = (barbed) wire entanglements; 旋条 (せんじょう) = (gun barrel) rifling; 条鰭綱 (じょうきこう) = Actinopterygii (class of the ray-finned fishes),条件を決める。,,条件 を 決める,木 夂 攵,"格,柊,枚"
松,pine tree,ショウ; まつ,"西洋松露 (せいようしょうろ·5) = (European) truffle; 唐松 (からまつ·0,2) = (Japanese) larch (Larix leptolepis, Larix kaempferi); 松韻 (しょういん·0) = (music of) wind through pine trees; 松葉貝 (まつばがい) = Cellana nigrolineata (species of limpet); 松貂 (まつてん) = European pine marten (Martes martes)",これは格好のよい松の木だ。,,此れ は 格好のよい 松の木 だ,ハ 木 厶,"公,八,魅"
析,"analyze, chop, divide, tear",セキ,人工透析 (じんこうとうせき·5) = (artificial) dialysis,状況をどう分析しますか。,,状況 を 如何(どう) 分析 為る(する) か,斤 木,"新,薪,麻"
枠,"(kokuji), bounding-box, frame, framework, spindle, spool",わく,推薦枠 (すいせんわく) = (university) admission category for recommended candidates; 外枠 (そとわく·0) = border; 文字枠 (もじわく) = character body,彼はドア枠の下に立った。,,彼(かれ) は ドア 枠 の 下(した) に 立つ,九 十 木,"汁,雑,酔"
枢,"center of things, door, hinge, pivot","シュ, スウ; からくり, とぼそ","悪の枢軸 (あくのすうじく) = Axis of Evil (Iran, Iraq and North Korea); 枢軸国 (すうじくこく·4) = Axis powers (World War II); 枢密院 (すうみついん·4) = Privy Council (abolished in 1947)",東京は今や世界経済の中枢だ。,,東京 は 今や 世界経済 の 中枢 だ,木 匚,"臣,巨,麻"
架,"construct, erect, frame, mount, shelf, support","カ; か.かる, か.ける",架空索道 (かくうさくどう) = aerial ropeway; 排架 (はいか) = arrangement (of books in a library); 在架 (ざいか) = available on shelf (of a book in a library); 架間 (かかん·0) = between equipment; 棺架 (かんか) = bier,牧師は十字架を作った。,,牧師 は 十字架 を 作る,口 木 力,"杏,加,勅"
柄,"build, character, crank, design, grip, handle, knob, nature, pattern, shaft","ヘイ; え, がら, つか",総柄 (そうがら·0) = (clothing) patterned all over; 青矢柄 (あおやがら) = bluespotted cornetfish (Fistularia commersonii); 銘柄米 (めいがらまい·0) = brand-name rice; 銘柄牛肉 (めいがらぎゅうにく) = branded beef; 所柄 (ところがら·0) = character of a particular place,お二人の間柄は？,,御(お) 二人 の 間柄 は,一 人 木 冂,"丙,本,内"
柊,holly,"シュ, シュウ; ひいらぎ",西洋柊 (せいようひいらぎ·5) = English holly (Ilex aquifolium); 柊菜 (ひいらぎな) = mizuna (Brassica rapa var. nipposinica); 柊南天 (ひいらぎなんてん·5) = Mahonia japonica; 柊鰯 (ひいらぎいわし) = sardine and holly charm; 柊 (ひらぎ·1) = holly,,,,木 夂 丶,"格,柱,条"
某,"a certain, one, so-and-so, that person","ボウ; それがし, なにがし",某高校 (ぼうこうこう) = a certain high school; 某月 (ぼうげつ·1) = a certain month; 某誌 (ぼうし) = a certain publication; 某国 (ぼうこく·1) = certain country; 某日 (ぼうじつ·1) = certain day,我々は某氏からそれを聞いたのだ。,,我々 は 某氏 から 其れ を 聞く のだ,甘 木,"謀,棋,媒"
染,"color, dye, paint, print, stain","セン; し.み, し.みる, そ.まる, そ.める",捺染 (おしぞめ·0) = (textile) printing,伝染病だってさ。,,伝染病 だ って さ,九 汁 木,"雑,枠,漱"
柚,citron,"ジク, ユ, ユウ; ゆず","柚香焼 (ゆうがやき) = citrus-grilled; 晩白柚 (ばんぺいゆ) = cultivar of pomelo (Citrus maxima, Citrus grandis); 柚坊 (ゆずぼう·2) = swallowtail butterfly larva (a pest of citrus plants); 柚餅子 (ゆべし·1) = sweet yuzu-flavoured steamed dumpling; 柚 (ゆ·1) = yuzu (Citrus ichangensis x C. reticulata)",,,,｜ 日 木 田,"棟,東,申"
柳,willow,リュウ; やなぎ,"熊柳 (くまやなぎ·3) = Berchemia racemosa (species of flowering plant related to buckthorn); 柳 (りゅう·0) = Chinese ""Willow"" constellation (one of the 28 mansions); 未央柳 (びょうやなぎ·4) = Chinese hypericum (Hypericum monogynum); 花柳 (はなやぎ·0) = Hanayagi school of Japanese dancing; 西洋箱柳 (せいようはこやなぎ·7) = Lombardy poplar (Populus nigra var. italica)",柳の下の泥鰌。,,柳(やなぎ) の 下(した) の 泥鰌,木 卩,"卯,麻,閑"
柾,"(kokuji), spindle tree, straight grain","まさ, まさき, まさめ",柾 (まさき·0) = Japanese spindletree (Euonymus japonicus); 柾の葛 (まさきのかずら·0) = Asiatic jasmine (Trachelospermum asiaticum); 柾目 (まさめ·0) = straight grain,,,,一 止 木,"本,疎,整"
栓,"bolt, bung, cork, plug, stopper",セン,角栓 (かくせん) = blackhead; 瓶の栓 (びんのせん) = bottle stopper; 脳塞栓 (のうそくせん) = cerebral embolism; 脳血栓 (のうけっせん·3) = cerebral thrombosis; 共同水栓 (きょうどうすいせん) = common faucet,元栓、しまってる。,,元栓 閉まる,王 木 个,"琳,琴,珍"
栗,chestnut,"リ, リツ; おののく, くり","支那栗 (しなぐり) = Chinese chestnut (Castanea mollissima); 蝦夷栗鼠 (えぞりす) = Hokkaido squirrel (subspecies of red squirrel, Sciurus vulgaris orientis)",彼は通りから栗を取り除いた。,,彼(かれ) は 通り(とおり) から 栗 を 取り除く,西 木,"標,麻,閑"
栞,"bookmark, guidebook",カン; しおり,"栞 (しおり·0) = bookmark, guidebook",,,,干 木,"楠,麻,閑"
株,"counter for small plants, shares, stock, stocks, stump",シュ; かぶ,デルタ株 (デルタかぶ) = (SARS-CoV-2) Delta variant; 菌株 (きんかぶ·1) = (bacterial) strain; 株金 (かぶきん·0) = (money for) stock investment,株価が下がった。,,株価 が 下がる,牛 木,"朱,珠,殊"
核,"core, kernel, nucleus",カク,地核 (ちかく·0) = (Earth's) core; 核大国 (かくたいこく) = (major) nuclear power (i.e. one of the five NPT-designated nuclear weapon states); 核燃料化 (かくねんりょうか) = (nuclear fuel) enrichment,これがその問題の核心である。,,此れ が 其の 問題 の 核心 である,人 木 亠 ノ 丶,"亥,該,劾"
栽,"plantation, planting",サイ,栽培種 (さいばいしゅ) = agricultural species; 栽培 (さいばい·0) = cultivation; 温室栽培 (おんしつさいばい) = greenhouse horticulture,彼女は薔薇を栽培した。,,彼女 は 薔薇 を 栽培 為る(する),土 木 戈,"桂,杜,圭"
桂,"Japanese Judas-tree, cinnamon tree",ケイ; かつら,"桂科 (かつらか) = Cercidiphyllaceae (monotypic plant family containing the katsura trees); 広葉桂 (ひろはかつら) = Cercidiphyllum magnificum (species of katsura); 月桂冠 (げっけいかん·3) = Gekkeikan (sake manufacturer); 藪肉桂 (やぶにっけい·3) = Japanese cinnamon (Cinnamomum japonicum); 桂園時代 (けいえんじだい) = Keien period (between the end of the Russo-Japanese War and the Taisho Political Crisis, approx. 1905-1912)",桂子の両親は彼女を説き伏せて彼とのデートを思いとどまらせた。,,の 両親 は 彼女 を 説き伏せる 彼(かれ) と の デート を 思いとどまる,土 木,"杜,栽,圭"
桃,peach,トウ; もも,安土桃山 (あづちももやま) = Azuchi-Momoyama period (approx. 1558-1600); 沢胡桃 (さわぐるみ·3) = Japanese wing nut (Pterocarya rhoifolia); 鬼胡桃 (おにぐるみ·3) = Manchurian walnut (Juglans mandshurica); 桃太郎 (ももたろう) = Momotarō (Japanese folk tale and popular hero),桃は甘い。,,桃 は 甘い(あまい),木 儿 冫,"兆,羽,逃"
案,"bench, draft, expectation, fear, idea, plan, ponder, proposition, suggestion, table, worry",アン; つくえ,検案 (けんあん·0) = (external) examination of a body to determine the time and cause of death (carried out by a doctor); 法律案 (ほうりつあん·4) = (legislative) bill; 提案書 (ていあんしょ) = (written) proposal; ドーズ案 (ドーズあん) = Dawes Plan,いい案だ！,,いい 案(あん) だ,女 木 宀,"安,楼,桜"
桐,paulownia,"トウ, ドウ; きり",油桐 (あぶらぎり·3) = Japanese tungoil tree (Vernicia cordata); 桐生大学 (きりゅうだいがく) = Kiryu University,,,,口 木 冂 一,"杏,本,尚"
桑,mulberry,ソウ; くわ,桑年 (そうねん) = 48 years of age; 扶桑教 (ふそうきょう) = Fuso-kyo (sect of Shinto); 扶桑社 (ふそうしゃ) = Fusosha Publishing; 八丈桑 (はちじょうぐわ·5) = Morus kagayamae (species of mulberry); 桑港 (そうこう) = San Francisco,,,,又 木,"板,皮,極"
桜,cherry,"オウ, ヨウ; さくら",青の栂桜 (あおのつがざくら) = Aleutian mountainheath (Phyllodoce aleutica); 支那実桜 (しなみざくら) = Chinese sour cherry (Prunus pseudocerasus); 富士桜 (ふじざくら·3) = Fuji cherry (Prunus incisa); 豆桜 (まめざくら·3) = Fuji cherry (Prunus incisa),桜が見ごろだ。,,桜 が 見頃 だ,女 尚 木,"楼,梢,案"
桟,"bolt (door), cleat, frame, jetty, scaffold","サン, セン; かけはし",浮き桟橋 (うきさんばし·3) = floating pier; 障子の桟 (しょうじのさん) = frame of a shoji (paper sliding-door); 桟唐戸 (さんからど·4) = panelled wooden door; 桟瓦 (さんがわら·3) = pantile; 桟俵 (さんだわら·3) = straw lid covering either end of a rice container,,,,木 戈 二,"銭,浅,残"
梅,plum,バイ; うめ,空梅雨 (からつゆ·0) = (unusually) dry rainy season; 蔓梅擬 (つるうめもどき·5) = Celastrus orbiculatus,梅雨です。,,梅雨 です,母 木 毋 乞,"毎,敏,侮"
梓,"catalpa tree, woodblock printing",シ; あずさ,梓宮 (しきゅう) = Emperor's coffin (made of catalpa wood); 梓巫女 (あずさみこ·4) = female medium who summons spirits by sounding the string of a catalpa bow; 玉梓 (たまずさ) = (precious) letter; 梓匠 (ししょう) = cabinetmaker,,,,十 辛 木 立,"辛,幸,宰"
梢,"treetops, twig","ショウ; くすのき, こずえ",梢子 (しょうし) = boatman; 末梢神経 (まっしょうしんけい·5) = peripheral nerves; 黄梢 (こうしょう) = spring of yellow buds; 末梢的 (まっしょうてき·0) = trivial,,,,月 尚 木,"肖,棚,朋"
梧,"Chinese parasol tree, phoenix tree",ゴ; あおぎり,"蒼梧 (そうご·1) = Chinese parasol-tree (Firmiana simplex); 梧桐 (あおぎり·0,2) = Chinese parasol-tree (Firmiana simplex); 抵梧 (ていご) = disagreement",,,,口 木 五,"杏,舌,石"
梨,pear tree,リ; なし,唐梨 (からなし) = Chinese quince (Pseudocydonia sinensis); 岩梨 (いわなし) = Epigaea asiatica; 西洋梨 (せいようなし·3) = European pear (Pyrus communis); 玄圃梨 (けんぽなし·3) = Japanese raisin tree (Hovenia dulcis),僕は梨を無料でもらった。,,僕(ぼく) は 梨 を 無料 で(#2028980) 貰う,禾 刈 木,"利,莉,痢"
棄,"abandon, discard, reject, resign, sacrifice, throw away",キ; す.てる,"遺棄児 (いきじ·1,0) = abandoned child; 遺棄貨物 (いきかもつ) = abandoned goods; 棄民 (きみん·0) = abandoned people (people left to fend for themselves after a war or natural disaster); 遺棄罪 (いきざい·2) = abandonment; 耕作放棄 (こうさくほうき) = abandonment of cultivation",棄権が二票あった。,,棄権 が 二 票 有る,一 木 亠 凵 厶,"本,衣,凹"
棋,"Japanese chess, chess piece, shogi",キ; ご,平安将棋 (へいあんしょうぎ) = Heian shogi (precursor to modern shogi); 関西棋院 (かんさいきいん) = Kansai Go Institution; 日本棋院 (にほんきいん) = Nihon Kiin (national go organization of Japan); 大局将棋 (たいきょくしょうぎ) = Taikyoku shogi (variant of shogi),私は将棋を少々やります。,,私(わたし) は 将棋 を 少々 遣る,甘 ハ 木,"某,八,謀"
棚,"ledge, mantle, mount, rack, shelf, trellis","ホウ; -だな, たな","荷棚 (にだな) = (overhead) luggage rack (on a train, bus, etc.); 網棚 (あみだな·0) = (overhead) luggage rack (on a train, bus, etc.); 書棚 (しょだな·0) = bookshelf; 厨子棚 (ずしだな·0) = cabinet with double doors (used by the nobility to store books, etc.); 棚経 (たなぎょう) = chanting sutras in front of a shōryōdana (of a monk during the Bon Festival)",私は戸棚を覗いた。,,私(わたし) は 戸棚 を 覗く,月 木,"梢,朋,麻"
棟,"ridge, ridgepole","トウ; むな-, むね","汗牛充棟 (かんぎゅうじゅうとう·0) = (having, there being) a great number of books; 病棟 (びょうとう·0) = (hospital) ward; 管理棟 (かんりとう·0) = administrative building; 炊飯棟 (すいはんとう) = campground cooking pavilion; 棟上げ式 (むねあげしき·4) = framework raising ceremony",彼は将来国家の棟梁たるべき器だ。,,彼(かれ) は 将来 国家 の 棟梁(とうりょう) たる(#2092660) 可き 器(うつわ) だ,｜ 一 日 木 田,"東,陳,欄"
棺,"casket, coffin",カン,棺架 (かんか) = bier; 入棺 (にゅうかん·0) = placing in the coffin; 納棺 (のうかん·0) = placing of body in coffin,,,,口 木 宀 ｜,"官,杏,中"
椋,"grey starling, type of deciduous tree",リョウ; むく,"椋 (むく·1) = Aphananthe oriental elm (Aphananthe aspera); 星椋鳥 (ほしむくどり) = common starling; 小椋鳥 (こむくどり·3,2) = red-cheeked myna (Sturnus phillippensis); 椋鳥擬 (むくどりもどき) = crow blackbird",,,,口 小 木 亠,"杏,諒,涼"
椎,"chinquapin, mallet, spine","スイ, ツイ; う.つ, つち",小椎 (こじい) = Castanopsis cuspidata (species of chinquapin); 円ら椎 (つぶらじい·3) = Castanopsis cuspidata (species of chinquapin); いた椎 (いたじい·2) = Castanopsis sieboldii (species of chinquapin); すだ椎 (すだじい·2) = Castanopsis sieboldii (species of chinquapin),「椎茸」はキノコの一種だ。,,椎茸 は 茸 の 一種 だ,木 隹,"雑,権,麻"
検,"examination, investigate",ケン; しら.べる,検温器 (けんおんき·3) = (clinical) thermometer; 検案 (けんあん·0) = (external) examination of a body to determine the time and cause of death (carried out by a doctor); 南極探検 (なんきょくたんけん) = Antarctic expedition,すぐに点検します。,,直ぐに 点検 為る(する),口 人 木 个,"杏,険,剣"
椰,coconut tree,ヤ; やし,花椰菜 (はなやさい·3) = cauliflower; 椰子の実 (やしのみ) = coconut; 椰子油 (やしゆ·2) = coconut oil,,,,耳 邦 木,"耶,麻,閑"
椿,camellia,"チュン, チン; つばき",佗助椿 (わびすけつばき) = Camellia japonica 'Wabisuke' (cultivar of common camellia); 香椿 (ちゃんちん) = Chinese mahogany (Toona sinensis); 寒椿 (かんつばき·3) = camellia-like plant native to China; 椿庭 (ちんてい·0) = father; 肥後椿 (ひごつばき) = higo camellia (Camellia japonica var.),,,,一 二 日 木 人 大,"槻,棒,天"
楊,willow,ヨウ; やなぎ,"白楊 (はくよう·0) = Japanese aspen (Populus tremula var. sieboldii); 朝熊黄楊 (あさまつげ·3) = Japanese box tree (Buxus microphylla var. japonica); 犬黄楊 (いぬつげ·2,0) = Japanese holly (Ilex crenata); 楊弓場 (ようきゅうば·0) = archery range (sometimes a front for a brothel); 高楊子 (たかようじ·3) = leisurely, post-meal use of a toothpick",武士は食わねど高楊枝。,,武士(ぶし) は 食う 高楊枝,一 日 木 勿,"本,晋,旦"
楓,maple,フウ; かえで,楓 (ふう·1) = Formosan sweetgum (Liquidambar formosana); 羽団扇楓 (はうちわかえで·5) = Japanese maple (Acer japonicum); いろは楓 (いろはかえで·4) = Japanese maple (Acer palmatum); 楓属 (ふうぞく·1) = Liquidambar (sweetgum genus); 鉄楓 (てつかえで) = Nippon maple (Acer nipponicum),,,,風 木 几 虫 ノ,"机,颯,蝶"
楠,camphor tree,"ゼン, ダン, ナン, ネン; くす, くすのき",東石楠花 (あずましゃくなげ) = Azuma rhododendron (Rhododendron metternichii var.); 本石楠花 (ほんしゃくなげ) = Rhododendron metternichii,,,,干 十 并 木 冂,"南,献,栞"
楼,"high building, lookout, watchtower",ロウ; たかどの,"妓楼 (ぎろう·0,1) = brothel; 倡楼 (しょうろう·0) = brothel; 空中楼閣 (くうちゅうろうかく·5) = castle in the air; 白玉楼 (はくぎょくろう·4) = celestial tower where poets, artists, etc. were said to go in the afterlife; 殿楼 (でんろう·0) = high palace tower",蜃気楼は幻影だと言われている。,,蜃気楼 は 幻影 だ と言われる,女 米 木,"桜,案,媒"
概,"approximation, condition, generally, outline",ガイ; おおむ.ね,会社概要 (かいしゃがいよう) = company overview; 概念記号 (がいねんきごう) = concept symbol; 概念文書 (がいねんぶんしょ) = conceptual-document,冗談も大概にしろ！,,冗談 も 大概にする,牙 艮 木,"根,既,良"
榛,"filbert, hazelnut","シン, ハン; はしばみ, はり",西洋榛 (せいようはしばみ) = Eurasian hazel (Corylus avellana); 榛 (はぎ·0) = Japanese alder (Alnus japonica); 榛の木 (はんのき·1) = Japanese alder (Alnus japonica); 夜糞峰榛 (よぐそみねばり·4) = Japanese cherry birch (Betula grossa),,,,一 禾 人 二 木,"秦,奏,本"
槙,"ornamental evergreen, twig","シン, テン; こずえ, まき","伊吹柏槙 (いぶきびゃくしん·4) = Chinese juniper (Juniperus chinensis); 柏槙 (びゃくしん·3,2) = Chinese juniper (Juniperus chinensis); 羅漢槙 (らかんまき·2) = Podocarpus macrophyllus var. maki (variety of yew plum pine)",,,,十 ハ 木 目,"植,貝,相"
槻,Zelkova tree,キ; つき,槻の木 (つきのき) = Japanese zelkova; 槻欅 (つきげやき·3) = Japanese zelkova (Zelkova serrata); 槻 (けやき·0) = Japanese zelkova (Zelkova serrata),,,,見 人 大 木 一 二,"椿,棒,天"
槽,"tank, tub, vat",ソウ; ふね,浄化槽法 (じょうかそうほう) = Purification Tank Act; 歯槽骨 (しそうこつ) = alveolar bone; 浴槽 (よくそう·0) = bathtub; 槽 (そう·1) = body (of a biwa),歯槽膿漏があります。,,歯槽膿漏 が 有る,｜ 一 日 木,"棟,東,曹"
標,"emblem, evidence, imprint, mark, seal, signpost, souvenir, stamp, symbol, target, trademark","ヒョウ; しるし, しるべ","目標 (もくひょう·0) = goal, target; 標準 (ひょうじゅん·0) = standard, norm; 商標 (しょうひょう·0) = trademark; 指標 (しひょう·0) = indicator",銃を標的にあわせろ。,,銃 を 標的 合わせる,示 二 小 西 木,"禁,票,襟"
模,"copy, imitation, mock","ボ, モ",総模様 (そうもよう·3) = (clothing) patterned all over; 骨格模型 (こっかくもけい) = (human) skeletal model,雨模様だ。,,雨 模様 だ,大 日 木 艾,"暮,菖,膜"
樹,"establish, set up, timber, trees, wood",ジュ; き,槐樹 (かいじゅ·1) = Japanese pagoda tree (Sophora japonica); 積水樹脂 (せきすいじゅし) = Sekisui Jushi Corporation,寄らば大樹の陰。,,寄る 大樹 の 陰(かげ),口 寸 土 豆 并 木,"闘,豆,桂"
樺,"birch, dark red","カ; かば, かんば",樺の木科 (かばのきか) = Betulaceae (birch family); 白樺 (しらかんば·3) = Japanese white birch (Betula platyphylla var. japonica); 白樺油 (しらかばゆ·4) = Japanese white birch oil; 樺太 (からふと) = Karafuto (Japanese name for Sakhalin),,,,｜ 一 木 艾,"華,蘭,茉"
橘,mandarin orange,キツ; たちばな,橘神道 (たちばなしんとう) = Tachibana Shinto (Edo-period sect of Suika Shinto popularized by Mitsuyoshi Tachibana); 橘月 (たちばなづき·4) = fifth lunar month,,,,口 矛 木 儿 冂,"杏,尚,向"
檀,"cedar, sandalwood, spindle tree","タン, ダン; まゆみ",檀林派 (だんりんは·0) = Danrin school (of haikai poetry); 檀香 (だんこう) = Indian sandalwood (Santalum album); 檀香梅 (だんこうばい) = blunt-lobed spice bush (Lindera obtusiloba); 十八檀林 (じゅうはちだんりん·5) = eighteen centers of Buddhist learning (of the Pure Land sect in the Kanto region),,,,一 口 日 木 亠,"杏,本,晋"
欄,"blank, column, handrail, space",ラン; てすり,"経済欄 (けいざいらん) = (newspaper's) financial columns; 麦欄 (むぎらん) = Bulbophyllum inconspicuum (species of orchid); ラテ欄 (ラテらん) = TV and radio listings (in a newspaper, etc.); 解答欄 (かいとうらん·3) = answer column (section)",脚注はページの下欄にある。,,脚注 は 頁(ページ) の 下(した) 欄(らん) に 有る,｜ 一 日 木 門 田,"棟,東,槽"
欣,"rejoice, take pleasure in","キン, コン, ゴン; よろこ.び, よろこ.ぶ",欣求 (ごんぐ·1) = earnest aspiration (to go to paradise); 欣喜雀躍 (きんきじゃくやく·1) = jump up for joy; 欣喜 (きんき·1) = pleasure; 欣求浄土 (ごんぐじょうど·4) = seeking rebirth in the Pure Land; 欣懐 (きんかい·0) = thinking happily of,,,,斤 欠,"飲,軟,芹"
欺,"cheat, deceit, delude",ギ; あざむ.く,信用詐欺 (しんようさぎ) = confidence game; 金融詐欺 (きんゆうさぎ) = financial fraud; 詐欺罪 (さぎざい·2) = fraud,詐欺師が捕まった。,,詐欺師 が 捕まる,甘 欠 ハ,"八,棋,期"
欽,"long for, respect, revere","キン, コン; つつし.む",欽定憲法 (きんていけんぽう·5) = constitution granted by the Emperor; 欽慕 (きんぼ·1) = adoration; 欽仰 (きんぎょう) = reverence,,,,金 欠,"飲,鈍,針"
款,"article, collusion, friendship, goodwill, section",カン,借款 (しゃっかん·0) = (international) loan; 円借款 (えんしゃっかん·3) = international yen loan; 長期借款 (ちょうきしゃっかん) = long-term loan; 仮定款 (かりていかん) = provisional articles; 定款 (ていかん·0) = articles of incorporation,ついに我がデジタルグルーヴクラブの定款が完成しました。,,遂に 我が の 定款 が 完成 為る(する),欠 士 示 二 小,"示,隷,禁"
歓,"delight, joy",カン; よろこ.ぶ,歓喜天 (かんぎてん·3) = Nandikesvara (Ganesh in the Buddhist pantheon); 歓喜の歌 (かんきのうた) = Ode to Joy (choral fourth movement of Beethoven's Symphony No. 9); 合歓 (ごうかん·0) = enjoying pleasure together; 歓送会 (かんそうかい·3) = farewell party,歓声が上がった。,,歓声 が 上がる,欠 隹 矢 乞,"観,権,竹"
殉,"follow by resigning, martyrdom",ジュン,殉国 (じゅんこく·0) = dying for one's country; 殉教者 (じゅんきょうしゃ·3) = martyr; 殉教 (じゅんきょう·0) = martyrdom; 殉難 (じゅんなん·0) = martyrdom; 殉職者 (じゅんしょくしゃ) = person who has died at his post (in the performance of his duties),,,,日 勹 歹,"旬,晶,昌"
殊,"especially, exceptionally, particularly",シュ; こと,文殊様 (もんじゅさま) = Manjusri (bodhisattva),私は特殊部隊に勤務する。,,私(わたし) は 特殊 部隊 に 勤務 為る(する),｜ ノ 牛 二 ハ 木 歹,"朱,珠,未"
殖,"augment, increase, multiply, raise","ショク; ふ.える, ふ.やす",増殖因子 (ぞうしょくいんし) = (cell) growth factor; 芽殖孤虫 (がしょくこちゅう) = Sparganum proliferum (species of worm); 拓殖銀行 (たくしょくぎんこう) = Takushoku Bank,うさぎは繁殖が早い。,,兎 は 繁殖 が 早い,十 目 歹,"汁,植,盾"
殴,"assault, beat, hit, thrash",オウ; なぐ.る,殴り合い (なぐりあい·0) = fist fight; 殴るける (なぐるける) = punching and kicking; 棒で殴る (ぼうでなぐる) = to hit with a club; 殴殺 (おうさつ·0) = beating to death; たこ殴り (タコなぐり) = hitting endlessly,彼は彼女を殴った。,,彼(かれ) は 彼女 を 殴る,ノ 丶 匚 殳 几 又,"殺,双,凡"
殻,"husk, nut shell","カク, コク, バイ; から, がら",地殻 (ちかく·0) = (Earth's) crust; 炭殻 (たんがら) = (coal) cinders; 甲殻綱 (こうかくこう) = Crustacea; 紋殻通 (もんがらどおし) = Fowler's snake eel (Ophichthus erabo),卵の殻は壊れやすい。,,卵(たまご) の 殻(から) は 壊れる 易い,士 冖 殳 几 又,"穀,冗,鍛"
毅,strong,"キ, ギ; つよ.い","聡明剛毅 (そうめいごうき) = be reasonable, strong and do not give in; 剛毅果断 (ごうきかだん) = dauntless and decisive; 毅然 (きぜん·0) = resolute; 剛毅 (ごうき·1) = fortitude",５年に及ぶ、つらかったガンの治療期間中、彼は何とか弱音をはかず毅然とした態度を崩さなかった。,,年(ねん) に 及ぶ 辛い(つらい) 癌 の 治療 期間 中(ちゅう) 彼(かれ) は 何とか 弱音をはく 毅然 為る(する) 態度 を 崩す,立 亠 殳 豕 几 又,"鍛,設,般"
毬,"ball, burr","キュウ; いが, まり",松毬魚 (まつかさうお·4) = Japanese pinecone fish (Monocentris japonica); 松毬貝 (まつかさがい) = Pronodularia japanensis (species of freshwater mussel); 小手毬 (こでまり·2) = Reeves spirea (Spiraea cantoniensis); 金葉手毬 (きんばでまり) = Viburnum plicatum var. plicatum; 三毬杖 (さぎちょう·0) = burning of New Year's gate decorations (usu. on the 15th day of the New Year),,,,水 毛 丶 亠,"永,氷,衣"
氏,"clan, family name, surname","シ; -うじ, うじ","源氏名 (げんじな·3) = ""professional name"" used by hostesses and geisha; 諸氏 (しょし·1) = (all of) you or them; 漢氏 (あやうじ) = Aya clan; 華氏 (かし·1) = Fahrenheit; 藤氏 (とうし·1) = Fujiwara family",人は氏より育ち。,,人(ひと) は 氏(うじ) より 育ち,,
汁,"broth, gravy, juice, pus, sap, soup","ジュウ; -しる, しる, つゆ",だんご汁 (だんごじる) = Japanese dumpling soup; 根深汁 (ねぶかじる·4) = Welsh onion miso soup; 汁男優 (しるだんゆう) = adult video actor specialising in bukkake,味噌汁が温まった。,,味噌汁 が 暖まる,十,"隼,針,辛"
汐,"eventide, opportunity, salt water, tide","セキ; うしお, しお, せい",引き汐 (ひきしお·0) = ebb tide; 夕汐 (ゆうしお·0) = evening tide; 潮汐摩擦 (ちょうせきまさつ·5) = tidal friction; 潮汐発電 (ちょうせきはつでん) = tidal power generation; 潮汐 (ちょうせき·0) = tide,,,,汁 夕,"多,液,酒"
江,"bay, creek, inlet",コウ; え,江上 (こうじょう·0) = (on the) bank of a large river; 揚子江鰐 (ようすこうわに) = Chinese alligator (Alligator sinesis); 江都 (こうと·1) = Edo; 江戸湾 (えどわん) = Edo Bay,彼は松江に７年間住んでいた。,,彼(かれ) は に 年間 住む,工 汁,"鴻,酒,虹"
汰,"filtering, luxury, sieving, washing, weeding out","タ, タイ; おご.る, にご.る, よな.げる","暴力沙汰 (ぼうりょくざた·0) = (committing, resorting to) an act of violence; ご沙汰 (ごさた·2) = (imperial) words; 人為淘汰 (じんいとうた·4) = artificial selection; 喧嘩沙汰 (けんかざた) = beginning (developing into) a quarrel (a fight, an altercation); 刃傷沙汰 (にんじょうざた·0) = bloodshed",ご無沙汰しました。,,ご無沙汰 為る(する),汁 大 丶,"泳,沢,駄"
汽,"steam, vapor",キ,汽艇 (きてい·0) = (steam) launch; 関西汽船 (かんさいきせん) = Kansai Kisen; 加藤汽船 (かとうきせん) = Katou Kisen; 汽車馬陸 (きしゃやすで) = Parafontaria laminata (species of millipede),あ、汽車が来た。,,あ 汽車 が 来る(くる),汁 气 乞,"竹,気,激"
沖,"offing, open sea, rise high into sky","チュウ; おき, おきつ, ちゅう.する, わく","沖縄戦 (おきなわせん) = Battle of Okinawa (April, 1945)",沖縄は１年中よい気候だ。,,沖縄 は 年中 良い 気候 だ,｜ 汁 口,"渦,中,瀬"
沙,sand,"サ, シャ; すな, よなげる","暴力沙汰 (ぼうりょくざた·0) = (committing, resorting to) an act of violence; ご沙汰 (ごさた·2) = (imperial) words; 玉敷沙蚕 (たましきごかい) = Arenicola brasiliensis (species of lugworm); 長沙 (ちょうさ) = Changsha (China)",ご無沙汰しました。,,ご無沙汰 為る(する),ノ 汁 小,"渉,少,裟"
没,"die, disappear, drown, fall into, hide, sink","ボツ, モツ; おぼ.れる, しず.む, ない",日本沈没 (にっぽんちんぼつ) = Japan Sinks (1973 novel by Sakyo Komatsu); 日没後 (にちぼつご) = after sunset; 日没前 (にちぼつぜん) = before sunset; 覆没 (ふくぼつ·0) = capsizing and sinking,月が没した。,,月(つき) が 没する,汁 殳 几 又,"鍛,設,般"
沢,"brilliance, grace, marsh, swamp","タク; うるお.い, うるお.す, さわ, つや","相沢事件 (あいざわじけん) = Aizawa incident (assassination of Major General Tetsuzan Nagata by Lieutenant Colonel Saburo Aizawa;  August 12, 1935); 沢鵟 (ちゅうひ) = Eastern marsh harrier (Circus spilonotus); 沢蘭 (さわらん) = Eleorchis japonica (species of orchid); 藤沢製薬 (ふじさわせいやく) = Fujisawa Pharmaceutical (now Astellas Pharma); 沢蟹 (さわがに·0) = Japanese freshwater crab (Geothelphusa dehaani)",金沢は静かな町です。,,は 静か 町(まち) です,汁 尸 丶,"尽,尺,訳"
沼,"bog, lake, marsh, pond, swamp",ショウ; ぬま,沼大根 (ぬまだいこん) = Adenostemma lavenia (species of flowering plant); 浅沼組 (あさぬまぐみ) = Asanuma Corporation; 沼蛭 (ぬまびる) = Helobdella stagnalis (species of leech); 沼萩 (ぬまはぎ·2) = Lysimachia fortunei (species of loosestrife),彼らは沼地を通り抜けた。,,彼ら(かれら) は 沼地 を 通り抜ける,口 汁 刀,"召,舌,石"
沿,"follow along, lie along, run along, run alongside","エン; -ぞ.い, そ.う",沿海州 (えんかいしゅう·3) = (Russian) maritime provinces; 沿い (ぞい) = along; 南岸沿い (なんがんぞい) = along the southern coast,川に沿って歩いた。,,川 に 沿う 歩く,口 汁 ハ,"呉,只,浴"
泌,"flow, ooze, penetrate, secrete, soak in","ヒ, ヒツ",自己分泌 (じこぶんぴ) = autocrine; 内分泌腺 (ないぶんぴせん·0) = endocrine gland; 内分泌学 (ないぶんぴがく) = endocrinology,乳首から分泌液が出ます。,,乳首 から 分泌液 が 出る,ノ 汁 心 丶,"必,秘,密"
泡,"bubbles, foam, froth, suds",ホウ; あわ,"気泡 (きほう·0) = (air) bubble (esp. in a liquid); 泡吹 (あわぶき·2) = Meliosma myriantha; 夢幻泡影 (むげんほうよう) = a dream, an illusion, a bubble, a shadow (metaphor for the transience of life); 抗発泡剤 (こうはっぽうざい) = anti-foaming agent",くだける波が泡を作った。,,砕ける 波 が 泡 を 作る,汁 勹 已,"包,巳,己"
泣,"cry, moan, weep",キュウ; な.く,感泣 (かんきゅう·0) = being moved to tears; 泣き言 (なきごと·0) = complaint,彼女は泣いた。,,彼女 は 泣く,汁 立,"滝,滴,酒"
泰,"Thailand, calm, easy, excessive, extreme, great, peace, peaceful",タイ,昌泰 (しょうたい) = Shōtai era (898.4.26-901.7.15); 泰緬鉄道 (たいめんてつどう) = Thai-Burma Railway; 泰 (タイ) = Thailand; 泰西名画 (たいせいめいが) = Western painting; 失意泰然 (しついたいぜん) = keeping calm and collected at times of disappointment,彼はその知らせにも泰然としていた。,,彼(かれ) は 其の 知らせ にも 泰然 為る(する),｜ 一 水 二 人 大,"奉,棒,俸"
洞,"cave, den, excavation",ドウ; ほら,"洞鯊 (うろはぜ) = Glossogobius olivaceus (species of goby); 曹洞禅 (そうとうぜん·3) = Soto Zen; 曹洞宗 (そうとうしゅう·3) = Soto school (of Zen Buddhism); 洞窟熊 (ほらあなぐま) = cave bear (extinct, Ursus spelaeus)",彼は洞察力のある人だ。,,彼(かれ) は 洞察力 之(の) 有る 人(ひと) だ,口 汁 冂 一,"尚,向,銅"
津,"ferry, harbor, haven, port",シン; つ,会津塗 (あいづぬり·0) = Aizu lacquer ware,津波警報は解除された。,,津波 警報 は 解除 為れる,汁 聿,"酒,淡,浪"
洪,"deluge, flood, vast",コウ,洪 (こう) = Hungary; 洪積 (こうせき·0) = diluvial epoch; 洪積世 (こうせきせい·4) = diluvial epoch; 洪水神話 (こうずいしんわ·5) = flood myth,洪水で橋が壊れた。,,洪水 で(#2028980) 橋(はし) が 壊れる,｜ 一 汁 二 ハ,"共,巽,供"
洲,"continent, country, island, sandbar","シュウ, ス; しま",大八洲 (おおやしま·3) = Japan; 八洲国 (やしまくに·3) = Japan; 洲 (ひし·1) = mid-ocean sandbank; 川洲 (かわす·0) = sandbank in a river,彼は八重洲ホテルに一室をとった。,,彼(かれ) は ホテル に 一室 を 取る,｜ 汁 川 丶,"州,酬,湿"
洵,"alike, truth","シュン, ジュン; の.ぶ, まこと.に",洵美 (じゅんび·1) = exquisite,,,,汁 日 勹,"渇,旬,晶"
洸,sparkling water,コウ,洸洋 (こうよう) = unfathomable; 洸々 (こうこう) = valiant,,,,汁 尚 儿,"滉,消,況"
派,"clique, faction, group, party, school, sect",ハ,常識学派 (じょうしきがくは) = (Scottish) School of Common Sense; 宗教右派 (しゅうきょううは) = (the) religious right; 再臨派 (さいりんは) = Adventists,立派ですね。,,立派 です ね(#2029080),斤 汁 厂,"脈,漸,涯"
浄,"Manchu Dynasty, clean, cleanse, exorcise, purify","ジョウ, セイ; きよ.い, きよ.める",浄水地 (じょうすいち·3) = (clean-water) reservoir; 九品浄土 (くほんじょうど·4) = Amitabha's Pure Land (composed of nine levels); 浄御原令 (きよみはらりょう) = Asuka Kiyomihara Code (689 CE),山中では空気はとても清浄だ。,,山中 で(#2028980) は 空気 は 迚も 清浄 だ,汁 亅 勹 ヨ,"争,静,濯"
浜,"beach, seacoast, seashore",ヒン; はま,浜大蒜 (はまにんにく) = American dune grass (Leymus mollis); 浜芹 (はまぜり·2) = Cnidium japonicum (species of umbellifer); 浜撫子 (はまなでしこ·4) = Dianthus japonicus (species of pink); 浜防風 (はまぼうふう·3) = Glehnia littoralis (species of umbellifer used in Chinese medicine); 浜松 (はままつ) = Hamamatsu (city),私は横浜で育った。,,私(わたし) は 横浜 で(#2028980) 育つ,斤 汁 ハ 一,"兵,丘,演"
浦,"bay, beach, creek, gulf, inlet, seacoast",ホ; うら,浦波 (うらなみ·0) = (seaside) breakers; 浦島草 (うらしまそう·0) = Arisaema urashima (species of cobra lily);  1185);  1185),兄は先月浦和にマイホームを建てた。,,兄(あに) は 先月 に マイホーム を 建てる,十 汁 用 丶,"甫,輔,補"
浩,"abundance, vigorous, wide expanse","コウ; おおき.い, ひろ.い",呼和浩特 (フフホト) = Hohhot (China); 浩瀚 (こうかん·0) = bulky; 浩蕩 (こうとう) = vast; 浩然 (こうぜん·0) = abundant (of flowing water),社長と話している男は浩だ。,,社長 と 話す 男 は だ,ノ 口 汁 土,"告,呂,吐"
浪,"billows, reckless, unrestrained, wandering, waves",ロウ,浪花 (なにわ) = Naniwa (former name for Osaka region); 立浪草 (たつなみそう·0) = Scutellaria indica (species of skullcap); 新浪 (シナ) = Sina Corporation; 新浪微博 (シンランウェイボー) = Sina Weibo (Chinese microblogging service),浪費は欠乏のもと。,,浪費 は 欠乏 の 基(もと),艮 汁,"良,限,酒"
浸,"dip, dunk, immersed, moisten, soak, steep, wet","シン; つ.かる, ひた.す, ひた.る","浸礼 (しんれい·0) = baptism by immersion; 浸し物 (ひたしもの·0,5) = boiled greens flavored with soy (flavoured); お浸し (おしたし·3) = boiled greens in bonito-flavoured soy sauce (vegetable side dish); 化学浸透 (かがくしんとう) = chemiosmosis",彼女は足首をお湯に浸した。,,彼女 は 足首 を お湯 に 浸す,ヨ 汁 又 冖,"侵,皮,寝"
涯,"bound, horizon, limit, shore",ガイ; はて,"天涯孤独 (てんがいこどく·0,1) = a person without a single relative; 涯 (はて·2) = horizon; 生涯学習 (しょうがいがくしゅう·5) = lifelong learning; 生涯賃金 (しょうがいちんぎん) = lifetime earnings; 全生涯 (ぜんしょうがい) = one's whole life",彼は一生涯貧乏だった。,,彼(かれ) は 一生涯 貧乏 だ,汁 土 厂,"圧,圭,派"
淑,"gentle, graceful, pure",シュク; しと.やか,淑徳大学 (しゅくとくだいがく) = Shukutoku University; 淑景舎 (しげいさ) = court ladies' residence (in the inner Heian Palace); 紳士淑女 (しんししゅくじょ) = ladies and gentlemen; 淑徳 (しゅくとく·0) = womanly virtues,淑子は安西家の人間だ。,,は 家(いえ) の 人間(にんげん) だ,汁 小 卜 又,"叔,督,寂"
淡,"faint, fleeting, pale, thin",タン; あわ.い,淡竹 (はちく·0) = Henon bamboo (Phyllostachys nigra var. henonis); 閑寂枯淡 (かんじゃくこたん) = aesthetic sense in Japanese art emphasising quiet simplicity and subdued refinement,彼女は私に冷淡だ。,,彼女 は 私(わたし) に 冷淡 だ,火 汁,"炎,滅,酒"
淳,pure,"シュン, ジュン; あつ.い",淳久堂 (じゅんくどう) = Junkudo (Japanese bookstore chain); 淳良 (じゅんりょう·0) = simple and kind; 淳風美俗 (じゅんぷうびぞく·5) = good morals and manners; 淳朴 (じゅんぼく·0) = simple and honest,淳子ちゃんはかわいい女の子だ。,,ちゃん は 可愛い(かわいい) 女の子(おんなのこ) だ,口 子 汁 亠,"享,諄,涼"
添,"accompany, annexed, append, attach, garnish, imitate, marry, meet, satisfy, suit","テン; そ.う, そ.える",添え状 (そえじょう·0) = accompanying note; 添加剤 (てんかざい) = addition agent; 添加物 (てんかぶつ·3) = additive,口添えしてね。,,口添え 為る(する) ね(#2029080),ノ 汁 心 大 一 二,"天,邦,必"
渇,"dry up, parch, thirst",カツ; かわ.く,止渇 (しかつ·0) = cessation of coughing; 渇水期 (かっすいき·3) = dry season; 渇死 (かっし·1) = dying of thirst; 渇 (かつ·1) = thirst,喉が渇きました。,,喉が渇く,汁 日 勹 匕,"洵,旬,旨"
渉,"ferry, ford, go cross, import, involve, transit",ショウ; わた.る,"盤渉 (ばんしき·0) = (in Japan) 10th note of the ancient chromatic scale (approx. B); 三国干渉 (さんごくかんしょう·5) = Triple Intervention (diplomatic intervention by Russia, Germany and France over the terms of the Treaty of Shimonoseki)",彼に干渉するな。,,彼(かれ) に 干渉 為る(する) な,ノ 止 汁 小,"沙,少,歳"
渋,"astringent, have diarrhea, hesitate, reluctant","シュウ, ジュウ; しぶ, しぶ.い, しぶ.る",渋ハロ (しぶハロ) = (celebrating) Halloween in Shibuya; 下渋り (したしぶり) = (stock market) steadiness; 渋草 (しぶくさ) = Japanese dock (a plant) (Rumex japonicus); 渋谷系 (しぶやけい) = Shibuya-kei (pop music microgenre of the mid-late 1990s),渋滞で遅れました。,,渋滞 で(#2028980) 遅れる,止 汁 冫,"羽,渉,跳"
渓,"mountain stream, valley","ケイ; たに, たにがわ","猊鼻渓 (げいびけい) = Geibi Gorge (Ichinoseki, Iwate); 厳美渓 (げんびけい) = Genbi Gorge (Ichinoseki-shi, Iwate-ken); 渓泉 (けいせん·0) = a spring that gushes forth from a valley; 渓流釣り (けいりゅうづり) = mountain stream fishing; 渓間 (けいかん·0) = ravine",,,,汁 人 爪 土 二 大,"鶏,規,決"
渚,"beach, shore, strand",ショ; なぎさ,汀渚 (ていしょ·1) = sand bar; 渚畔 (しょはん) = shore,渚に人が群がっていた。,,渚(なぎさ) に 人(ひと) が 群がる,汁 日 老,"暑,晶,昌"
渥,"kindness, moisten","アク; あつ.い, うるお.う",渥然 (あくぜん) = glossy; 優渥 (ゆうあく·0) = gracious; 渥地 (あくち) = marshland,,,,至 汁 土 厶 尸,"法,握,到"
渦,"eddy, vortex, whirlpool",カ; うず,裏渦貝 (うらうずがい·4) = Astralium haematragum (species of turban shell); 珍渦虫属 (ちんうずむしぞく) = Xenoturbella (genus of worm-like basal deuterostomes); 珍渦虫門 (ちんうずむしもん) = Xenoturbellida (phylum of worm-like basal deuterostomes); 珍渦虫科 (ちんうずむしか) = Xenoturbellidae (family of worm-like basal deuterostomes),大きな渦巻きと急流があります。,,大きな 渦巻き と 急流 が 有る,｜ 口 汁 冂,"沖,尚,向"
湧,"boil, breed, ferment, seethe, uproar","ユ, ユウ, ヨウ; わ.く",湧出量 (ゆうしゅつりょう) = output,いざとなれば勇気が湧いてくる。,,いざとなったら 勇気 が 湧く 来る(くる),汁 田 力 マ,"勇,男,矛"
源,"origin, source",ゲン; みなもと,"源氏名 (げんじな·3) = ""professional name"" used by hostesses and geisha; 法源 (ほうげん·0) = (a) source of law; 語源学 (ごげんがく·2) = (study of) etymology; 電源開発 (でんげんかいはつ·5) = Electric Power Development",金は諸悪の根源。,,金(かね) は 諸悪 の 根源,汁 小 白 厂,"原,泊,願"
溝,"10**32, ditch, drain, gutter, sewer",コウ; みぞ,溝隠 (みぞかくし) = Chinese lobelia (Lobelia chinensis); 日本海溝 (にほんかいこう·4) = Japan Trench; 溝五位 (みぞごい·0) = Japanese night heron (Gorsachius goisagi); 溝萩 (みそはぎ·0) = Lythrum anceps (species of loosestrife); 盧溝橋 (ろこうきょう) = Marco Polo Bridge (China),両者の溝が狭まった。,,両者 の 溝(みぞ) が 狭まる,汁 冂 一 十 ｜,"干,購,満"
滅,"destroy, overthrow, perish, ruin","メツ; ほろ.びる, ほろ.ぶ, ほろ.ぼす","仏滅紀元 (ぶつめつきげん) = Buddhist calendar; 鬼滅 (きめつ) = Demon Slayer (abbr); 鬼滅の刃 (きめつのやいば) = Demon Slayer: Kimetsu no Yaiba (manga, anime); 苦集滅道 (くしゅめつどう·1,0) = Suffering, Source of Suffering Desire, The Cessation of Suffering, The Way Leading to the Cessation of Suffering (The Four Noble Truths of Buddhism); 生者必滅 (しょうじゃひつめつ·1) = all living things must die",人の魂は不滅だ。,,人(ひと) の 魂(たましい) は 不滅 だ,ノ 火 汁 戈,"淡,成,炎"
滉,deep and broad (water),コウ; ひろ.い,滉瀁 (こうよう) = wide and deep (of a body of water),,,,汁 尚 日 儿,"洸,晃,晶"
滋,"be luxuriant, more & more, nourishing, planting, turbidity","シ, ジ",滋賀 (しが) = Shiga (prefecture); 滋賀県警 (しがけんけい) = Shiga Prefectural Police (abbr); 滋賀県 (しがけん) = Shiga Prefecture (Kinki area),カレーのルーは非常に滋養に富んでいる。,,カレー の ルー は 非常に 滋養 に 富む,一 汁 并 幺,"慈,磁,幻"
滑,"fail exam, slide, slip, slippery","カツ, コツ; すべ.る, なめ.らか","滑ら鷺草 (なめらさぎそう) = Habenaria longitentaculata (species of bog orchid); 常滑焼 (とこなめやき·0) = Tokoname ware; 滑昇風 (かっしょうふう·3,0) = anabatic wind",彼女の肌は滑らかです。,,彼女 肌 は 滑らか です,月 骨 汁 冂 冖,"骨,朋,滞"
滝,"cascade, rapids, waterfall","ソウ, ロウ; たき","滝登り (たきのぼり·0,3) = (fish) climbing (swimming) up waterfall; 男滝 (おだき·1) = greater waterfall (of the two); 滝汗 (たきあせ) = profuse sweating; 滝川 (たきがわ·0) = rapids; 滝行 (たきぎょう) = ritual acts performed under a waterfall",橋の上流に滝がある。,,橋(はし) の 上流 に 滝 が 有る,汁 田 立 竜,"泣,竜,漁"
滞,"arrears, be delayed, overdue, stagnate","タイ, テイ; とどこお.る",渋滞緩和 (じゅうたいかんわ) = alleviation of congestion (esp. traffic); 事故渋滞 (じこじゅうたい) = congestion caused by a traffic accident; 渋滞税 (じゅうたいぜい) = congestion charge; 滞在国 (たいざいこく) = country one is staying in,ご滞在の目的は。,,御(ご) 滞在 の 目的 は,巾 汁 冖,"沈,深,浸"
漂,"drift, float (on liquid)",ヒョウ; ただよ.う,漂白液 (ひょうはくえき) = bleaching solution; 漂流難民 (ひょうりゅうなんみん) = boat people,その船は海を漂流した。,,其の 船(ふね) は 海 を 漂流 為る(する),示 二 小 汁 西,"票,標,示"
漆,"lacquer, seven, varnish",シツ; うるし,"漆芸 (しつげい·0) = (Japanese) lacquer art; 蔦漆 (つたうるし·3) = Asian poison ivy (Rhus ambigua); 山漆 (やまうるし·3) = Japanese sumac (Rhus trichocarpa); 漆絵 (うるしえ·3,0) = a lacquer painting; ろいろ漆 (ろいろうるし) = black lacquer",黒い天使は、その漆黒の翼を大きく広げて、空へと舞い上がる。,,黒い 天使 は 其の 漆黒 翼 を 大きい 広げる 空(そら) へと 舞い上がる,汁 水 木 个,"塗,泳,栓"
漏,"escape, leak, time","ロウ; も.らす, も.る, も.れる",水漏 (みずもり) = (water) leak; 杜撰脱漏 (ずさんだつろう) = careless (slipshod) and with many omissions; 漏話 (ろうわ·0) = cross talk; 漏話結合 (ろうわげつごう) = crosstalk coupling,秘密が漏れた。,,秘密 が 漏れる,雨 汁 尸,"泥,沢,澪"
漠,"desert, obscure, vague, wide",バク,沙漠 (さばく·0) = desert; 砂漠化 (さばくか·0) = desertification; 冥漠 (めいばく·0) = dim and distant,夕闇が砂漠をつつんだ。,,夕闇 が 砂漠 を 包む(つつむ),汁 大 日 艾,"暮,菖,膜"
漫,"cartoon, corrupt, in spite of oneself, involuntarily, unrestrained","マン; そぞ.ろ, みだり.に","大正浪漫 (たいしょうろまん) = Taishō romanticism (style of art, architecture, etc.); 漫読 (まんどく) = browsing; 漫画雑誌 (まんがざっし) = comic book; 漫画本 (まんがほん) = comic book; 漫談家 (まんだんか) = comic storyteller",私は漫画が好きです。,,私(わたし) は 漫画 が 好き(すき) です,汁 日 買 又,"暇,慢,皮"
漬,"moisten, pickling, soak, steep","シ; -づ.け, -づけ, つ.かる, つ.ける",しば漬 (しばづけ) = Kyoto-style chopped vegetables pickled in salt with red shiso leaves; 凍り漬け (こおりづけ) = being frozen in ice; かす漬 (かすづけ) = fish or vegetables pickled in sake lees,塩漬けキャベツを細かく切る。,,塩漬け キャベツ を 細かい 切る,貝 目 ハ 汁 土 亠 二,"責,積,債"
漱,"gargle, rinse mouth","シュウ, ス, ソウ; うがい, くちすす.ぐ, くちそそ.ぐ, すす.ぐ",漱石枕流 (そうせきちんりゅう·0) = sore loser who stubbornly refuses to admit being wrong; 枕流漱石 (ちんりゅうそうせき) = sore loser who stubbornly refuses to admit being wrong; 盥漱 (かんそう·0) = washing one's hands and rinsing one's mouth; 漱ぐ (すすぐ·0) = to rinse (one's mouth),姉が一番好きなのは漱石です。,,姉(あね) が 一番(いちばん) 好き(すき) だ 之(の) は です,欠 口 汁 木,"杏,吹,藻"
漸,"barely, finally, gradually advancing, steadily","ゼン; すす.む, やや, ようや.く, ようよ.う",漸新世 (ぜんしんせい·3) = Oligocene epoch; 西漸運動 (せいぜんうんどう) = Westward movement (westward expansion of United States territory); 漸近 (ぜんきん·0) = asymptote; 漸近線 (ぜんきんせん·0) = asymptotic line,,,,斤 車 汁,"派,暫,浜"
潔,"clean, gallant, pure, righteous, undefiled",ケツ; いさぎよ.い,簡潔明瞭 (かんけつめいりょう) = clear and concise; 純潔教育 (じゅんけつきょういく·5) = education in sexual morality; 精進潔斎 (しょうじんけっさい·5) = purifying oneself (religiously) by abstaining from eating meat; 貞潔 (ていけつ·0) = chastity; 潔癖 (けっぺき·0) = fastidiousness,簡潔な説明をしろ。,,簡潔 説明 を 為る(する),糸 幺 小 汁 土 刀 亠 二,"素,績,糸"
潜,"conceal, hide, hush, lower (voice), submerge","セン; かく.れる, くぐ.る, ひそ.む, ひそ.める, もぐ.る",潜水士 (せんすいし) = (professional) licensed diver; 茅潜 (かやくぐり·3) = Japanese accentor (Prunella rubida); 防潜網 (ぼうせんもう·3) = anti-submarine net,彼女は声を潜めた。,,彼女 は 声 を 潜める,汁 日 二 大 人 亠,"替,夫,決"
潟,lagoon,"セキ; -がた, かた",明石潟 (あかしがた) = Camellia sasanqua 'Akasigata' (cultivar of Christmas camellia); 干潟星雲 (ひがたせいうん·4) = Lagoon Nebula; 難波潟 (なにわがた) = Naniwa Bay (old name for Osaka Bay),新潟は雪が多い。,,新潟 は 雪 が 多い,臼 汁 勹 杰,"馬,洵,泡"
潤,"be watered, charm, favor, profit by, receive benefits, steep, wet","ジュン; うる.む, うるお.う, うるお.す","超過利潤 (ちょうかりじゅん·4) = excess profit; 潤筆料 (じゅんぴつりょう·4) = fee for writing or painting; 湿潤気候 (しつじゅんきこう) = humid climate; 潤滑剤 (じゅんかつざい·4,0) = lubricant",国庫は資金が潤沢である。,,国庫 は 資金 が 潤沢 である,王 汁 門,"間,閑,酒"
潮,"opportunity, salt water, tide","チョウ; うしお, しお",潮吹貝 (しおふきがい·4) = Mactra veneriformis (species of trough shell); 新潮社 (しんちょうしゃ) = Shinchosha (publisher); 新潮 (しんちょう) = Shinchō (magazine and publisher); 潮前河豚 (しょうさいふぐ·5) = Takifugu snyderi (species of pufferfish); 潮焼け (しおやけ·0) = becoming tanned by the sun and salty sea breeze,潮を吹いたぞ。,,潮(しお) を 吹く ぞ,月 十 汁 日,"湖,汁,朋"
澄,"be clear, clarify, clear, look grave, lucidity, settle, strain","チョウ; -す.ます, す.ます, す.む",澄まし屋 (すましや·0) = a prim person; 澄明 (ちょうめい·0) = clear and bright; 澄んだ水 (すんだみず) = limpid water,月が澄んでいる。,,月(つき) が 澄む,口 汁 豆 并 癶,"登,豆,痘"
澪,"shipping channel, water route",レイ; みお,"澪標 (みおじるし·0,4,3) = marks in a water channel",,,,雨 汁 个 卩 一,"零,令,今"
激,"chafe, enraged, get excited, incite, violent",ゲキ; はげ.しい,激同 (はげどう) = I strongly agree,彼の考えは過激だ。,,彼(かれ) の 考え は 過激 だ,汁 白 方 攵 乞,"放,泊,倣"
濁,"impurity, nigori, uncleanness, voiced, wrong","ジョク, ダク; にご.す, にご.る","濁酒 (じょくしゅ·0,1) = doburoku (unrefined sake); 乳濁 (にゅうだく) = emulsion; 乳濁液 (にゅうだくえき·4) = emulsion; 濁り江 (にごりえ·3) = muddy inlet or creek",川は泥で濁っていた。,,川 は 泥 で(#2028980) 濁る,汁 虫 買 勹,"洵,泡,潟"
濫,"excessive, overflow, spread out","ラン; みだ.りがましい, みだ.りに",氾濫原 (はんらんげん) = flood plain; 濫觴 (らんしょう·0) = source,台風で川が氾濫した。,,台風 で(#2028980) 川 が 氾濫 為る(する),ノ 皿 汁 臣 二 乞,"監,藍,鑑"
瀬,"current, rapids, shallows, shoal, torrent",ライ; せ,瀬田蜆 (せたしじみ·3) = Corbicula sandai (species of basket clam); 瀬戸茅 (せとがや) = Japanese foxtail (Alopecurus japonicus); 尾瀬草 (おぜそう) = Japonolirion osense (species of flowering plant),彼は死の瀬戸際にいた。,,彼(かれ) は 死 の 瀬戸際 に 居る(いる),｜ 貝 目 ハ 汁 頁 木 口,"頼,唄,貴"
災,"calamity, curse, disaster, evil, woe",サイ; わざわ.い,防災の日 (ぼうさいのひ) = Disaster Preparedness Day (September 1),口は災いの元。,,口(くち) は 災い の 基(もと),火 巛,"炎,談,畑"
炉,"furnace, hearth, kiln, reactor",ロ; いろり,"アーク炉 (アークろ·3) = arc furnace; 高炉 (こうろ·1,0) = blast furnace; 増殖炉 (ぞうしょくろ·4) = breeder reactor; 閉炉 (へいろ·1) = closing of the fireplace in a Zen temple (first day of the 2nd month)",暖炉が赤々と燃えていた。,,暖炉 が 赤々 燃える,火 戸 一 尸,"戸,雇,肩"
炊,"boil, cook","スイ; -だ.き, た.く","炊き込み (たきこみ) = (something) cooked with rice; 大炊寮 (おおいづかさ) = Bureau of the Imperial Palace Kitchens (under the ritsuryō system); 湯炊き (ゆだき·0,1) = boiling (esp. rice); 炊飯棟 (すいはんとう) = campground cooking pavilion",私は自炊に慣れている。,,私(わたし) は 自炊 に 慣れる,火 欠,"炎,飲,軟"
炎,"blaze, flame, inflammation",エン; ほのお,発炎筒 (はつえんとう·0) = (warning) flare (esp. used on roads and railways); 炎 (えん·1) = -itis (indicating an inflammatory disease),船が炎上した。,,船(ふね) が 炎上 為る(する),火,"談,畑,炊"
為,"advantage, as a result of, be of use, benefit, change, cost, do, good, make, practice, reach to, serve as, try, welfare","イ; す.る, ため, たり, つく.る, な.す, な.る, なり",合同行為 (ごうどうこうい·5) = (formal act of) agreement; 為ん術 (せんすべ·1) = (proper) methods; 外為法 (がいためほう) = Foreign Exchange and Foreign Trade Act,それは売名行為だ。,,其れ は 売名 行為 だ,ノ 杰 ユ 丶 并 勹,"偽,匁,勺"
烈,"ardent, extreme, furious, severe, vehement, violent",レツ; はげ.しい,遺烈 (いれつ) = achievements of one's ancestors; 烈震 (れっしん·0) = disastrous earthquake; 貞烈 (ていれつ·0) = extreme faithfulness; 凄烈 (せいれつ·0) = fierce; 偉烈 (いれつ) = great achievement,強烈な暑さだ。,,強烈 暑い さ だ,刈 杰 歹,"列,馬,例"
焦,"burn, char, hurry, impatient, irritate, scorch, singe","ショウ; あせ.る, こ.がす, こ.がれる, こ.げる, じ.らす, じ.れる",焦げ付き (こげつき·0) = a bad debt; 二重焦点 (にじゅうしょうてん) = bifocal; 焦げ焦げ (こげこげ) = burnt to a crisp; 共焦点 (きょうしょうてん) = confocal (optics),焦らずに頑張ってね。,,焦らずに 頑張る ね(#2029080),杰 隹,"蕉,馬,礁"
煩,"annoy, anxiety, ill, irksome, nuisance, pain, trouble, worry","ハン, ボン; うるさ.い, うるさ.がる, わずら.う, わずら.わす","煩悩魔 (ぼんのうま·3) = demon of ill desires that injures one's body and mind; 煩悩具足 (ぼんのうぐそく) = possessing worldly desires and passions; 煩瑣哲学 (はんさてつがく·5,4) = scholastic philosophy",その煩い音には我慢できない。,,其の 五月蝿い 音(おと) には 我慢 出来る,火 貝 目 ハ 頁,"買,顕,頒"
煮,"boil, cook","シャ; -に, に.える, に.やす, に.る","煮干 (にぼし·0) = (small crunchy) dried sardines; 大和煮 (やまとに·0,4) = beef boiled with soy sauce, ginger and sugar; 土手煮 (どてに) = beef sinew stewed in miso and mirin; 水煮 (みずに·0) = boil in water; 湯煮 (ゆに·2) = boiling (e.g. food)",くたくたに煮る。,,くたくた 煮る,日 老 杰,"暑,馬,晶"
熊,bear,ユウ; くま,熊柳 (くまやなぎ·3) = Berchemia racemosa (species of flowering plant related to buckthorn); 熊の子貝 (くまのこがい) = Chlorostoma xanthostigma (species of sea snail),私は熊が怖い。,,私(わたし) は 熊 が 怖い,月 匕 厶 杰,"能,罷,態"
熙,"bright, merry, prosperous, sunny","キ; あきらか, かわ.く, たのし.む, ひか.る, ひろ.い, ひろ.まる, ひろ.める, よろこ.ぶ","熙々 (きき) = bustling and prosperous, spacious and vast; 康熙 (こうき) = Kangxi era (Qing dynasty, 1661-1722)",,,,杰 已 匚 口,"馬,舌,臣"
熟,"acquire skill, mature, mellow, ripen",ジュク; う.れる,"成熟度 (せいじゅくど) = (degree of) maturity; 豊熟 (ほうじゅく·0) = abundant harvest; 熟慮断行 (じゅくりょだんこう·1,0) = being deliberate in council, and decisive in action",早熟は大成せず。,,早熟 は 大成 為る(する),丶 九 口 子 亠 杰,"塾,享,丸"
燎,"bonfire, burn",リョウ; かがりび,燎原の火 (りょうげんのひ) = wildfire; 燎原 (りょうげん·0) = agricultural burning,,,,火 小 大 日 并 亠,"遼,瞭,療"
燦,brilliant,"サン; あき.らか, きら.めく, きらめ.く, さん.たる",燦々 (さんさん·0) = brilliant; 燦 (さん·1) = brilliant; 燦爛 (さんらん·0) = brilliant,,,,火 米 又 夕,"皮,炎,多"
燿,shine,"ヨウ; かがや.く, ひかり","燿く (かがやく·3) = to shine, to sparkle (rare variant of 輝く)",,,,ヨ 火 隹,"炎,濯,耀"
爵,"baron, court rank, peerage",シャク,男爵芋 (だんしゃくいも) = Irish Cobbler potato; 男爵夫人 (だんしゃくふじん) = baroness; 准男爵 (じゅんだんしゃく) = baronet; 叙爵 (じょしゃく·0) = conferring a peerage; 伯爵夫人 (はくしゃくふじん) = countess,その公爵はたくさんの土地を所有している。,,其の 公爵 は 沢山 の 土地 を 所有 為る(する),艮 寸 爪 買,"良,将,奨"
爽,"bracing, clear, refreshing, resonant, sweet","ソウ; あき.らか, さわ.やか, たがう","爽健美茶 (そうけんびちゃ) = Sokenbicha (tea brand); 爽凉 (そうりょう) = cool and refreshing; 英姿颯爽 (えいしさっそう) = cutting a fine (dashing, gallant, noble) figure; 昧爽 (まいそう) = dawn; 気分爽快 (きぶんそうかい) = feeling great (refreshed)",この店では清爽でお願いします。,,此の 店(みせ) で(#2028980) は 清爽 で(#2028980) お願いします,一 人 亠,"衣,亡,衰"
爾,"second person, thou, you","ジ, ニ; おれ, しか, しかり, その, なんじ, のみ",阿爾及 (アルジェリア) = Algeria; 亜爾然丁 (アルゼンチン) = Argentina; 伯剌西爾 (ブラジル) = Brazil; 哈爾浜 (ハルビン) = Harbin (China); 捏巴爾 (ネパール) = Nepal,,,,｜ 一 ハ 冂 爻,"購,凸,再"
牧,"breed, care for, feed, pasture, shepherd",ボク; まき,"牧羊神 (ぼくようしん) = Pan (god); 牧会書簡 (ぼっかいしょかん) = Pastoral Epistles (i.e. Timothy 1 and 2, Titus)",牧師は十字架を作った。,,牧師 は 十字架 を 作る,牛 攵 乞,"竹,枚,敢"
牲,"animal sacrifice, offering",セイ,犠牲打 (ぎせいだ·2) = sacrifice hit,この犯罪者は遺伝の犠牲者だ。,,此の 犯罪者 は 遺伝 の 犠牲者 だ,牛 生,"株,星,性"
犠,sacrifice,"キ, ギ; いけにえ",犠飛 (ぎひ·1) = sacrifice fly,この犯罪者は遺伝の犠牲者だ。,,此の 犯罪者 は 遺伝 の 犠牲者 だ,一 王 牛 并 羊 亅 戈 手,"義,議,儀"
狂,"confuse, crazy, insane, lunatic","キョウ; くる.う, くる.おしい, くるお.しい","狂文 (きょうぶん·0) = (Edo-period) humorous literature; 狂詩 (きょうし·0,1) = (Edo-period) type of humorous poem; 江戸狂言 (えどきょうげん·3) = Edo-style kabuki",狂ったのかい？,,狂う の かい,王 犯,"羊,皇,琳"
狩,"gather, hunt, raid","シュ; -が.り, か.り, か.る","巡狩 (じゅんしゅ·0,1) = Imperial visit; 狩野派 (かのうは) = Kanō school (of Japanese painting); 熊狩り (くまがり·0) = bear hunting",彼は森へ狩りに行った。,,彼(かれ) は 森 へ 狩り に 行く,寸 犯 宀,"守,討,耐"
独,"Germany, alone, single, spontaneously","トク, ドク; ひと.り","独演会 (どくえんかい·3) = (holding of) a solo recital or performance; 独立自尊 (どくりつじそん·0,5) = (spirit of) independence and self-respect",独身ですか。,,独身 ですか,虫 犯,"触,蛮,蚊"
狭,"contract, cramped, narrow, tight","キョウ, コウ; さ, せば.まる, せば.める, せま.い","狭山茶 (さやまちゃ) = Sayama tea; 狭衣物語 (さごろもものがたり) = The Tale of Sagoromo (ca 1060 CE); 若狭 (わかさ) = Wakasa (former province located in the south of present-day Fukui Prefecture); 狭心症 (きょうしんしょう·0,3) = angina pectoris; 血管狭窄 (けっかんきょうさく) = angiostenosis",狭き門より入れ。,,狭い 門(もん) より 入る(はいる),人 大 二 并 犯 丶 亠,"挟,夫,峡"
猛,"become furious, fierce, rave, rush, strength, wildness",モウ,猛獣狩り (もうじゅうがり) = big-game hunting; 猛禽 (もうきん·0) = bird of prey; 猛鳥 (もうちょう·0) = bird of prey; 酷寒猛暑 (こっかんもうしょ) = bitter cold and fierce heat,猛犬に注意！,,猛犬 に 注意,皿 子 犯,"孟,血,独"
猟,"bag, game, game-hunting, shooting","リョウ; か.る, かり",大猟獣 (だいりょうじゅう) = big game; 猟奇小説 (りょうきしょうせつ) = bizarre story (novel); 狩猟豹 (しゅりょうひょう·2) = cheetah; 鴨猟 (かもりょう·2) = duck hunting,猟師は熊を撃った。,,猟師 は 熊 を 撃つ(#1253570),尚 犯 用 几,"飢,肖,肌"
猪,boar,"チョ; い, いのしし",鹿猪 (しかいのしし) = babirusa (Babyrousa babyrussa); 猪口 (いぐち·1) = bolete; 猪首 (いくび·1) = bull neck; 河猪 (かわいのしし) = bush pig; 森猪 (もりいのしし) = giant forest hog (Hylochoerus meinertzhageni),,,,日 犯 老,"暑,晶,昌"
献,"counter for drinks, offer, offering, present","ケン, コン; たてまつ.る",献血運動 (けんけつうんどう) = a blood drive; 献金額 (けんきんがく) = amount of a donation; 献血 (けんけつ·0) = blood donation; 献血者 (けんけつしゃ) = blood donor,献血はいやだ。,,献血 は 嫌 だ,干 犬 十 并 冂,"南,楠,平"
猶,"furthermore, still, yet","ユ, ユウ; なお","猶予期間 (ゆうよきかん·5,4) = grace period; 猶あらじ (なおあらじ) = must not be concluded like this; 猶子 (ゆうし·1) = nephew (like a son); 執行猶予 (しっこうゆうよ·5) = stay of execution; 起訴猶予 (きそゆうよ·3) = suspension of indictment",一刻の猶予もならない。,,一刻 の 猶予 も 成る,酉 并 犯,"尊,遵,狭"
猿,monkey,エン; さる,心猿意馬 (しんえんいば) = (being unable to control) one's worldly desires and passions; 猿ぐつわ (さるぐつわ·3) = (mouth) gag; 猿頬貝 (さるぼうがい) = Anadara kagoshimensis (species of ark clam); 萩猿子 (はぎましこ) = Asian rosy finch (Leucosticte arctoa),猿は木に登る。,,猿 は 木(き) に 登る,衣 口 土 犯,"吐,園,舌"
獄,"jail, prison",ゴク,試験地獄 (しけんじごく·4) = (entrance) examination hell; 阿鼻地獄 (あびじごく·3) = Avici hell (the eighth and most painful of the eight hells); 八大地獄 (はちだいじごく·5) = The Eight Greater Hells,彼は脱獄した。,,彼(かれ) は 脱獄 為る(する),言 犯 犬,"談,訪,記"
獣,"animal, beast","ジュウ; けだもの, けもの","異獣亜綱 (いじゅうあこう) = Allotheria (subclass of Mesozoic mammals); 獣王記 (じゅうおうき) = Altered Beast (1989 Sega Arcade game, ported to Mega Drive (Genesis))",私は野獣が恐い。,,私(わたし) は 野獣 が 怖い,犬 口 尚 田,"舌,石,略"
獲,"able to, acquire, can, earn, find, get, may, seize",カク; え.る,"獲得形質 (かくとくけいしつ·5) = acquired characteristics (as opposed to inherited); 獲得免疫 (かくとくめんえき·5) = acquired immunity; 外貨獲得 (がいかかくとく) = acquisition of foreign currency; 漁獲高 (ぎょかくだか·2,3) = catch of fish; 漁獲物 (ぎょかくぶつ) = catch of fish",鹿は良い獲物だ。,,鹿(しか) は 良い 獲物 だ,犯 又 艾 隹,"護,穫,皮"
玄,"black, deep, mysterious, occultness, profound","ゲン; くろ, くろ.い",玄圃梨 (けんぽなし·3) = Japanese raisin tree (Hovenia dulcis); 玄海躑躅 (げんかいつつじ) = Rhododendron mucronulatum var. ciliatum (variety of azalea); 玄蕃寮 (げんばりょう·3) = The Agency for Buddhists and Foreigners (ritsuryō system); 玄草 (げんそう) = Thunberg's geranium (Geranium thunbergii),だれか玄関にいる。,,誰か 玄関 に 居る(いる),亠 幺,"衣,畜,擁"
率,"%, command, factor, lead, proportion, rate, ratio, spearhead","シュツ, ソツ, リツ; ひき.いる","聴視率 (ちょうしりつ) = (program, programme) ratings; 自給率 (じきゅうりつ·2) = (the degree of) self-sufficiency (e.g. in oil)",彼は打率が高い。,,彼(かれ) は 打率 が 高い,玄 十 亠 冫 幺,"玄,畜,弦"
玖,"beautiful black jewel, nine","キュウ, ク",玖馬 (キューバ) = Cuba,,,,久 王,"羊,皇,琳"
玲,sound of jewels,レイ,"玲々 (れいれい) = tinkling (jewels, metal, etc.); 八面玲瓏 (はちめんれいろう·0,2) = beautiful from all sides; 玲瓏 (れいろう·0) = clear",ですから、玲子。アンタは慌てることはありません。,,ですから 貴方(あんた) は 慌てる 事(こと) は 有る,王 个 卩 一,"琴,令,今"
珠,"gem, jewel, pearl",シュ; たま,"真珠 (しんじゅ·0) = pearl; 数珠 (じゅず·2,0) = rosary, prayer beads; 珠算 (しゅざん·0) = abacus calculation",豚に真珠を与えるな。,,豚に真珠 を 与える な,｜ ノ 王 牛 二 ハ 木,"朱,殊,未"
班,"corps, group, squad, unit",ハン,写真班 (しゃしんはん) = (newspaper) cameramen; 首班指名 (しゅばんしめい) = Diet nomination of a prime minister; 班女 (はんじょ) = Hanjo (noh play by Zeami); 西班牙 (スペイン) = Spain,マークは建設班の中では働き者だった。,,は 建設 班 の 中(なか) で(#2028980) は 働き者 だ,王 刈,"羊,皇,琳"
琉,"gem, lapis lazuli, precious stone","リュウ, ル","琉球藍 (りゅうきゅうあい·5) = Assam indigo (Strobilanthes cusia); 琉球銀行 (りゅうきゅうぎんこう) = Bank of The Ryukyus, Limited; 琉球政府 (りゅうきゅうせいふ) = Government of the Ryukyu Islands (1952-1972); 琉球鷺草 (りゅうきゅうさぎそう) = Habenaria longitentaculata (species of bog orchid); 琉球出兵 (りゅうきゅうしゅっぺい) = Invasion of Ryukyu (1609)",,,,王 川 亠 厶,"流,衣,硫"
琢,polish,タク; みが.く,"彫琢 (ちょうたく·0) = carving and polishing; 琢磨 (たくま·1) = polish (jewels); 切瑳琢磨 (せっさたくま) = diligent application (to work or study); 琢く (みがく) = to refine (a skill, etc.)",君の実力なら楽勝だとは思うが、それに驕らず、まずはクラスのみんなと切磋琢磨していって欲しい。,,君(きみ) 実力 なら 楽勝 だ と は 思う が 其れ に 驕る 先ずは クラス の 皆 と 切磋琢磨 為る(する) 行く 欲しい,王 豕,"逐,豚,羊"
琳,"jewel, tinkling of jewelry",リン,"琳派 (りんぱ) = Rimpa school (of painting, 17th-early 20th century); 光琳派 (こうりんは) = Korin school",,,,王 木,"栓,柱,様"
琴,"harp, koto","キン, ゴン; こと","口琴 (びやぼん·0) = Edo-period mouth harp (with a hairpin-like frame and a long straight tongue); 紙腔琴 (しこうきん·2,0) = Japanese variety of music box (invented in 1892 by Toda Kindo); 琵琶の琴 (びわのこと) = biwa (4 or 5-stringed Oriental lute); 琴柱 (ことじ·0,1) = bridge of a koto; 水琴窟 (すいきんくつ·3) = buried earthen jar that makes sound when water drips into it (garden feature)",彼女は琴を弾くことがとても好きだ。,,彼女 は 琴(こと) を 弾く(ひく) 事(こと) が 迚も 好き(すき) だ,王 个 一,"玲,今,衿"
瑚,"ancestral offering receptacle, coral","コ, ゴ",珊瑚海 (さんごかい) = Coral Sea; 珊瑚水木 (さんごみずき) = Cornus alba; 脳珊瑚 (のうさんご) = brain coral; 珊瑚 (さんご·1) = coral; 珊瑚蛇 (さんごへび) = coral snake,,,,王 月 口 十,"胡,呈,叶"
瑛,"crystal, sparkle of jewelry",エイ,玉瑛 (ぎょくえい·0) = crystal,,,,ノ 王 艾 大 冖,"央,茂,暮"
瑞,congratulations,"スイ, ズイ; しるし, みず-","瑞穂の国 (みずほのくに·0) = Japan, the Land of Abundant Rice; 瑞風 (みずかぜ) = Mizukaze (luxury train line)",,,,王 山 而,"端,徴,懲"
瑠,lapis lazuli,"リュウ, ル",瑠璃蜚蠊 (るりごきぶり) = Eucorydia yasumatsui (species of cockroach); 瑠璃懸巣 (るりかけす·3) = Lidth's jay (Garrulus lidthi); 山瑠璃草 (やまるりそう·0) = Omphalodes japonica (species of flowering plant related to borage),,,,王 田 刀 厶,"留,初,鬼"
瑳,"artful smile, brilliant white luster of a gem, polish",サ; みが.く,切瑳 (せっさ) = polishing (stones); 切瑳琢磨 (せっさたくま) = diligent application (to work or study),,,,ノ 王 工 并 羊,"差,嵯,羊"
瑶,beautiful as a jewel,ヨウ; たま,瑶緘 (ようかん) = your letter; 瑶顔 (ようがん) = beautiful face; 瑶池 (ようち) = beautiful pond; 瑶台 (ようだい·0) = fairyland,,,,王 缶 爪 凵,"凹,遥,謡"
璃,"glassy, lapis lazuli",リ,瑠璃蜚蠊 (るりごきぶり) = Eucorydia yasumatsui (species of cockroach); 瑠璃懸巣 (るりかけす·3) = Lidth's jay (Garrulus lidthi); 山瑠璃草 (やまるりそう·0) = Omphalodes japonica (species of flowering plant related to borage),,,,王 亠 凵 禹,"離,衣,凹"
環,"circle, loop, ring",カン; わ,保環研 (ほかんけん) = (abbr) Institute of Public Health and Environmental Science (usu. at prefectural or city level); 環濠 (かんごう) = (circular) moat; 環境容量 (かんきょうようりょう·5) = (environmental) carrying capacity; 指環 (ゆびわ·0) = (finger) ring,血液の循環。,,血液 の 循環,衣 王 口 買 一,"還,呈,舌"
甚,"exceedingly, great, tremendously, very","ジン; はなは.だ, はなは.だしい",甚深 (じんしん·0) = extremely deep (i.e. profound); 甚寒 (じんかん·0) = intense cold; 甚平 (じんべい·0) = light cotton summer clothing consisting of knee-length shorts and short-sleeved jacket; 甚兵衛 (じんべえ·0) = light cotton summer clothing consisting of knee-length shorts and short-sleeved jacket,その会社は甚大な被害を被った。,,其の 会社 は 甚大 被害 を 被る(こうむる),一 甘 儿,"晃,尭,堪"
甫,"for the first time, not until","フ, ホ; はじ.めて",年甫 (ねんぽ) = beginning of the year; 新甫 (しんぽ·1) = new futures on the first trading session of the month; 台甫 (たいほ) = your personal name,,,,十 用 丶,"輔,補,浦"
甲,"A grade, armor, carapace, first class, former, high (voice), instep","カン, コウ; きのえ",耳穿山甲 (みみせんざんこう) = Chinese pangolin (Manis pentadactyla); 甲虫目 (こうちゅうもく) = Coleoptera (the order of insects containing beetles); 甲殻綱 (こうかくこう) = Crustacea;  1894-1895); 甲申事変 (こうしんじへん) = Gapsin Coup (of Korea;  1884),甲の損は乙の得。,,甲(こう) の 損 は 乙(おつ) の 得(とく),｜ 日 田,"申,由,迪"
畔,"levee, paddy ridge","ハン; あぜ, くろ, ほとり",畔冬菜 (あぜとうな) = Crepidiastrum keiskeanum (species of plant in the daisy family); 橋畔 (きょうはん·0) = approach to a bridge; 湖畔 (こはん·0) = lake shore; 河畔 (かはん·0) = riverside; 池畔 (ちはん·0) = near the pond,湖畔の古い教会はとても美しい。,,湖畔(こはん) の 古い(ふるい) 教会 は 迚も 美しい,｜ 田 二 并 十,"半,判,伴"
畝,"furrow, rib, ridge, thirty tsubo","ホ, ボウ, ム, モ; うね, せ","畝溝 (うねみぞ) = furrow ridges; 畝 (ほ·1) = mu (Chinese measure of land area, formerly approx. 600 m.sq., currently approx. 667 m.sq.); 畝須 (うねす) = ridged whale meat used to make whale ""bacon""; 畝 (せ·1) = se (Japanese unit of area equal to 30 tsubo, approx. 99.174 m.sq.); 町段畝歩 (ちょうたんせぶ) = units of square measure (for rice fields, forests, etc.)",,,,田 亠 久,"衣,亡,畜"
異,"curious, different, queerness, strangeness, uncommon, unusual, wonderful","イ; け, こと, こと.なる","異字同訓 (いじどうくん·1) = (words with) different kanji but the same Japanese reading (and usu. a similar meaning); 同訓異字 (どうくんいじ·5) = (words with) different kanji but the same Japanese reading (and usu. a similar meaning);  1930, 1979, and 2022 film adaptations); 異獣亜綱 (いじゅうあこう) = Allotheria (subclass of Mesozoic mammals); 異歯亜目 (いしあもく) = Anomodontia (suborder of therapsids)",趣味は異なる。,,趣味 は 異なる,一 田 ハ 井,"黄,翼,寅"
疎,"alienate, neglect, penetrate, rough, shun, sparse","ショ, ソ; うと.い, うと.む, まば.ら",過疎法 (かそほう) = Underpopulated Areas Revitalizing Law; 疎隔 (そかく·0) = alienation; 共同疎開 (きょうどうそかい·5) = community evacuation; 親疎 (しんそ·1) = degree of intimacy,僕は最近の情勢に疎い。,,僕(ぼく) は 最近 情勢 に 疎い,｜ 一 口 止 木,"整,柾,亜"
疫,epidemic,"エキ, ヤク",検疫法 (けんえきほう) = Quarantine Act; 獲得免疫 (かくとくめんえき·5) = acquired immunity; 能動免疫 (のうどうめんえき·5) = active immunity,疫病が発生した。,,疫病 が 発生 為る(する),殳 疔 几 又,"鍛,設,般"
疾,rapidly,シツ; はや.い,疾っく (とっく·0) = a long time ago,船は強風を受けて疾走した。,,船(ふね) は 強風 を 受ける 疾走 為る(する),矢 疔 乞,"痴,竹,観"
症,"illness, symptoms",ショウ,諸症状 (しょしょうじょう) = (various) symptoms,不妊症です。,,不妊症 です,一 止 疔,"証,柾,征"
痘,"pox, smallpox",トウ,鶏痘 (けいとう) = fowl pox; サル痘 (さるとう) = monkeypox; 発痘 (はっとう) = outbreak (of pox); 痘痕 (とうこん·0) = pockmark; 痘痕 (あばた·0) = pockmark,私は天然痘に免疫になっている。,,私(わたし) は 天然痘 に 免疫 になる,口 豆 并 疔,"豆,登,喜"
痢,diarrhea,リ,"疫痢 (えきり·1) = children's dysentery; 虎狼痢 (コロリ) = cholera; 痢病 (りびょう) = dysentery; 赤痢 (せきり·1) = dysentery; 赤痢菌 (せきりきん·0,3) = shigella (dysentery bacillus)",下痢止めです。,,下痢 止め(どめ) です,禾 刈 疔,"利,莉,梨"
痴,"foolish, stupid","チ; おろか, し.れる","痴呆症 (ちほうしょう·0,2) = dementia; 痴ほう (ちほう·0) = dementia",彼は方向音痴だ。,,彼(かれ) は 方向音痴 だ,口 矢 疔 乞,"疾,智,舌"
癒,"cure, healing, quench (thirst), wreak","ユ; い.える, い.やす, いや.す",全癒 (ぜんゆ·1) = complete healing; 癒着胎盤 (ゆちゃくたいばん) = placenta accreta; 癒し犬 (いやしけん) = therapy dog; 癒る (いる) = to calm down,心の傷は癒せない。,,心(こころ) の 傷 は 癒す,刈 月 心 个 疔,"朋,輸,諭"
癖,"fault, habit, kink, mannerism, trait, vice","ヘキ; くせ, くせ.に",習癖 (しゅうへき·0) = (bad) habit; 嗜癖 (しへき·0) = addiction; 常用癖 (じょうようへき) = addiction; 洋癖 (ようへき) = addiction to Western things,人に一癖。,,人(ひと) に 一癖,口 十 辛 立 尸 疔,"避,壁,居"
皇,emperor,"オウ, コウ","皇軍 (こうぐん·0) = (Japanese) Imperial Army; 皇位継承 (こういけいしょう·1) = (Japanese) imperial succession; 皇祖 (こうそ·1) = (divine, historical or legendary) founder of an empire; 皇寿 (こうじゅ·1) = 111th birthday",天皇は国家の象徴である。,,天皇(てんのう) は 国家 の 象徴 である,王 白,"碧,迫,舶"
皐,"shore, swamp",コウ; さつき,"皐月鱒 (さつきます·3) = sea-run variety of red-spotted masu trout (subspecies of cherry salmon, Oncorhynchus masou ishikawae)",,,,十 白 二,"汁,半,畔"
皓,"clear, white","コウ; しろ.い, ひか.る",皓月 (こうげつ·1) = bright white moon; 皓歯 (こうし·1) = pearly white teeth; 朱唇皓歯 (しゅしんこうし·4) = red lips and pearly white teeth (said of beautiful women); 明眸皓歯 (めいぼうこうし·5) = starry eyes and beautiful white teeth (said of beautiful women); 皓礬 (こうばん) = zinc sulfate heptahydrate,,,,ノ 口 土 白,"告,呂,吐"
盆,"basin, lantern festival, tray",ボン,盆祭り (ぼんまつり·3) = Bon Festival; 盆踊り唄 (ぼんおどりうた·5) = Bon Festival dance song; 盆提灯 (ぼんぢょうちん·3) = Bon Festival lantern; 盆灯籠 (ぼんとうろう·3) = Bon Festival lantern; 旧盆 (きゅうぼん·0) = Bon Festival of the lunar calendar,お盆が近づいてきた。,,お盆 が 近づく 来る(くる),皿 刀 ハ,"分,血,初"
益,"advantage, benefit, gain, profit","エキ, ヤク; ま.す","権益 (けんえき·0) = (one's) interests; 用益権 (ようえきけん·4,3) = a usufructuary right; 益獣 (えきじゅう·0) = animal beneficial to humans; 年益 (ねんえき·1,0) = annual profit",労なくして益なし。,,労 無くして 益 無し,一 皿 ハ 并,"血,兼,八"
盛,"boom, copulate, prosper","ジョウ, セイ; さか.る, さか.ん, も.る","飯盛り (めしもり·2,4) = (Edo-period inn) maidservant; 水盛り (みずもり·0) = (using a) level; 平清盛 (たいらのきよもり) = Kiyomori (shogun); 盛岡 (もりおか) = Morioka (city in Iwate); 盛岡大学 (もりおかだいがく) = Morioka University",彼は今男盛りだ。,,彼(かれ) は 今(いま) 男 盛り(さかり) だ,ノ 皿 戈,"成,血,誠"
盟,"alliance, oath",メイ,日英同盟 (にちえいどうめい) = Anglo-Japanese Alliance (1902-1923),両国は互いに同盟を結んでいた。,,両国 は 互いに 同盟 を 結ぶ,月 皿 日,"血,朋,晶"
監,"administer, govt office, official, oversee, rule",カン,監督教会 (かんとくきょうかい·5) = Episcopal Church,会計監査があった。,,会計監査 が 有る,皿 臣 二 乞,"鑑,艦,藍"
盤,"board, phonograph record, platter, shallow bowl, tray, tub",バン,盤渉 (ばんしき·0) = (in Japan) 10th note of the ancient chromatic scale (approx. B); 香盤表 (こうばんひょう) = (play or film) cast list; 盤谷 (バンコック) = Bangkok (Thailand); 碁盤 (ごばん·0) = Go board,空飛ぶ円盤だと思った。,,空飛ぶ円盤 だ と 思う,皿 舟 殳 几 又,"般,搬,鍛"
盲,"blind, blind man, ignoramus",モウ; めくら,"盲爆 (もうばく·0) = blind (unscrupulous, indiscriminate) bombing; 盲唖 (もうあ·1) = blind and dumb; 盲穴 (めくらあな) = blind hole",愛は盲目。,,愛 は 盲目,亡 目 亠,"忙,衣,亡"
盾,"escutcheon, pretext, shield",ジュン; たて,無矛盾性 (むむじゅんせい·0) = consistency (of an axiomatic system); 名辞矛盾 (めいじむじゅん) = contradiction in terms; 人間の盾 (にんげんのたて) = human shield; 矛盾律 (むじゅんりつ·2) = law of contradiction,盾の両面を見よ。,,盾 の 両面(りょうめん) を 見る,斤 十 目 厂,"循,汁,脈"
眉,eyebrow,"ビ, ミ; まゆ",眉白 (まみじろ·0) = Siberian thrush (Turdus sibiricus); 三日月眉 (みかづきまゆ·5) = arched eyebrows; 美眉 (びまゆ) = beautiful eyebrows; 蚰蜒眉 (げじげじまゆ·5) = bushy eyebrows; 眉月 (びげつ·2) = crescent moon,トムは眉をひそめた。,,は 眉をひそめる,目 尸 ｜,"睡,眠,直"
看,"see, watch over",カン; み.る,看護婦 (かんごふ·3) = (female) nurse; 看護士 (かんごし·3) = (male) nurse,私は看護婦です。,,私(わたし) は 看護婦 です,ノ 一 手 二 目,"邦,且,三"
眸,pupil of the eye,"ボウ, ム; ひとみ",明眸 (めいぼう·0) = bright or beautiful eyes; 明眸皓歯 (めいぼうこうし·5) = starry eyes and beautiful white teeth (said of beautiful women); 眸子 (ぼうし·1) = eye; 双眸 (そうぼう·0) = one's eyes; 眸 (ひとみ·0) = one's eyes,,,,牛 目 厶,"頌,貿,瞬"
眺,"look at, scrutinize, see, stare, watch",チョウ; なが.める,"眺望権 (ちょうぼうけん·3) = right to a view; 眺めやる (ながめやる·0,4) = to gaze out at; 眺め回す (ながめまわす·0,5) = to look around",壮大な眺めですね。,,壮大 眺め です ね(#2029080),目 儿 冫,"見,兆,羽"
眼,eyeball,"ガン, ゲン; まなこ, め","凡眼 (ぼんがん·0) = (through) a layman's eyes; ３Ｄ眼鏡 (スリーディーめがね) = 3D glasses; 天地眼 (てんちげん) = Acala's eyes, one looking up and the other looking down",私の眼鏡はどこ？,,私(わたし) 眼鏡(めがね) は 何処,艮 目,"良,限,郎"
睡,"die, drowsy, sleep","スイ; ねむ.い, ねむ.る",レム睡眠 (レムすいみん·3) = REM sleep; 魔睡 (ますい·0) = deep slumber (as if under a spell); 半睡 (はんすい·0) = half asleep,睡眠は薬に勝る。,,睡眠 は 薬(くすり) に 勝る,｜ ノ 一 目,"垂,乃,丑"
督,"coach, command, lead, supervise, urge",トク,基督 (クリスト) = Christ; 監督教会 (かんとくきょうかい·5) = Episcopal Church,その監督は批評を気にする。,,其の 監督 は 批評 を 気にする,小 卜 又 目,"叔,淑,寂"
睦,"friendly, harmonious, intimate","ボク, モク; むつ.ぶ, むつ.まじい, むつ.む","惇睦 (とんぼく) = cordial and friendly; 睦言 (むつごと·0) = lovers' talk; 和睦 (わぼく·0) = reconciliation; 睦ぶ (むつぶ·0,3,2) = to be harmonious; 睦む (むつむ·2) = to be harmonious",彼らは和睦を求めた。,,彼ら(かれら) は 和睦 を 求める,土 目 儿,"見,圭,陸"
瞬,"blink, twinkle, wink","シュン; まじろ.ぐ, またた.く",数瞬 (すうしゅん) = a few moments; 瞬乾 (しゅんかん) = instant drying; 瞬発 (しゅんぱつ·0) = instantaneous,漁火が島影に瞬く。,,漁火(ぎょか) が 島影 に 瞬く(またたく),牛 舛 爪 目 夕 冖,"舜,多,眸"
瞭,clear,リョウ; あきらか,簡潔明瞭 (かんけつめいりょう) = clear and concise; 簡単明瞭 (かんたんめいりょう) = simple and clear; 不明瞭 (ふめいりょう·2) = dimness; 明瞭度 (めいりょうど) = articulation,この文の意味は不明瞭だ。,,此の 文(ぶん) の 意味 は 不明瞭 だ,小 日 并 目 大,"遼,療,寮"
瞳,pupil (of eye),"トウ, ドウ; ひとみ",瞳子 (どうし·1) = pupil; 瞳孔 (どうこう·0) = pupil (of the eye); 瞳孔縮小 (どうこうしゅくしょう) = pupil contraction; 瞳孔拡張 (どうこうかくちょう) = pupil dilation; 瞳孔反射 (どうこうはんしゃ) = pupillary reflex,私は瞳が好きだ。,,私(わたし) は が 好き(すき) だ,目 里 立,"童,鐘,憧"
矛,"arms, festival float, halberd","ボウ, ム; ほこ","無矛盾性 (むむじゅんせい·0) = consistency (of an axiomatic system); 名辞矛盾 (めいじむじゅん) = contradiction in terms; 瓊矛 (ぬほこ) = jeweled spear (jewelled); 矛偏 (ほこへん·0) = kanji ""spear"" radical at left",彼は矛盾している。,,彼(かれ) は 矛盾 為る(する),マ,"痛,柔,勇"
矢,"arrow, dart",シ; や,"破魔矢 (はまや·2) = (ceremonial) arrow used to drive off evil; 蝶矢 (ちょうや) = Choya Corporation; 鬼の矢幹 (おにのやがら·4) = Gastrodia elata (species of saprophytic orchid); 的矢かき (まとやかき) = Matoya Oyster (from Matoya bay, Mie-ken); 矢車草 (やぐるまそう·0) = Roger's bronze leaf",矢は木をかすめた。,,矢 は 木(き) を 掠める,ノ 大 一 乞,"迭,年,央"
矯,"control, correct, cure, falsify, pretend, rectify, reform, straighten",キョウ; た.める,矯正視力 (きょうせいしりょく·5) = corrected eyesight; 奇矯 (ききょう·0) = eccentric; 奇矯な癖 (ききょうなへき) = eccentric habit,娘は歯を矯正中です。,,娘(むすめ) は 歯 を 矯正 中(ちゅう) です,ノ 口 矢 冂 大 乞,"喬,尚,器"
砕,"break, crush, familiar, popular, smash","サイ; くだ.く, くだ.ける","零砕 (れいさい·0) = a tiny bit; 爆砕 (ばくさい·0) = blasting; 雑砕 (チャプスイ·2,1) = chop suey; 砕屑 (さいせつ) = clastic; 砕屑岩 (さいせつがん·4) = clastic rock",当たって砕けろ。,,当たる 砕ける,ノ 口 十 石 九,"呂,叶,史"
砲,"cannon, gun",ホウ,捕鯨砲 (ほげいほう·2) = (whaling) harpoon gun; 鉄砲百合 (てっぽうゆり·3) = Easter lily (Lilium longiflorum),警察は空砲を撃った。,,警察 は 空砲 を 撃つ(#1253570),口 石 勹 已,"句,包,舌"
硝,"nitrate, saltpeter",ショウ,"旭硝子 (あさひがらす) = Asahi Glass; 硝安 (しょうあん·0,1) = ammonium nitrate",,,,月 口 尚 石,"肖,舌,石"
硫,sulphur,リュウ,"硫安 (りゅうあん·1,0) = ammonium sulfate; 硫酸鉛鉱 (りゅうさんえんこう) = anglesite",硫黄は青い炎を上げて燃える。,,硫黄 は 青い 炎(ほのお) を 上げる 燃える,口 石 川 亠 厶,"琉,流,衣"
碁,Go,ゴ,"碁盤 (ごばん·0) = Go board; 碁会所 (ごかいしょ·0,4) = commercial go-playing parlour (parlor); 詰め碁 (つめご·2,0) = composed go problem; 段碁 (だんご) = dan-ranked go player; 早碁 (はやご) = fast go",父は碁をやります。,,父 は 碁 を 遣る,一 口 石 ハ 甘,"呉,只,基"
碑,"monument, tombstone",ヒ; いしぶみ,"断碑 (だんぴ·1) = broken stone monument; 建碑 (けんぴ·0,1) = erection of a monument; 追悼碑 (ついとうひ) = memorial (to the dead); 頌徳碑 (しょうとくひ) = monument (commemorating a virtuous deed); 詩碑 (しひ·1) = monument (stele, gravestone, etc.) engraved with a poem",これらは記念碑なのである。,,此れ等 は 記念碑 なのである,口 十 石 田,"叶,古,卑"
碧,"blue, green","ヒャク, ヘキ",金髪碧眼 (きんぱつへきがん) = blonde hair and blue eyes; 碧眼 (へきがん·0) = blue eyes; 碧山 (へきざん) = green mountains; 碧玉 (へきぎょく·0) = jasper; 丹碧 (たんぺき·1) = red and green,,,,王 口 石 白,"皇,呈,舌"
碩,"eminent, great, large",セキ; おお.きい,碩儒 (せきじゅ·1) = (Confucian) scholar; 碩老 (せきろう·0) = wise and learned elder; 碩学 (せきがく·0) = great scholar,,,,貝 目 ハ 口 石 頁,"唄,買,額"
磁,"magnet, porcelain",ジ,磁心 (じしん) = (magnetic) core,磁石の針は北を指す。,,磁石 の 針 は 北 を 指す,一 口 石 并 幺,"豆,滋,慈"
磯,"beach, seashore",キ; いそ,磯蟹 (いそがに·0) = Asian shore crab (Hemigrapsus sanguineus); 磯筋海老 (いそすじえび) = Indian bait prawn (Palaemon pacificus); 岩磯目 (いわいそめ·3) = Marphysa sanguinea (species of eunicid worm); 磯伝い (いそづたい·3) = along a rocky beach; 築磯 (つきいそ) = artificial reef,磯田氏に全く同感です。,,氏(し) に 全く 同感 です,ノ 口 石 戈 幺 丶,"機,成,呂"
礁,"reef, sunken rock",ショウ,人工魚礁 (じんこうぎょしょう) = artificial fish reef; 堡礁 (ほしょう·0) = barrier reef; さんご礁 (さんごしょう) = coral reef; 裾礁 (きょしょう) = fringing reef; 礁 (しょう) = reef,船は暗礁に乗り上げて難破した。,,船(ふね) は 暗礁に乗り上げる 難破 為る(する),口 石 杰 隹,"焦,唯,確"
礎,"cornerstone, foundation stone",ソ; いしずえ,基礎体温 (きそたいおん·3) = basal body temperature; 基礎代謝 (きそたいしゃ·3) = basal metabolism,基礎体温をつけています。,,基礎体温 を 付ける,口 石 疋 木,"杏,舌,磨"
祉,"happiness, welfare",シ,"福祉 (ふくし·2,0) = welfare, well-being; 社会福祉 (しゃかいふくし·5,4) = social welfare",公共の福祉のために働く。,,公共 福祉 の 為に 働く,止 礼,"足,視,肯"
祐,help,"ウ, ユウ; たす.ける",富祐 (ふゆう) = wealth,,,,ノ 一 口 礼,"右,呂,史"
祥,"auspicious, blessedness, good fortune, good omen, happiness","ショウ; きざ.し, さいわ.い, つまび.らか, よ.い",嘉祥 (かしょう·0) = Kashō era (848.6.13-851.4.28); 吉祥草 (きちじょうそう) = Reineckea carnea (flowering plant in the Asparagaceae family); 祥伝社 (しょうでんしゃ) = Shoudensha (publisher); 吉祥天 (きちじょうてん·3) = Sri-mahadevi (consort of Vaishravana); 祥月命日 (しょうつきめいにち·5) = anniversary of a person's death,中東は文明の発祥地である。,,中東 は 文明 の 発祥地 である,王 并 羊 礼,"羊,養,詳"
票,"ballot, label, sign, ticket",ヒョウ,予診票 (よしんひょう) = (prevaccination) screening questionnaire; 不在投票 (ふざいとうひょう·4) = absentee voting; 受験票 (じゅけんひょう·0) = admission ticket for an examination; 得票総数 (とくひょうそうすう) = aggregate votes; 認定投票 (にんていとうひょう) = approval voting,反対投票多数。,,反対 投票 多数,示 二 小 西,"漂,標,示"
禄,"allowance, fief, grant, happiness, pension","ロク; さいわ.い, ふち",禄高 (ろくだか·2) = (amount of a samurai's) stipend; 小身微禄 (しょうしんびろく) = (in) a humble position with a small stipend; 文禄 (ぶんろく) = Bunroku era (1592.12.8-1596.10.27); 長禄 (ちょうろく) = Chōroku era (1457.9.28-1460.12.21); 永禄 (えいろく) = Eiroku era (1558.2.28-1570.4.23),貫禄がついたね。,,貫禄 が 付く(つく) ね(#2029080),ヨ 水 礼 隶,"録,逮,康"
禅,"Zen, silent meditation","セン, ゼン; しずか, ゆず.る",筆禅道 (ひつぜんどう) = Art of the Brush (esp. school of Japanese Zen calligraphy); 曹洞禅 (そうとうぜん·3) = Soto Zen; 友禅菊 (ゆうぜんぎく) = Tartarian aster (Aster Novi-Belgii); 禅宗 (ぜんしゅう·0) = Zen (Buddhism); 禅浄 (ぜんじょう) = Zen Buddhism and Pure Land Buddhism,彼は座禅を組んだ。,,彼(かれ) は 座禅 を 組む,十 尚 田 礼,"単,卑,戦"
禍,"calamity, curse, evil, misfortune",カ; わざわい,"白禍 (はっか·1) = White Peril (i.e. takeover by white race(s)); 禍福得喪 (かふくとくそう) = calamity, good fortune, success and failure; 禍因 (かいん·0,1) = cause of trouble; 幸災楽禍 (こうさいらくか) = delighting in the misfortune of others; 風雨の禍 (ふううのか) = disaster caused by wind and rain",口は禍の門。,,口(くち) は 災い の 門(もん),口 礼 冂,"尚,向,舌"
禎,"auspicious, blessed, good fortune, happiness",テイ; さいわ.い,嘉禎 (かてい) = Katei era (1235.9.19-1238.11.23); 禎祥 (ていしょう) = good omen,禎子はみんなに微笑んだ。,,は 皆 に 微笑む,貝 目 ハ 卜 礼,"貞,買,偵"
秀,"beauty, excel, excellence, surpass",シュウ; ひい.でる,秀真 (ほつま) = Hotsuma (script); 佐藤秀 (さとうしゅう) = Satohide Corporation; 秀明大学 (しゅうめいだいがく) = Shumei University; 豊臣秀吉 (とよとみひでよし) = Toyotomi Hideyoshi; 秀作 (しゅうさく·0) = excellent (piece of) work,彼女は作文が優秀だ。,,彼女 は 作文(さくぶん) が 優秀 だ,乃 禾 ノ,"透,誘,秒"
秘,"conceal, secret","ヒ; かく.す, ひ.める, ひそ.か","秘仏 (ひぶつ·0,1) = Buddhist image normally withheld from public view; 秘書協会 (ひしょきょうかい) = Chartered Institute of Secretaries; 秘府略 (ひふりゃく) = Hifuryaku (Japanese proto-encyclopedia); 秘露 (ペルー) = Peru",秘密が漏れた。,,秘密 が 漏れる,ノ 禾 心 丶,"必,泌,稀"
租,"borrowing, crop tax, tariff",ソ,"年租 (ねんそ·1) = annual tax; 専管租界 (せんかんそかい·5) = concession held by a single nation (in China); 地租 (ちそ·2,1) = land tax",,,,一 禾 目,"且,阻,粗"
秦,"Manchu dynasty, name given to naturalized foreigners",シン; はた,先秦 (せんしん) = pre-Qin period (of China); 秦 (しん) = Qin dynasty (of China;  221-207 BCE),,,,一 禾 二 人 大,"奏,天,榛"
秩,"order, regularity, salary",チツ,"社会秩序 (しゃかいちつじょ·5,4) = (maintain, observe) social (public) order; 秩父夜祭 (ちちぶよまつり) = Chichibu Festival; 国際秩序 (こくさいちつじょ) = international order; 法秩序 (ほうちつじょ·3) = legal order",警察は秩序を保ちます。,,警察 は 秩序 を 保つ,ノ 禾 人 土 大,"奎,失,圭"
称,"admire, appellation, fame, name, praise, title","ショウ; あ.げる, かな.う, たた.える, とな.える, はか.り, はか.る, ほめ.る",全称 (ぜんしょう·0) = (logical) universal; 略称 (りゃくしょう·0) = abbreviation; 異称 (いしょう·0) = another name; 反対称的 (はんたいしょうてき) = antisymmetric; 偽称 (ぎしょう·0) = assuming a false name,彼は多くの称賛を得た。,,彼(かれ) は 多く の 賞賛 を 得る(える),ノ 禾 小 一 乞,"秒,少,矢"
稀,"dilute (acid), phenomenal, rare","キ, ケ; まばら, まれ",稀覯本 (きこうぼん·0) = rare book; 稀崩壊 (きほうかい) = rare decay,彼は稀に見る勤勉な男だ。,,彼(かれ) は 稀に見る 勤勉 男 だ,ノ 一 禾 巾 丶,"希,布,秘"
稔,"harvest, ripen","ジン, ニン, ネン; みの.る, みのり",豊稔 (ほうねん) = bumper harvest; 稔性 (ねんせい·0) = fertility (esp. of plants); 不稔性 (ふねんせい·0) = infertility (esp. of plants); 稔実不良 (ねんじつふりょう) = poor crop (of rice),,,,禾 心 个 一,"今,斜,念"
稚,"immature, young","ジ, チ; いとけない, おくて, おさない, おでる","丁稚奉公 (でっちほうこう·4) = apprenticeship; 稚鰤 (わらさ·0) = middle-sized Japanese amberjack (species of yellowtail, Seriola quinqueradiata); 稚児隼 (ちごはやぶさ) = northern hobby (Falco subbuteo)",しげみちゃんを幼稚園に迎えに行けないの。,,ちゃん を 幼稚園 に 迎える に 行く の,禾 隹,"穫,香,雅"
稜,"angle, corner, edge, majesty, power","リョウ, ロウ; いつ, かど","気骨稜々 (きこつりょうりょう) = (a person with) strong moral fiber (backbone, determination); 稜威言別 (いつのことわき) = Notes on the Songs of the Kojiki and the Nihonshoki (by Tachibana Moribe, 1850); 稜威道別 (いつのちわき) = The Parting Ways of Power (by Tachibana Moribe, 1844)",,,,禾 土 儿 夂,"陵,崚,凌"
稲,rice plant,"テ, トウ; いな-, いね",稲光 (いなびかり·3) = (flash of) lightning; 占城稲 (せんじょうとう) = Champa rice,稲妻が光った。,,稲妻 が 光る,｜ 禾 爪 日,"香,曲,旧"
稼,"earn money, earnings, work",カ; かせ.ぐ,"稼ぎ (かせぎ·1,3) = earnings; 原稿稼ぎ (げんこうかせぎ) = living on one's writing; 山稼ぎ (やまかせぎ·3) = making a living in the mountains",彼はおおいに稼ぐ。,,彼(かれ) は 大いに 稼ぐ,禾 宀 豕,"嫁,香,逐"
稿,"copy, draft, manuscript, straw","コウ; したがき, わら",寄稿 (きこう·0) = contribution (e.g. to newspaper); 寄稿者 (きこうしゃ) = contributor (of articles); 送稿 (そうこう·0) = document transmission; 詩稿 (しこう·0) = draft of a poem,私は演説の草稿を作った。,,私(わたし) は 演説 の 草稿 を 作る,禾 口 高 亠 冂,"高,嵩,尚"
穀,"cereals, grain",コク,"穀雨 (こくう·1) = ""grain rain"" solar term (approx. April 20); 禾穀類 (かこくるい·3) = cereal crops; 穀粉 (こくふん·2,0) = grain (rice) flour; 穀物肥育 (こくもつひいく) = grain feeding (livestock); 穀物酢 (こくもつす) = grain vinegar",彼は穀物を商っている。,,彼(かれ) は 穀物 を 商う,禾 士 冖 殳 几 又,"殻,馨,冗"
穂,"crest (wave), ear, ear (grain), head",スイ; ほ,"瑞穂の国 (みずほのくに·0) = Japan, the Land of Abundant Rice; 蔓穂 (つるぼ·0) = Scilla scilloides (species of squill)",美穂さんはピアニストです。,,さん は ピアニスト です,禾 十 心 田,"卑,汁,愁"
穏,"calm, moderation, quiet",オン; おだ.やか,不穏文書 (ふおんぶんしょ) = inflammatory pamphlets; 資性穏和 (しせいおんわ) = being of a gentle disposition; 穏健派 (おんけんは·0) = moderate faction; 穏健路線 (おんけんろせん) = moderate line; 不穏分子 (ふおんぶんし) = dissidents,彼女はとても穏やかだ。,,彼女 は 迚も 穏やか だ,ヨ 禾 心 爪,"愁,穂,稲"
穣,"10**28, good crops, prosperity","ジョウ; ゆたか, わら",穣 (じょう) = 10^28; 豊穣 (ほうじょう·0) = abundant (grain) crop; 豊穣の角 (ほうじょうのつの) = cornucopia; 五穀豊穣 (ごこくほうじょう) = huge harvest (of the five grains),,,,衣 禾 ハ 亠,"六,醸,譲"
穫,"harvest, reap",カク,収穫予想 (しゅうかくよそう) = crop estimate; 収穫逓減 (しゅうかくていげん) = diminishing returns; 収穫祭 (しゅうかくさい·4) = harvest festival; 収穫期 (しゅうかくき) = harvest time,小麦はもう収穫できる。,,小麦 は もう 収穫 出来る,禾 又 艾 隹,"稚,護,獲"
穴,"aperture, cave, den, hole, slit",ケツ; あな,穴兎 (あなうさぎ·3) = European rabbit (Oryctolagus cuniculus); 日本穴熊 (にほんあなぐま) = Japanese badger (Meles meles anakuma); 焼け穴 (やけあな·0) = a burn hole,彼は穴を掘った。,,彼(かれ) は 穴(あな) を 掘る,ハ 宀 儿,"八,突,空"
窃,"hushed, private, secret, steal, stealth","セツ; ぬす.む, ひそ.か",窃ちゃり (せっちゃり) = bicycle theft; 窃盗団 (せっとうだん) = group of thieves; 窃盗強迫 (せっとうきょうはく) = kleptomania,犯人は窃盗を自供した。,,犯人 は 窃盗 を 自供 為る(する),穴 刀 儿 匕 宀,"突,空,老"
窒,"obstruct, plug up",チツ,窒塞 (ちっそく·0) = blocked; 窒化硼素 (ちっかほうそ) = boron nitride; 窒息ガス (ちっそくガス) = choking gas; 窒死 (ちっし·0) = death from suffocation,彼は煙に巻かれて窒息した。,,彼(かれ) は 煙 に 巻く 窒息 為る(する),一 穴 至 土 儿 厶 宀,"至,窓,允"
窮,"cornered, destitute, hard up, perplexed, suffer","キュウ, キョウ; きわ.まり, きわ.まる, きわ.み, きわ.める","天壌無窮 (てんじょうむきゅう·0,5) = as eternal as heaven and earth; 窮鳥 (きゅうちょう·0) = cornered bird; 窮余の策 (きゅうよのさく) = desperate measure; 窮死 (きゅうし·0) = dying in miserable circumstances",窮鼠猫を噛む。,,窮鼠 猫(ねこ) を 噛む,弓 穴 身 儿 宀,"突,空,窓"
窯,"furnace, kiln, oven",ヨウ; かま,黒崎窯業 (くろさきょうぎょう) = Krosaki Corporation; 東京窯業 (とうきょうようぎょう) = TYK Corporation; 土窯炭 (どがまずみ·3) = charcoal burned in an earthen kiln; 炭焼き窯 (すみやきがま·4) = charcoal kiln; 土窯 (どがま·0) = earthen kiln,,,,王 穴 并 羊 儿 宀 杰,"羊,馬,養"
竜,"dragon, imperial","リュウ, リョウ, ロウ; いせ, たつ",軽竜騏兵 (けいりゅうきへい) = (Royal) light cavalry; 黒竜会 (こくりゅうかい) = Black Dragon Society (1901-1946),村に竜巻が起こった。,,村 に 竜巻 が 起こる,立 田 乙,"礼,電,亀"
竣,"end, finish","シュン, ドウ; おわ.る, わらべ, わらわ",竣功式 (しゅんこうしき) = ceremony to mark completion; 竣成 (しゅんせい·0) = completion,,,,立 儿 厶 夂,"允,酸,峻"
端,"border, cape, edge, end, origin, point, verge","タン; -ばた, は, はし, はた, はな",端近 (はしぢか·0) = (interior) corner of a house; 端局 (たんきょく) = (radio) terminal; 後端 (こうたん·0) = (tail) end,両極端は一致する。,,両極端 は 一致 為る(する),山 而 立,"瑞,需,辛"
笙,a reed instrument,"ショウ, ソウ; ふえ",鳳笙 (ほうしょう·0) = shō (Japanese free reed musical instrument); 笙の笛 (しょうのふえ·1) = shō (Japanese free reed musical instrument); 笙歌 (しょうか·1) = singing and playing the shō; 笙 (しょう·1) = traditional Japanese wind instrument resembling panpipes,,,,生 竹 乞,"竹,筆,笹"
笛,"bagpipe, clarinet, flute, piccolo, pipe, whistle",テキ; ふえ,"笛吹鯛 (ふえふきだい) = Chinese emperor (species of emperor bream, Lethrinus haematopterus); 篠笛 (しのぶえ·0,3) = Japanese transverse bamboo flute (high-pitched;  usu. with seven holes); 狛笛 (こまぶえ·3) = Korean flute (horizontal bamboo flute with six holes;  highest-pitched flute used in gagaku); 浦内笛鯛 (うらうちふえだい) = Papuan black snapper (Lutjanus goldiei); 風笛 (ふうてき) = bagpipe",合図の笛がなった。,,合図 の 笛 が 鳴る,｜ 竹 日 田 乞,"申,甲,由"
第,"No., residence","ダイ, テイ",第一帝政 (だいいちていせい) = (French) First Empire; 第二帝政 (だいにていせい) = (French) Second Empire; 第一勧銀 (だいいちかんぎん) = (abbr) Dai-Ichi Kangyo Bank (DKB) (now merged into Mizuho Bank),君次第だよ。,,君(きみ) 次第 だ よ,弓 竹 乞,"竹,筆,笹"
笹,"(kokuji), bamboo grass",ささ,笹葉銀蘭 (ささばぎんらん) = Cephalanthera longibracteata (species of orchid); 笹百合 (ささゆり) = Japanese lily (Lilium japonicum); 雪笹 (ゆきざさ·2) = Maianthemum japonicum (species of monocot); 広葉雪笹 (ひろはゆきざさ) = Maianthemum yesoense (flowering plant in the Asparagaceae family),,,,世 竹 乞,"竹,筆,第"
筋,"descent, fiber, muscle, plan, plot, sinew, tendon",キン; すじ,筋斗雲 (きんとうん) = Flying Nimbus (magical cloud appearing in the Dragonball manga); 磯筋海老 (いそすじえび) = Indian bait prawn (Palaemon pacificus); 筋金 (すじがね·0) = a metal reinforcement; 一筋の涙 (ひとすじのなみだ) = a trickle of tears; 外腹斜筋 (がいふくしゃきん) = abdominal external oblique muscle,全身筋肉痛だ。,,全身 筋肉痛 だ,月 竹 力 乞,"脅,竹,朋"
策,"means, plan, policy, scheme, step",サク,金策 (きんさく·0) = (means of) raising money; 論策 (ろんさく·0) = (written) treatment of current events,正直は最上の策。,,正直 は 最上 の 策(さく),｜ 巾 竹 ハ 木 亅 冂 乞,"刺,竹,八"
箇,counter for articles,"カ, コ","信仰箇条 (しんこうかじょう) = articles of faith; 箇 (じ·1) = counter for the hito-futa-mi counting system (forming hitotsu, futatsu, mitsu, and misoji, yasoji, etc.)",この湖はこの箇所が一番深い。,,此の 湖(みずうみ) は 此の 箇所 が 一番(いちばん) 深い,口 十 竹 囗 乞,"固,叶,古"
節,"clause, honor, joint, knob, knot, knuckle, melody, node, occasion, period, season, stanza, tune, verse","セチ, セツ; -ぶし, のっと, ふし",節博士 (ふしはかせ·3) = (musical) intonation marks; 待降節 (たいこうせつ·3) = Advent; 万霊節 (ばんれいせつ·3) = All Souls' Day; 万愚節 (ばんぐせつ·3) = April Fools' Day,猫にかつお節。,,猫(ねこ) に 鰹節,艮 竹 卩 乞,"即,良,範"
範,"example, model, pattern",ハン,皇室典範 (こうしつてんぱん·5) = Imperial House Act,想定の範囲外だ。,,想定 の 範囲 外(がい) だ,乙 車 竹 卩 乞,"犯,節,竹"
篤,"cordial, deliberate, fervent, kind, serious",トク; あつ.い,篤姫 (あつひめ) = Atsuhime (TV series); 士篤恒 (ストックホルム) = Stockholm (Sweden); 危篤状態 (きとくじょうたい) = critical condition; 篤農 (とくのう·0) = exemplary farmer; 温厚篤実 (おんこうとくじつ·0) = having a gentle and sincere personality,彼は危篤状態だった。,,彼(かれ) は 危篤状態 だ,竹 杰 馬 乞,"馬,竹,驚"
簿,"record book, register",ボ,鹵簿 (ろぼ·1) = Imperial cortege (procession); 会計簿 (かいけいぼ) = account book; 計算簿 (けいさんぼ) = account book; 出席簿 (しゅっせきぼ·4) = attendance record,君は簿記ができますか。,,君(きみ) は 簿記 が 出来る か,十 汁 寸 竹 田 丶 乞,"博,薄,専"
粋,"chic, choice, cream, elite, essence, pith, purity, style",スイ; いき,純粋理性 (じゅんすいりせい·5) = (Kantian) pure reason; 純粋培養 (じゅんすいばいよう·5) = clean (pure) culture; 清粋 (せいすい·0) = elegance; 粋な人 (すいなひと) = man of well-cultivated tastes; 国粋 (こくすい·0) = national characteristics,彼は純粋の貴族だ。,,彼(かれ) は 純粋 の 貴族 だ,九 十 米,"汁,酔,枠"
粗,"coarse, rough, rugged","ソ; あら-, あら.い","粗銅 (そどう·0,1) = black copper; 豪放粗野 (ごうほうそや) = bold and boorish; 粗酒粗肴 (そしゅそこう) = cheap wines and unpalatable dishes (a modest (self-deprecating) way of offering a meal to a guest); 目の粗い (めのあらい) = coarse (texture or grain)",彼は態度が粗野だ。,,彼(かれ) は 態度 が 粗野 だ,一 米 目,"且,阻,租"
粘,"glutinous, greasy, persevere, sticky",ネン; ねば.る,抗粘結剤 (こうねんけつざい) = anti-caking agent; 粘土 (ねばつち·0) = clay,粘液便がでます。,,粘液便 が 出る,口 米 卜,"占,舌,石"
粛,"quietly, softly, solemn","シュク, スク; つつし.む",粛清 (しゅくせい·0) = (political) purge; 粛啓 (しゅくけい·0) = Dear (name); 甘粛省 (かんしゅくしょう) = Gansu Province (China); 粛慎 (あしはせ) = Mishihase (ancient ethnic group of people who lived in northern Japan),議長は静粛を命じた。,,議長 は 静粛 を 命じる,｜ ノ ヨ 米 隶,"酢,詐,昨"
糖,sugar,トウ,"竹糖 (たけとう·0) = Chinese sugarcane (Saccharum sinense) (used for making wasanbon); 御目出糖 (おめでとう·0) = Japanese sweets made with glutinous rice and azuki bean paste; 台糖 (たいとう) = Taito Co., Ltd.",砂糖がないよ。,,砂糖 が 無い よ,口 米 广,"舌,石,粘"
糧,"bread, food, provisions","リョウ, ロウ; かて","食糧法 (しょくりょうほう) = Law for Stabilization of Supply, Demand and Prices of Staple Food; 新食糧法 (しんしょくりょうほう) = Law for Stabilization of Supply, Demand and Prices of Staple Food; 兵糧米 (ひょうろうまい·0) = army rice",食糧が尽きた。,,食糧 が 尽きる,一 日 米 里,"量,晋,旦"
系,"lineage, system",ケイ,運転系統 (うんてんけいとう·5) = (bus) route; 日系米人 (にっけいべいじん) = American of Japanese descent,彼は日系人だ。,,彼(かれ) は 日系人 だ,ノ 糸 幺 小,"紗,級,孫"
糾,"ask, investigate, twist, verify",キュウ; ただ.す,罪状糾明 (ざいじょうきゅうめい) = closely examining (questioning) the concrete circumstances of a crime; 糾う (あざなう·3) = to twist (something); 糾合 (きゅうごう·0) = rally; 紛糾 (ふんきゅう·0) = complication,禍福は糾える縄の如し。,,禍福 は 糾う 縄 の 如し,｜ 糸 幺 小 十,"継,索,糸"
紀,"account, annals, chronicle, geologic period, history, narrative",キ,仏滅紀元 (ぶつめつきげん) = Buddhist calendar; 西紀 (せいき·1) = Christian era; 白亜紀 (はくあき·3) = Cretaceous Period,１世紀は１００年です。,,一世紀 は 年(ねん) です,糸 幺 小 已,"糸,緋,維"
紋,"family crest, figures",モン,雲紋雀 (うんもんすずめ) = Callambulyx tatarinovii (species of hawk moth); 紋雀蜂 (もんすずめばち) = European hornet (Vespa crabro); 紋殻通 (もんがらどおし) = Fowler's snake eel (Ophichthus erabo),石が池に波紋を描いた。,,石(いし) が 池 に 波紋 を 描く,糸 幺 小 文,"糸,緋,維"
納,"obtain, pay, reap, settlement, store, supply","トウ, ナ, ナッ, ナン, ノウ; -おさ.める, おさ.まる, おさ.める",格納庫 (かくのうこ·3) = (aircraft) hangar; 摩納哥 (モナコ) = Monaco; 納税協会 (のうぜいきょうかい) = Tax Payment Association; 辞官納地 (じかんのうち) = Tokugawa Yoshinobu's resignation as Minister of the Interior and the abandonment of the Shogunate's territories (during the Meiji Restoration); 維納 (ウィーン) = Vienna (Austria),納得いかないなあ。,,納得 行く なあ,糸 幺 小 人 冂,"糸,内,網"
紗,"gauze, gossamer","サ, シャ; うすぎぬ",紗 (しゃ·0) = (silk) gauze; 寒冷紗 (かんれいしゃ·3) = cheesecloth; 掛袱紗 (かけぶくさ·3) = crape wrapper; 羅紗紙 (らしゃがみ·0) = flock paper; 紗のよう (しゃのよう) = gauzy,あの赤い布は「袱紗」茶道具を清めるために使う必需品なの。,,彼の(あの) 赤い 布 は 袱紗 茶道具 を 清める 為に 使う 必需品 だ の,ノ 糸 幺 小,"系,級,孫"
紘,large,"コウ; おおづな, つな, つなぐ",八紘一宇 (はっこういちう·6) = universal brotherhood; 八紘 (はっこう·0) = the eight directions,,,,ノ 一 糸 幺 小 厶,"紗,系,緩"
級,"class, grade, rank",キュウ,学級 (がっきゅう·0) = (school) class,彼は私の級友です。,,彼(かれ) は 私(わたし) 級友 です,ノ 糸 幺 小 及,"紗,系,孫"
紛,"be mistaken for, distract, divert, go astray","フン; -まぎ.れ, まぎ.らす, まぎ.らわしい, まぎ.らわす, まぎ.れる",湾岸紛争 (わんがんふんそう) = Gulf War (1990),多額の金が紛失した。,,多額 の 金(かね) が 紛失 為る(する),糸 幺 小 刀 ハ,"紹,糸,分"
素,"elementary, naked, principle, uncovered","ス, ソ; もと",電子素子 (でんしそし·4) = (electronic) element; 味の素 (あじのもと·3) = Ajinomoto Co. Inc.; 素菜 (すさい) = Chinese vegetarian cuisine,でも素敵だわ。,,でも 素敵 だ わ,糸 幺 小 土 亠 二,"潔,績,絞"
紡,spinning,ボウ; つむ.ぐ,"大東紡織 (だいとうぼうしょく) = Daito Woolen Spinning & Weaving Company, Limited; 豊田紡織 (とよだぼうしょく) = Toyoda Boshoku Corporation; 紡毛 (ぼうもう·0) = carded wool; 綿紡 (めんぼう·0) = cotton spinning",私はおばあちゃんがするのを見てウールの紡ぎ方を覚えました。,,私(わたし) は お祖母ちゃん が 為る(する) の を 見る ウール の 紡ぐ 方(かた) を 覚える,糸 幺 小 方,"糸,緋,維"
索,"cord, inquiring, rope, searching",サク,"検索 (けんさく·0) = search, lookup; 思索 (しさく·0) = deep thought; 索引 (さくいん·0) = index; 捜索 (そうさく·0) = search, investigation",彼らは南極を探索した。,,彼ら(かれら) は 南極 を 探索 為る(する),糸 幺 小 十 冖,"糾,糸,続"
紫,"purple, violet",シ; むらさき,紫君子蘭 (むらさきくんしらん·7) = African lily (Agapanthus africanus); 紫蘭 (しらん·1) = Bletilla striata (purple variety of orchid); 紫雲英 (げんげ·0) = Chinese milk vetch,貴方は、筑紫川に行く。,,貴方(あなた) は 川 に 行く,止 糸 幺 小 匕,"糸,緋,維"
紬,pongee (a knotted silk cloth),"チュウ; つむ.ぐ, つむぎ",絹紬 (けんちゅう) = pongee (unbleached silk); 白紬 (しろつむぎ) = white pongee; 大島紬 (おおしまつむぎ·5) = Oshima tsumugi weave; 紬鯊 (つむぎはぜ) = yellowfin toxic goby (Yongeichthys criniger),,,,｜ 糸 幺 小 日 田,"紳,練,細"
累,"accumulate, continually, involvement, tie up, trouble",ルイ,累月 (るいげつ·0) = a number of months; 累積赤字 (るいせきあかじ) = accumulated deficit; 累積損失 (るいせきそんしつ) = accumulated loss; 累損 (るいそん·0) = accumulated loss,回収対象のソニー製充電池は累計で７６５万９０００個となった。,,回収 対象 之(の) NI 製 充電池 は 累計 で(#2028980) 万(まん) 個(こ) となる,糸 幺 小 田,"細,紳,紬"
紳,"gentleman, good belt, sire",シン,田紳 (でんしん·0) = country gentleman; 紳士 (しんし·1) = gentleman; 紳士協定 (しんしきょうてい·4) = gentlemen's agreement; 紳士淑女 (しんししゅくじょ) = ladies and gentlemen,彼は紳士である。,,彼(かれ) は 紳士 である,｜ 糸 幺 小 日 田,"紬,練,細"
紺,"dark blue, navy",コン,紺綬褒章 (こんじゅほうしょう·4) = Medal with Dark Blue Ribbon; 紫紺 (しこん·0) = bluish purple; 紺四郎 (こんしろう·0) = consul; 濃紺 (のうこん·0) = dark blue; 紺絣 (こんがすり·3) = dark blue cloth with white splash patterns,紺屋の白袴。,,紺屋 の 白(しろ) 袴,甘 糸 幺 小,"糸,緋,維"
絃,"cord, samisen music, string",ゲン; いと,"絃声 (げんせい·0) = sound of the strings; 五絃琴 (ごげんきん) = five-stringed instrument; 絃 (げん·1) = string (of a shamisen, etc.)",,,,玄 糸 幺 小 亠,"絞,糸,玄"
結,"bind, contract, do up hair, fasten, join, organize, tie","ケチ, ケツ; むす.ぶ, ゆ.う, ゆ.わえる",ひげ結晶 (ひげけっしょう) = (crystal) whisker; 元結 (もっとい·3) = (paper) cord for tying the hair; 結びの神 (むすびのかみ·5) = Cupid,結構面白い。,,結構 面白い,口 士 糸 幺 小,"緯,絹,絡"
絞,"constrict, strangle, wring","コウ; し.まる, し.める, しぼ.る",岩根絞り (いわねしぼり) = Camellia japonica 'Iwaneshibori' (cultivar of common camellia); 絞殺死体 (こうさつしたい) = body of a strangled person; 鹿の子絞 (かのこしぼり·4) = cloth dyed in a dapple pattern; 絞刑 (こうけい) = death by hanging; 絞 (こう) = death by hanging (punishment in the ritsuryō system),罪人は絞首台に送られた。,,罪人(ざいにん) は 絞首台 に 送る,糸 幺 小 父 亠,"絃,糸,玄"
絢,brilliant fabric design,ケン,絢緞子 (あやどんす) = damask; 絢文 (けんぶん) = colorful pattern; 豪華絢爛 (ごうかけんらん·1) = luxurious and gorgeous; 絢爛豪華 (けんらんごうか) = luxurious and gorgeous; 絢爛華麗 (けんらんかれい) = luxurious and gorgeous,,,,糸 幺 小 日 勹,"緒,約,糸"
統,"governing, overall, relationship, ruling","トウ; す.べる, ほび.る",運転系統 (うんてんけいとう·5) = (bus) route; 統計学 (とうけいがく·3) = (study of) statistics; 統一法 (とういつほう) = Act of Uniformity; 統制派 (とうせいは) = Control Faction (of the Imperial Japanese Army),大統領には彼が適任だ。,,大統領 に は 彼(かれ) が 適任 だ,糸 幺 小 亠 儿 厶,"充,絞,絃"
絹,silk,ケン; きぬ,"富士絹 (ふじぎぬ·0,3) = Fuji silk; 絹柳 (きぬやなぎ) = Salix kinuyanagi (species of willow); 絹の道 (きぬのみち) = Silk road; ふるい絹 (ふるいぎぬ) = bolting cloth; 素絹 (そけん·0,1) = coarse silk",そのドレスは絹製です。,,其の ドレス は 絹 製 です,月 口 糸 幺 小,"緯,絡,結"
継,"continue, graft (tree), inherit, patch, succeed","ケイ; つ.ぐ, まま-",皇位継承 (こういけいしょう·1) = (Japanese) imperial succession; 継電器 (けいでんき·3) = (electric) relay; 継電気 (けいでんき) = (electrical) relay; 継父母 (けいふぼ·3) = (one's) step-parents,王位を継ぐ。,,王位 を 継ぐ,｜ 糸 幺 小 米,"糾,糸,紳"
綜,"rule, synthesize","ソウ; おさ.める, す.べる","綜芸 (しゅげい·0,1) = synthesis of varied arts; 綜 (あぜ·2) = warp controller (on a loom); 綜絖 (そうこう·0) = heddle; 綜麻繰 (へそくり·0) = secret savings",,,,糸 幺 小 示 二 宀,"宗,崇,糸"
維,"fiber, rope, tie",イ,維新の党 (いしんのとう) = Japan Innovation Party,この車の維持は高くつく。,,此の 車(くるま) の 維持 は 高くつく,糸 幺 小 隹,"羅,糸,緋"
綱,"cable, class (genus), cord, hawser, rope",コウ; つな,条鰭綱 (じょうきこう) = Actinopterygii (class of the ray-finned fishes); 異獣亜綱 (いじゅうあこう) = Allotheria (subclass of Mesozoic mammals); 両生綱 (りょうせいこう) = Amphibia (class comprising the extant and extinct amphibians); 花虫綱 (かちゅうこう) = Anthozoa (class of cnidarians); 蛛形綱 (ちゅけいこう) = Arachnida,綱は張りすぎて切れた。,,綱(つな) は 張る(はる) 過ぎる(すぎる) 切れる,糸 幺 小 并 冂 山 一 岡,"網,糸,鋼"
網,"netting, network",モウ; あみ,"鉄条網 (てつじょうもう·3) = (barbed) wire entanglements; 網棚 (あみだな·0) = (overhead) luggage rack (on a train, bus, etc.); 捜査網 (そうさもう) = (police) dragnet; 中国網 (ちゅうごくもう) = China Internet Information Center; 網星 (あみぼし) = Chinese ""Neck"" constellation (one of the 28 mansions)",クモは網を張る。,,蜘蛛 は 網(あみ) を 張る(はる),亡 糸 幺 小 并 冂,"綱,納,糸"
綸,"silk cloth, thread","カン, リン; いと","綸子 (りんず·0,1) = figured satin; 綸言 (りんげん·0) = imperial words; 綸旨 (りんじ·1) = the Emperor's command; 経綸 (けいりん·0) = governing",,,,｜ 一 糸 幺 小 个 冊 廾,"編,輪,論"
綺,"beautiful, figured cloth",キ; あや,綺譚 (きたん) = beautiful story; 綺羅 (きら·1) = fine clothes; 狂言綺語 (きょうげんきぎょ·5) = make-believe fiction; 綾綺殿 (りょうきでん·3) = pavilion housing the emperor's bathing quarters and dressing chamber (in Heian Palace),彼は部屋を綺麗にしておく。,,彼(かれ) は 部屋 を 奇麗 に 為る(する) 置く,口 糸 幺 小 大 亅 一,"奇,給,司"
綾,"design, figured cloth, twill",リン; あや,綾竹 (あやだけ) = lease rod (in a loom); 綾綺殿 (りょうきでん·3) = pavilion housing the emperor's bathing quarters and dressing chamber (in Heian Palace); 透き綾 (すきあや·0) = thin silk material; 綾錦 (あやにしき·3) = twill damask and brocade,それは言葉の綾にすぎない。,,其れ は 言葉の綾 に 過ぎる(すぎる),糸 幺 小 土 儿 夂,"絡,経,糸"
緊,"hard, reliable, solid, tense, tight","キン; し.まる, し.める",緊急度 (きんきゅうど) = (degree of) urgency; 緊急逮捕 (きんきゅうたいほ·5) = arrest without warrant; 緊張病 (きんちょうびょう·0) = catatonia; 緊急宣言 (きんきゅうせんげん) = declaration of a state of emergency,緊急室へ。,,緊急 室(しつ) へ,糸 幺 小 臣 又,"経,糸,緩"
緋,"cardinal, scarlet","ヒ; あか, あけ","緋鳥鴨 (ひどりがも·4) = Eurasian wigeon (Anas penelope); 緋梅 (ひばい·0) = Hibai Japanese apricot; 緋連雀 (ひれんじゃく·2) = Japanese waxwing (species of passerine bird, Bombycilla japonica); 緋鹿の子 (ひがのこ·2) = cloth tie-dyed with a scarlet red dappled pattern",,,,糸 幺 小 非,"糸,維,絶"
締,"fasten, lock, shut, tie, tighten","テイ; -し.め, -じ.め, し.まり, し.まる, し.める","締め切り (しめきり·0) = deadline, closing; 締結 (ていけつ·0) = conclusion, agreement; 引き締め (ひきしめ·0) = tightening, firming up",勝って兜の緒を締めよ。,,勝つ 兜 の 緒(お) を 締める よ,巾 糸 幺 小 并 立 亠 冖,"帝,糸,玄"
緩,"be moderate, ease, lessen, loosen, relax, slacken","カン; ゆる.い, ゆる.む, ゆる.める, ゆる.やか",緩徐曲 (かんじょきょく) = adagio; 渋滞緩和 (じゅうたいかんわ) = alleviation of congestion (esp. traffic); 緩衝液 (かんしょうえき·3) = buffer solution,このボタンは緩い。,,此の 釦 は 緩い,糸 幺 小 爪 一 ノ 又,"紗,系,紘"
緯,"(parallels of) latitude, horizontal, left & right, prediction, woof","イ; ぬき, よこいと",緯書 (いしょ·1) = book of omens appended to Confucian Chinese classics; 赤緯 (せきい·1) = declination; 経緯線網 (けいいせんもう) = graticule,,,,口 糸 幺 小 韋,"絹,絡,結"
縁,"affinity, border, brink, connection, edge, relation, verge","-ネン, エン; えにし, ふち, ふち.どる, へり, ゆかり, よすが","縁切り寺 (えんきりでら·0) = (historic) a temple in which women seeking release from marriage could take refuge; 縁座 (えんざ·1) = (system of) extending complicity for a crime to the criminal's family members; くされ縁 (くされえん·3,0) = (undesirable but) inseparable relationship; 仏縁 (ぶつえん·0) = Buddha's providence",縁組は天でなされる。,,縁組 は 天(てん) で(#2028980) 成す,ヨ 糸 幺 小 豕,"糸,緑,緋"
縄,"cord, straw rope","ジョウ; ただ.す, なわ","沖縄戦 (おきなわせん) = Battle of Okinawa (April, 1945); 縄文人 (じょうもんじん) = Jōmon people; 縄文時代 (じょうもんじだい·5) = Jōmon period (ca. 14000-1000 BCE)",細縄で鞭を作った。,,細縄 で(#2028980) 鞭 を 作る,亀 糸 幺 小 田 乙 勹,"細,累,亀"
縛,"arrest, bind, restrain, tie, truss",バク; しば.る,縛り首 (しばりくび·3) = (death by) hanging; 自縛 (じばく·0) = being circumscribed by one's own words and actions; 束縛理論 (そくばくりろん) = binding theory; 束縛電子 (そくばくでんし·5) = bound electron; 束縛変項 (そくばくへんこう·5) = bound variable,おまえを捕縛する。,,お前 を 捕縛 為る(する),糸 幺 小 十 寸 田 丶,"細,累,博"
縦,"height, length, self-indulgent, vertical, wayward",ジュウ; たて,縦横家 (しょうおうか) = School of Diplomacy (school of thought during the Warring States period in China); 縦横比 (じゅうおうひ) = aspect ratio; 縦続接続 (じゅうぞくせつぞく) = cascade connection,プールを縦に二回泳いだ。,,プール を 縦(たて) に 二回 泳ぐ,糸 幺 小 并 疋 彳,"従,糸,緋"
縫,"embroider, sew, stitch",ホウ; ぬ.う,"袋縫い (ふくろぬい·0,3) = French seam; 縫い揚げ (ぬいあげ·0) = a tuck; 背縫い (せぬい·0) = back seam; 返し縫い (かえしぬい·0,3) = backstitch; 絎縫い (くけぬい·0) = blind stitch",縫い物は手仕事。,,縫い物 は 手仕事,｜ 一 込 糸 幺 小 夂,"継,絡,組"
縮,"contract, reduce, shrink, shrivel, wrinkle","シュク; ちぢ.まる, ちぢ.む, ちぢ.める, ちぢ.らす, ちぢ.れる","濃縮還元 (のうしゅくかんげん) = (of juice, etc.) ""from concentrate""",命が縮む思いをした。,,命(いのち) が 縮む 思い を 為る(する),化 糸 幺 小 白 宀,"宿,線,綿"
繁,"complexity, frequency, luxuriant, overgrown, thick, trouble","ハン; しげ.く, しげ.る",無性繁殖 (むせいはんしょく) = asexual reproduction; 繁殖地 (はんしょくち) = breeding grounds; 繁殖期 (はんしょくき·4) = breeding season; 繁殖牝馬 (はんしょくひんば) = broodmare (horse breeding),長寿と繁栄を。,,長寿 と 繁栄 を,糸 幺 小 母 攵 毋 乞,"敏,毎,糸"
繊,"fine, slender, thin kimono",セン,"繊維 (せんい·1) = fiber, textile; 繊細 (せんさい·0) = delicate, sensitive; 化繊 (かせん·0) = synthetic fiber",彼は繊細だ。,,彼(かれ) は 繊細 だ,糸 幺 小 土 戈 赤,"経,糸,緋"
織,"fabric, weave","シキ, ショク; -お.り, -おり, お.り, お.る, おり","大東紡織 (だいとうぼうしょく) = Daito Woolen Spinning & Weaving Company, Limited",計画委員を組織した。,,計画 委員 を 組織 為る(する),音 糸 幺 小 日 立 戈,"識,職,緒"
繕,"adjust, darning, mend, repair, tidy up, trim",ゼン; つくろ.う,繕草 (つくろいぐさ) = Japanese mugwort (Artemisia princeps); 羽繕い (はづくろい·2) = preening; 修繕費 (しゅうぜんひ·3) = repair expense; 修繕工 (しゅうぜんこう) = repair man; 修繕工場 (しゅうぜんこうじょう) = repair shop,私の靴下は繕いが必要だ。,,私(わたし) 靴下 は 繕い が 必要 だ,王 口 糸 幺 小 并 羊,"善,緯,絹"
繭,cocoon,"ケン; きぬ, まゆ",産繭 (さんけん) = (silkworm) cocoon production; 山繭蛾 (やままゆが·4) = Japanese oak silkmoth (Antheraea yamamai); 繭玉 (まゆだま·0) = New Year's decoration with cocoon-shaped cakes; 繭 (まゆ·1) = cocoon; 収繭 (しゅうけん) = cocoon crop,蚕は繭を作る。,,蚕 は 繭 を 作る,糸 幺 小 虫 風 冂 艾,"納,糸,幻"
繰,"look up, reel, refer to, spin, turn (pages), winding",ソウ; く.る,"綿繰り (わたくり·4,3) = cotton ginning; 繰延資産 (くりのべしさん) = deferred asset; 手繰り網 (てぐりあみ) = dragnet",歴史は繰り返す。,,歴史 は 繰り返す,口 糸 幺 小 木 品,"緯,絹,絡"
罰,"penalty, punishment","ハツ, バチ, バツ; ばっ.する","罪と罰 (つみとばつ) = Crime and Punishment (1866 novel by Fyodor Dostoevsky); 罰酒 (ばっしゅ) = alcohol drunk as a punishment (for arriving late, losing a game, etc.); 罰杯 (ばっぱい·0) = alcohol drunk as a punishment (for arriving late, losing a game, etc.); 体罰 (たいばつ·0,1) = corporal punishment",彼は罰せられるだろう。,,彼(かれ) は 罰せられる だろう,刈 言 買,"諭,談,訪"
罷,"go, leave, quit, stop, withdraw","ヒ; まか.り-, や.める",罷免権 (ひめんけん·2) = authority to dismiss someone (from a position); 総罷業 (そうひぎょう·3) = general strike; 罷官 (ひかん) = removal from office; 同盟罷業 (どうめいひぎょう·5) = strike,このスキャンダルで一部の高官が罷免される可能性がある。,,此の スキャンダル で(#2028980) 一部 の 高官 が 罷免 為れる 可能性 が 有る,月 買 匕 厶,"能,熊,態"
羅,"Rome, arrange, gauze, spread out, thin silk",ラ; うすもの,阿修羅道 (あしゅらどう·3) = Asura realm; 婆羅門教 (ばらもんきょう·0) = Brahmanism; 羅漢斎 (らかんさい) = Buddha's delight (vegetarian dish),羅針盤の針は常に北を示す。,,羅針盤 の 針 は 常に 北 を 示す,糸 幺 小 買 隹,"維,糸,緋"
羊,sheep,ヨウ; ひつじ,芋羊羮 (いもようかん·3) = (bar of) sweet-potato paste; 箱根羊歯 (はこねしだ) = Adiantum monochlamys (species of maidenhair fern); 筬羊歯 (おさしだ) = Blechnum amabile (species of hard fern),羊は何て鳴くの？,,羊 は 何て 鳴く の,王 并,"養,金,詳"
義,"honor, justice, loyalty, meaning, morality, righteousness",ギ,三民主義 (さんみんしゅぎ·5) = (Sun Yat-sen's) Three Principles of the People; 孫文主義 (そんぶんしゅぎ·5) = (Sun Yat-sen's) Three Principles of the People; 自前主義 (じまえしゅぎ) = (principle of) self-sufficiency,彼は正義だ。,,彼(かれ) は 正義 だ,一 王 并 羊 亅 戈 手,"議,犠,儀"
翁,venerable old man,オウ; おきな,"翁恵比須 (おきなえびす·4) = Beyrich's slit shell (species of sea snail, Pleurotomaria beyrichii); 小信天翁 (こあほうどり·3) = Laysan albatross (Diomedea immutabilis)",,,,羽 ハ 冫 厶,"公,羽,八"
翔,"fly, soar","ショウ; かけ.る, と.ぶ",北翔大学 (ほくしょうだいがく) = Hokusho University; 翔破 (しょうは·1) = completing a flight; 競翔 (きょうしょう) = flying race (between pigeons); 帆翔 (はんしょう·0) = soaring; 滑翔 (かっしょう) = soaring through the air,翔太は彼女に会うのが恥ずかしいと言いました。,,は 彼女 に 会う の が 恥ずかしい と 言う,羽 并 羊 冫,"羽,翌,養"
翠,"green, kingfisher","スイ; かわせみ, みどり",翠屋 (みどりや) = Midoriya; 翠明荘 (すいめいそう) = Suimeiso (hotel and restaurant chain - suimeiso.co.jp); 山翡翠 (やませみ·0) = crested kingfisher (Megaceryle lugubris); 翠銅鉱 (すいどうこう) = dioptase; 翠玉 (すいぎょく·0) = emerald,,,,羽 十 人 亠 冫,"卒,衣,羽"
翻,"change (mind), flip, flutter, turn over, wave","ハン, ホン; ひるがえ.す, ひるがえ.る","翻案 (ほんあん·0) = adaptation (of a novel, play, etc.); 翻意 (ほんい·1) = changing one's mind",翻訳の質が良くなった。,,翻訳 の 質(しつ) が 良い 成る,羽 田 釆 米 冫,"番,審,羽"
翼,"flank, plane, wing",ヨク; つばさ,"翼宿 (たすきぼし·3) = Chinese ""Wings"" constellation (one of the 28 mansions); 翼形類 (よくけいるい) = Pteriomorphia (subclass of bivalve molluscs); 補助翼 (ほじょよく·2) = aileron",鳥は翼で飛ぶ。,,鳥 は 翼 で(#2028980) 飛ぶ,｜ 一 羽 田 二 ハ 冫 井,"異,共,黄"
耀,"gleam, shine, sparkle, twinkle","ヨウ; かがや.く, ひかり",衒耀 (げんよう·0) = false glitter; 宣耀殿 (せんにょうでん) = ladies' pavilion (of the inner Heian Palace); 光耀 (こうよう) = shining; 耀かす (かがやかす) = to light up; 耀う (かがよう·3) = to shimmer,,,,ヨ 尚 儿 隹,"当,燿,濯"
耐,"-proof, enduring",タイ; た.える,"耐用年数 (たいようねんすう·5,7) = (machine's) service life; 耐酸 (たいさん·0) = acid-resistant; 耐性菌 (たいせいきん·0) = antibiotic-resistant bacteria",耐えられない。,,耐える,而 寸,"需,討,射"
耗,decrease,"コウ, モウ",損耗人員 (そんもうじんいん) = casualty; 消耗品 (しょうもうひん·0) = consumable goods; 消耗的 (しょうこうてき) = exhaustive; 損耗 (そんもう·0) = loss; 減耗 (げんこう·0) = natural decrease,その男の子の世話で彼女は非常に精力を消耗する。,,其の 男の子(おとこのこ) の 世話 で(#2028980) 彼女 は 非常に 精力 を 消耗 為る(する),｜ 士 ハ 毛 木 耒 ノ,"耕,八,朱"
耶,question mark,"ジャ, ヤ; か","耶蘇教 (やそきょう·0) = Christianity; 摩耶蘭 (まやらん) = Cymbidium macrorhizon (species of orchid); 耶路撒冷 (イェルサレム) = Jerusalem; 阿頼耶識 (あらやしき·3) = alaya-vijnana (store consciousness, consciousness forming the base of all human existence); 耶嬢 (やじょう) = father and mother",,,,耳 邦,"椰,郎,邸"
聖,"holy, master, priest, sage, saint","ショウ, セイ; ひじり",聖伝 (せいでん·0) = (Catholic) tradition; 聖公会 (せいこうかい·3) = Anglican or Episcopal Church; 聖告 (せいこく·0) = Annunciation; 聖書協会 (せいしょきょうかい) = Bible Society,ここは聖地だ。,,此処 は 聖地 だ,王 口 耳,"呈,舌,石"
聡,"fast learner, wise","ソウ; さと.い, みみざと.い","聡明剛毅 (そうめいごうき) = be reasonable, strong and do not give in; 利に聡い (りにさとい) = wide-awake to one's interests; 聡敏 (そうびん·0) = sagacity; 耳聡い (みみざとい·4) = sharp-eared; 聡明 (そうめい·0) = wise",彼は聡明だと信じる。,,彼(かれ) は 聡明 だ と 信じる,耳 心 ハ 厶,"恥,公,八"
聴,"careful inquiry, headstrong, listen, naughty","チョウ, テイ; き.く, ゆる.す","色聴 (しきちょう·0) = ""colored hearing"" synesthesia; 聴視率 (ちょうしりつ) = (program, programme) ratings; 難視聴 (なんしちょう·3) = (television or radio signal's) poor reception; 傍聴料 (ぼうちょうりょう) = admission fee; 傍聴無料 (ぼうちょうむりょう) = admission free",聴衆は爆笑した。,,聴衆 は 爆笑 為る(する),耳 十 心 買,"恥,徳,汁"
肇,beginning,"ジョウ, チョウ, トウ; はじ.める, はじめ",肇歳 (ちょうさい) = beginning of the year; 肇国 (ちょうこく·0) = founding of a state; 肇造 (ちょうぞう) = establishment,,,,戸 攵 聿 一 尸 乞,"啓,戸,雇"
肖,resemblance,ショウ; あやか.る,肖像画 (しょうぞうが·0) = portrait; 肖像画家 (しょうぞうがか) = portrait painter; 肖像権 (しょうぞうけん·3) = rights to usage of one's likeness; 肖像 (しょうぞう·0) = portrait,彼はたいした肖り者だ。,,彼(かれ) は 大した 肖り者 だ,月 尚,"脳,消,梢"
肝,"chutzpah, liver, nerve, pluck",カン; きも,急性肝炎 (きゅうせいかんえん) = acute hepatitis; 劇症肝炎 (げきしょうかんえん·5) = acute hepatitis; 慢性肝炎 (まんせいかんえん·5) = chronic hepatitis; 肝硬変 (かんこうへん·3) = cirrhosis (of the liver),始めが肝心。,,初め が 肝心,干 月,"朋,軒,豚"
肢,"arms & legs, limb",シ,"付属肢 (ふぞくし·3) = appendage; 義肢 (ぎし·1) = artificial limb; 肢帯 (したい·0) = girdle (e.g. pelvic girdle, pectoral girdle); 多肢選択 (たしせんたく) = multiple-choice",どちらの選択肢も慎重に検討した。,,何方(どちら) の 選択肢 も 慎重 検討 為る(する),月 支 十 又,"支,枝,技"
肥,"fertile, fertilizer, get fat, manure, pamper","ヒ; こ.える, こ.やし, こ.やす, こえ, ふと.る",追い肥 (おいごえ·0) = (adding) extra fertilizer or manure (fertiliser); 追肥 (ついひ·0) = (adding) extra fertilizer or manure (fertiliser); 合肥 (がっぴ) = Hefei (China); 肥筑方言 (ひちくほうげん) = Hichiku dialect (western Kyushu),彼は肥満体だ。,,彼(かれ) は 肥満体 だ,月 巴,"朋,邑,豚"
肪,"fat, obese",ボウ,脂肪細胞 (しぼうさいぼう·4) = adipocyte; 脂肪組織 (しぼうそしき·4) = adipose tissue; 体脂肪率 (たいしぼうりつ) = body fat percentage,あたし、低脂肪乳ね。,,私(あたし) 低脂肪乳 ね,月 方,"朋,防,豚"
肺,lungs,ハイ,肺炎桿菌 (はいえんかんきん) = Klebsiella pneumoniae,彼は肺がんで死んだ。,,彼(かれ) は 肺がん で(#2028980) 死ぬ,巾 月 亠,"衣,朋,亡"
胆,"courage, gall bladder, nerve, pluck",タン; きも,"春竜胆 (はるりんどう·3) = Gentiana thunbergii (species of gentian); 蔓竜胆 (つるりんどう·3) = Tripterospermum japonicum; 胆大心小 (たんだいしんしょう·0) = being bold and courageous, but also careful and meticulous",彼は大胆なことを言う。,,彼(かれ) は 大胆 事(こと) を 言う,一 月 日,"腸,晋,旦"
胎,"uterus, womb",タイ,受胎告知 (じゅたいこくち·4) = Annunciation; 金胎 (こんたい·0) = Diamond Realm and Womb Realm; 金胎両部 (こんたいりょうぶ·5) = Diamond Realm and Womb Realm; 堕胎医 (だたいい) = abortionist; 人工受胎 (じんこうじゅたい) = artificial insemination,胎動が激しいです。,,胎動 が 激しい です,月 口 厶,"舌,石,朋"
胞,"placenta, sac, sheath",ホウ,卵胞 (らんほう·0) = (ovarian) follicle,地上のすべての人は同胞だ。,,地上 全て 人(ひと) は 同胞 だ,月 勹 已,"包,朋,巳"
胡,"barbarian, foreign","ウ, コ, ゴ; なんぞ",胡鬼の子 (こぎのこ) = Buckleya lanceolata (species of parasitic deciduous shrub); 唐胡頽子 (とうぐみ·0) = Elaeagnus multiflora var. hortensis (variety of goumi); 沢胡桃 (さわぐるみ·3) = Japanese wing nut (Pterocarya rhoifolia); 鬼胡桃 (おにぐるみ·3) = Manchurian walnut (Juglans mandshurica); 胡国 (ここく·1) = North China barbarian nations,あいつ、上司に胡麻を擂ってやがる。,,彼奴(あいつ) 上司 に 胡麻をする やがる,月 口 十,"瑚,湖,叶"
胤,"descendent, issue, offspring",イン; たね,皇胤 (こういん·0) = Imperial descendant (posterity); 落胤 (らくいん·0) = nobleman's illegitimate child; 後胤 (こういん·0) = descendant; 胤裔 (いんえい·0) = successor,,,,月 儿 幺,"朋,幻,脱"
胴,"hub of wheel, hull (ship), torso, trunk",ドウ,胴間声 (どうまごえ·4) = (vulgar) thick voice; 胴像 (どうぞう·0) = bronze statue; 輪胴 (りんどう) = chamber (of a revolver); 圧胴 (あつどう) = impression cylinder,彼は胴体に負傷した。,,彼(かれ) は 胴体 に 負傷 為る(する),月 口 冂 一,"尚,向,銅"
脅,"coerce, threaten","キョウ; おど.かす, おど.す, おびや.かす","脅迫罪 (きょうはくざい·4,0) = criminal intimidation",脅かさないでよ。,,脅かす(おどかす) よ,月 力,"筋,朋,勝"
脈,"hope, pulse, vein",ミャク; すじ,欧文脈 (おうぶんみゃく) = Japanese containing expressions literally translated from European languages; 脈管学 (みゃっかんがく) = angiology; 大動脈瘤 (だいどうみゃくりゅう) = aortic aneurysm,脈が遅いです。,,脈 が 遅い です,斤 月 厂,"朋,派,励"
脚,"base, leg, lower part, skids, undercarriage","カク, キャ, キャク; あし",十脚目 (じっきゃくもく·4) = Decapoda (the order of crustaceans including shrimp and crabs); 脚細 (あしぼそ) = Japanese stilt grass (Microstegium vimineum); 末脚 (すえあし) = accelerating in the final stretch; 端脚類 (たんきゃくるい) = amphipods; 無脚 (むきゃく) = apodal,脚がまだ痛む。,,足(あし) が 未だ 痛む,月 土 卩 厶,"却,朋,圭"
脩,dried meat,"シュウ; おさ.める, なが.い, ほじし",脩竹 (しゅうちく·0) = tall bamboo,,,,化 月 攵 乞 ｜,"修,悠,倣"
脱,"be left out, escape from, get rid of, removing, take off, undress","ダツ; ぬ.ぐ, ぬ.げる",脱税犯 (だつぜいはん) = (crime of) tax evasion; 脱感作 (だっかんさ·3) = (immunological) desensitization; 脱兎さん (だっとさん) = Datsun (motor car from Nissan Motor Company); 脱糞 (だっぷん·0) = a bowel movement; 脱原発 (だつげんぱつ·3) = abandoning nuclear power generation,彼は脱獄した。,,彼(かれ) は 脱獄 為る(する),月 口 并 儿,"豆,閲,税"
脹,"bulge, dilate, distend, fill out, swell","チョウ; は.れる, ふく.らむ, ふく.れる",腫脹 (しゅちょう·0) = swelling; 脹れ (はれ·0) = swelling; 脹らかす (ふくらかす·0) = to expand,,,,月 長,"朋,豚,脅"
腐,"decay, rot, sour","フ; -くさ.る, くさ.す, くさ.らす, くさ.る, くさ.れ, くさ.れる","生き腐れ (いきぐされ·0,3) = (fish) appearing fresh but actually gone bad; 沖縄豆腐 (おきなわどうふ·5) = Okinawan tofu; 島豆腐 (しまどうふ) = Okinawan-style tofu; 貴腐人 (きふじん·2) = adult woman who likes comics about male homosexual love; 目腐れ (めくされ·2) = bleary-eyed person",牛乳が腐った。,,牛乳 が 腐る,化 寸 肉 广,"府,付,附"
腸,"bowels, guts, intestines, viscera","チョウ; はらわた, わた",浣腸 (かんちょう·0) = (giving an) enema; 腸詰め菌 (ちょうづめきん·0) = Clostridium botulinum (bacteria that causes botulism); 腸香 (わたか·0) = Ischikauia steenackeri (species of cyprinid fish),浣腸をしました。,,浣腸 を 為る(する),一 月 日 勿,"胆,晋,旦"
膜,membrane,マク,"膜翅目 (まくしもく·3) = Hymenoptera; 尿膜 (にょうまく·1) = allantois; 羊膜 (ようまく·1,0) = amnion",私の結膜炎は慢性です。,,私(わたし) 結膜炎 は 慢性 です,月 大 日 艾,"萌,暮,菖"
膨,"get fat, swell, thick","ボウ; ふく.らむ, ふく.れる","膨大部 (ぼうだいぶ) = ampulla; 着膨れ (きぶくれ·0,2) = bundling up (in layers of clothes); 膨張係数 (ぼうちょうけいすう·5,7) = coefficient of expansion; 膨張度 (ぼうちょうど) = dilation (of a sound wave in acoustics)",水は熱で膨張する。,,水(みず) は 熱(ねつ) で(#2028980) 膨張 為る(する),月 口 十 土 豆 并 彡,"胡,豆,吐"
臨,"attend, call on, confront, face, look to, meet",リン; のぞ.む,再臨派 (さいりんは) = Adventists,彼は臨時雇いを採用した。,,彼(かれ) は 臨時雇い を 採用 為る(する),ノ 口 臣 品 一 人 乞,"右,呂,史"
臭,"be bright, be fragrant, fragrance, glow, ill-smelling, odor, savor, stink, stinking, suspicious looking","シュウ; -くさ.い, くさ.い, にお.い, にお.う",馬鹿臭い (ばかくさい·4) = absurd; 素人臭い (しろうとくさい·6) = amateurish; 臭素酸 (しゅうそさん) = bromic acid; 臭化物 (しゅうかぶつ·3) = bromide,あいつが臭い。,,彼奴(あいつ) が 臭い(くさい),自 大 目,"息,鼻,瞭"
至,"arrive, attain, climax, proceed, reach, result in",シ; いた.る,勢至菩薩 (せいしぼさつ·4) = Mahasthamaprapta (bodhisattva); 至上者 (しじょうしゃ) = Supreme Being; 夏至線 (げしせん·0) = Tropic of Cancer; 至純 (しじゅん·0) = absolute purity; 冬至粥 (とうじがゆ·3) = adzuki bean rice gruel eaten on the day of the winter solstice (to chase away demons that spread contagious diseases),この道は公園に至る。,,此の 道(みち) は 公園 に 至る,一 土 厶,"窒,圭,法"
致,"cause, do, doth, engage, exert, forward, incur, send",チ; いた.す,拉致監禁 (らちかんきん) = abduction and confinement (esp. unlawful); 拉致問題 (らちもんだい) = abduction issue (esp. of those Japanese abducted by North Korea),どう致しまして。,,どう致しまして,至 土 厶 攵 乞,"赦,到,竹"
興,"entertain, interest, pleasure, retrieve, revive","キョウ, コウ; おこ.す, おこ.る",出光興産 (いでみつこうさん) = Idemitsu Kosan,彼は多少興奮した。,,彼(かれ) は 多少 興奮 為る(する),臼 口 ハ 冂 一,"尚,呉,向"
舌,"clapper, reed, tongue",ゼツ; した,金口木舌 (きんこうぼくぜつ·0) = (public) opinion leader; 舌代 (しただい·0) = a notice; 笹牛の舌 (ささうしのした·7) = bamboo sole (Heteromycteris japonica); 鴃舌 (げきぜつ·0) = barbarian jabbering,二枚舌を使うな。,,二枚舌 を 使う な,口,"石,邑,足"
舎,"cottage, house, hut, inn, mansion","シャ, セキ; やど.る",田舎回り (いなかまわり·4) = (theatrical) provincial tour; 仏舎利 (ぶっしゃり·0) = Buddha's ashes; 幻冬舎 (げんとうしゃ) = Gentosha Inc.; 倶舎宗 (くしゃしゅう) = Kusha Sect,この田舎者めが。,,此の 田舎者 奴(め) が,口 土 个,"捨,吐,塔"
舗,"pave, shop, store",ホ,直営店舗 (ちょくえいてんぽ) = directly managed store (as opposed to a distributor); 新聞舗 (しんぶんほ) = newspaper distributor,私は店舗の二階に住んでいる。,,私(わたし) は 店舗 の 二階 に 住む,口 十 土 用 个 丶,"舎,甫,吐"
舜,"althea, rose of Sharon, type of morning glory",シュン,"堯舜 (ぎょうしゅん) = the sage emperors Yao and Shun; 舜 (シュン) = Emperor Shun, legendary ancient Chinese ruler",,,,牛 舛 爪 夕 冖,"瞬,多,受"
舶,"liner, ship",ハク,"船舶 (せんぱく·1) = ship, vessel; 舶来 (はくらい·0) = imported, foreign-made",舶来品は何でも国産品より優れていると思っている人が少なくない。,,舶来品 は 何でも 国産品 より 優れる と 思う 人(ひと) が 少なくない,舟 白,"迫,皇,皆"
艇,"rowboat, small boat",テイ,艇 (てい·1) = (small) boat; 短艇 (たんてい·0) = (small) boat; 汽艇 (きてい·0) = (steam) launch; 飛空艇 (ひくうてい) = airship; 補助艦艇 (ほじょかんてい) = auxiliary vessel,私たちのボートは２艇身の差で勝った。,,私たち の ボート は 艇身 の 差 で(#2028980) 勝つ,王 舟 廴,"廷,庭,舶"
艦,warship,カン,"軍艦 (ぐんかん·0) = warship, battleship; 戦艦 (せんかん·0) = battleship; 艦隊 (かんたい·0,1) = fleet; 護衛艦 (ごえいかん·2) = escort ship",敵の旗艦を撃破しました！,,敵(てき) の 旗艦 を 撃破 為る(する),皿 舟 臣 二 乞,"監,鑑,藍"
艶,"captivating, charm, colorful, glaze, glossy, luster, polish","エン; あで.やか, つや, つや.めく, なま.めかしい, なま.めく",艶金 (つやきん) = Tsuyakin; 艶笑小話 (えんしょうこばなし) = amorous anecdote; 艶小蜂 (つやこばち) = aphelinid wasp (Encarsia formosa); 艶麗 (えんれい·0) = dazzling (beauty); 艶々しい (つやつやしい·5) = glossy,この石鹸を使えば彼女の顔の色艶がよくなるだろう。,,此の 石鹸 を 使う 彼女 顔(かお) の 色艶 が 良くなる だろう,｜ 口 色 豆 日 并 勹,"豊,豆,曲"
芋,potato,ウ; いも,芋羊羮 (いもようかん·3) = (bar of) sweet-potato paste; 里芋科 (さといもか·0) = Araceae (arum family of plants); 長芋 (ながいも·0) = Chinese yam (Dioscorea batatas); 男爵芋 (だんしゃくいも) = Irish Cobbler potato; ヤム芋 (ヤムいも) = Japanese yam (Dioscorea japonica),この芋虫がきれいな蝶になるのだ。,,此の 芋虫 が 奇麗 蝶 になる のだ,一 艾 干,"華,若,樺"
芙,"Mt Fuji, lotus",フ,芙蓉峰 (ふようほう·2) = Mount Fuji; 唐芙蓉 (とうふよう) = Okinawan-style fermented tofu; 酔芙蓉 (すいふよう) = cotton rosemallow (Hibiscus mutabilis cv. Versicolor); 芙蓉 (フヨウ·0) = lotus blossom,,,,人 二 艾 大,"葵,扶,失"
芝,"lawn, turf",シ; しば,力芝 (ちからしば·3) = Chinese fountain grass (Pennisetum alopecuroides); 芝麻醤 (ジーマージャン) = Chinese sesame paste; 雄日芝 (おひしば·2) = Indian goosegrass (Eleusine indica); 高麗芝 (こうらいしば·3) = Korean lawn grass,芝生に入るな。,,芝生 に 入る(はいる) な,亠 艾,"衣,亡,蓄"
芳,"balmy, favorable, fragrant, perfume",ホウ; かんば.しい,芳志 (ほうし·1) = (your) kindness; 花蘇芳 (はなずおう·3) = Chinese redbud (Cercis chinensis); 芳香療法 (ほうこうりょうほう) = aromatherapy,現在のその市の財政は芳しくない。,,現在 の 其の 市(し) の 財政 は 芳しくない,方 艾,"防,訪,菖"
芹,parsley,キン; せり,"芹科 (せりか·0) = Apiaceae (parsley family of plants); 浜芹 (はまぜり·2) = Cnidium japonicum (species of umbellifer); 毒芹 (どくぜり·2,0) = Mackenzie's water hemlock (Cicuta virosa); 芹菜 (キンサイ) = Chinese celery",,,,斤 艾,"薪,菖,茜"
芽,"bud, germ, spear, sprout",ガ; め,"幼芽 (ようが·1,0) = (wheat) germ; 芽殖孤虫 (がしょくこちゅう) = Sparganum proliferum (species of worm); 芽体 (がたい) = blastema; 芽接ぎ (めつぎ·3) = bud grafting",芽がでてきた。,,芽 が 出る 来る(くる),牙 艾,"雅,邪,菖"
苑,"farm, garden, park","エン, オン; う.つ, その",辞苑 (じえん) = Jien (forerunner of the Kojien dictionary); 珈琲苑 (コーヒーえん) = Kōhiien (coffee shop); 広辞苑 (こうじえん) = Kōjien (Japanese dictionary published by Iwanami Shoten); 芸苑 (げいえん·0) = artistic and literary circles; 御苑 (ぎょえん·0) = imperial garden,「広辞苑にこう書いてあります」と言って、広辞苑を唯一の拠り所に論陣を張る人がよくいる。,,広辞苑 に 斯う 書く と 言う 広辞苑 を 唯一 拠り所 に 論陣を張る 人(ひと) が 良く 居る(いる),夕 卩 艾,"多,卯,腕"
苗,"sapling, seedling, shoot","ビョウ, ミョウ; なえ, なわ-",磚子苗 (いぬくぐ·2) = Pacific island flatsedge (Cyperus cyperoides); 種苗法 (しゅびょうほう) = Plant Variety Protection and Seed Act; 苗頭 (びょうとう·0) = deflection (gunnery); 苗裔 (びょうえい·0) = descendant; 苗畑 (なえばたけ) = field of rice seedlings,冬の間は苗を鉢植えにする。,,冬 の 間(あいだ) は 苗(なえ) を 鉢植え に 為る(する),田 艾,"菓,猫,描"
茂,"be luxuriant, grow thick, overgrown",モ; しげ.る,加茂なす (かもなす) = Kamo eggplant (Solanum melongena;  round variety originally grown in Kyoto); 逆茂木 (さかもぎ·0) = abatis; 茂林 (もりん·0) = luxuriant (dense) forest; 繁茂 (はんも·1) = luxuriant growth; おい茂る (おいしげる) = to grow thickly,雑草は茂りやすい。,,雑草 は 茂る 易い,ノ 戈 艾,"成,蔵,臓"
茄,eggplant,カ,悪茄子 (わるなすび) = Carolina horsenettle (Solanum carolinense); 茄子科 (なすか·0) = Solanaceae (nightshade family of plants); 茄子属 (なすぞく) = Solanum (nightshade genus of plants),瓜のつるに茄子はならぬ。,,瓜の蔓 に 茄子 は 生る,口 力 艾,"加,勤,舌"
茅,miscanthus reed,"ボウ, ミョウ; かや, ちがや",茅潜 (かやくぐり·3) = Japanese accentor (Prunella rubida); 瀬戸茅 (せとがや) = Japanese foxtail (Alopecurus japonicus); 油茅 (あぶらがや) = abura-gaya (Scirpus wichurai); 茅渟 (ちぬ·1) = black porgy (Acanthopagrus schlegeli); 茅渟鯛 (ちぬだい·2) = black porgy (Acanthopagrus schlegeli),,,,矛 艾,"菖,茜,苗"
茉,jasmine,"バツ, マ, マツ",茉莉花 (まつりか·3) = Arabian jasmine (Jasminum sambac); 茉莉 (まつり·1) = Arabian jasmine (Jasminum sambac); 野茉莉 (えごのき) = Japanese snowbell,,,,｜ 一 ハ 木 亠 艾,"末,樺,抹"
茎,"stalk, stem","キョウ, ケイ; くき","歯茎音 (しけいおん·2) = alveolar consonant; 鱗茎 (りんけい·0) = bulb (of a lily, tulip, etc.); 鱗茎菜 (りんけいさい) = bulbous vegetable",バラは茎に刺がある。,,薔薇 は 茎 に 棘(とげ) が 有る,土 又 艾,"皮,圭,怪"
茜,"Turkey red, madder, red dye",セン; あかね,"茜さす (あかねさす) = glowing dark red; 茜の根 (あかねのね) = madder root; 秋茜 (あきあかね·3) = var. of red dragonfly (Sympetrum frequens); 蝦夷茜 (えぞあかね) = yellow-winged darter (Sympetrum flaveolum); 茜 (アカネ·0) = madder (esp. Japanese madder, Rubia argyi)",小田茜は、美少女コンテスト上がりの女優だ。,,は 美少女 コンテスト 上がり の 女優 だ,西 艾,"要,菖,茅"
荘,"cottage, dignified, feudal manor, inn, solemn, villa","ショウ, ソウ, チャン; おごそ.か, ほうき",February 1972); 老荘 (ろうそう·0) = Laozi and Zhuangzi; 石家荘 (せっかそう) = Shijiazhuang (China); 翠明荘 (すいめいそう) = Suimeiso (hotel and restaurant chain - suimeiso.co.jp); 荘司 (しょうじ·1) = administrator of a manor,別荘は海岸にある。,,別荘 は 海岸 に 有る,士 爿 艾,"壮,装,菖"
莉,jasmine,"ライ, リ, レイ",茉莉花 (まつりか·3) = Arabian jasmine (Jasminum sambac); 茉莉 (まつり·1) = Arabian jasmine (Jasminum sambac); 野茉莉 (えごのき) = Japanese snowbell,,,,禾 刈 艾,"利,萩,菌"
莞,"reed used to cover tatami, smiling",カン; い,莞爾 (かんじ·1) = smiling; 莞然 (かんぜん·0) = sweetly smiling,,,,二 儿 宀 艾 元,"完,芸,穴"
菊,chrysanthemum,キク,菊の節句 (きくのせっく·0) = Chrysanthemum Festival (one of the five annual festivals;  celebrated on the 9th day of the 9th lunar month); 万寿菊 (まんじゅぎく·3) = French marigold (Tagetes patula); 菊池図形 (きくちずけい) = Kikuchi pattern,菊はよい香りがする。,,菊 は 良い 香りがする,米 勹 艾,"鞠,藩,敬"
菌,"bacteria, fungus, germ",キン,菌株 (きんかぶ·1) = (bacterial) strain; 炭そ菌 (たんそきん) = Bacillus anthracis (anthrax bacteria),この水は殺菌してある。,,此の 水(みず) は 殺菌 為る(する),禾 囗 艾,"口,萩,莉"
菖,iris,ショウ,"檜扇菖蒲 (ひおうぎあやめ) = Arctic iris (Iris setosa); 菖蒲科 (あやめか) = Iridaceae (iris family); 石菖 (せきしょう·3,0) = Japanese sweet flag (Acorus gramineus); 菖蒲湯 (しょうぶゆ·3) = bathwater with iris petals; 庭石菖 (にわぜきしょう·3) = blue-eyed grass (Sisyrinchium rosulatum)",その庭園は菖蒲の名所です。,,其の 庭園 は 菖蒲(しょうぶ) の 名所(めいしょ) です,日 艾,"著,萌,草"
菫,the violet,キン; すみれ,叡山菫 (えいざんすみれ) = Viola eizanensis (flower in the violet family); 蝦夷菫 (えぞすみれ) = Viola eizanensis (flower in the violet family); 菫科 (すみれか) = Violaceae (violet family); 菫青石 (きんせいせき·3) = cordierite,,,,｜ 一 口 土 二 艾,"勤,華,亜"
華,"flower, gay, gorgeous, luster, ostentatious, petal, shine, showy, splendor","カ, ケ; はな","東一華 (あずまいちげ) = Anemone raddeana (species of anemone flower); 華厳経 (けごんきょう·0) = Avatamska sutra; 華鬘 (けまん·0) = Buddhist decoration engraved with various motifs, often made from gilt copper (e.g. for adorning the inner shrine of a temple); 法華八講 (ほっけはっこう·4) = Buddhist service in which the eight scrolls of the Lotus Sutra are read one scroll at a time (one morning and one evening reading each day for four days with a different reciter each time); 中華航空 (ちゅうかこうくう) = China Airlines",彼女は華奢な体格だ。,,彼女 は 華奢(きゃしゃ) 体格 だ,｜ 一 艾,"樺,蘭,薫"
萌,"bud, malt, show symptoms of, sprout","ホウ; きざ.し, きざ.す, めばえ, も.える","萌車 (もえしゃ) = car decorated with (female) anime characters; 萌え断 (もえだん) = colorful cross-section of cut food such as sandwiches, sushi rolls and cakes; 萌え袖 (もえそで) = overly long sleeves; 下萌え (したもえ·0) = sprout of a plant shooting from under the soil",彼の事業もやっと萌芽の兆しを見せた。,,彼(かれ) 事業 も 漸と 萌芽 の 兆し を 見せる,月 日 艾,"膜,菖,朋"
萩,bush clover,シュウ; はぎ,"秋萩帖 (あきはぎじょう) = Akihagijō (10C poem by Ono Michikaze, regarded as the first hiragana text); 萩猿子 (はぎましこ) = Asian rosy finch (Leucosticte arctoa); 萩の乱 (はぎのらん) = Hagi Rebellion (1876); 萩属 (はぎぞく) = Lespedeza (genus comprising the bush clovers)",私たちは自転車を借りて、萩野町を観光した。,,私たち は 自転車 を 借りる 町(まち) を 観光 為る(する),火 禾 艾,"炎,菌,莉"
葬,"bury, interment, shelve",ソウ; ほうむ.る,仏葬 (ぶっそう·0) = Buddhist funeral; 神葬 (しんそう·0) = Shinto funeral; 神葬祭 (しんそうさい) = Shinto funeral ceremony; 会葬 (かいそう·0) = attendance at a funeral; 葬り (ほうむり) = burial,彼の葬式には出なかった。,,彼(かれ) 葬式 には 出る,一 夕 匕 廾 艾,"老,多,化"
葵,hollyhock,キ; あおい,二葉葵 (ふたばあおい·4) = Asarum caulescens (species of wild ginger); 寒葵 (かんあおい·3) = Asarum nipponicum (species of wild ginger); 葵科 (あおいか) = Malvaceae (family of mallows); 水葵 (みずあおい·3) = Monochoria korsakowii (species of flowering plant); 冬葵 (ふゆあおい·3) = cluster mallow (Malva verticillata),葵さんはダンスをします。,,さん は ダンス を 為る(する),人 大 二 癶 艾 ノ,"芙,失,邦"
蒔,sow (seeds),"シ, ジ; う.える, ま.く","蒔き灰 (まきばい·2) = ash for spreading (tea ceremony); 高蒔絵 (たかまきえ·3,4) = embossed gilt lacquerwork; 金蒔絵 (きんまきえ) = gold lacquer; 蒔き付け (まきつけ·0) = sowing (seeds)",蒔かぬ種は生えぬ。,,撒く 種(たね) は 生える,寸 土 日 艾,"時,菖,封"
蒼,"blue, pale",ソウ; あお.い,"蒼鉛 (そうえん·0,1) = bismuth; 輝蒼鉛鉱 (きそうえんこう) = bismuthinite; 蒼穹 (そうきゅう·0) = blue sky; 蒼空 (そうくう·0) = blue sky; 蒼古 (そうこ·1) = old-fashioned and tasteful",交通事故のニュースに彼女は顔面蒼白となった。,,交通事故 の ニュース に 彼女 は 顔面蒼白 と 成る(なる),ノ 口 个 艾 一,"若,含,吟"
蓄,"amass, hoard, raise, store",チク; たくわ.える,蓄圧器 (ちくあつき) = (hydraulic) accumulator; 蓄財 (ちくざい·0) = amassing of wealth; 生物蓄積 (せいぶつちくせき) = bioaccumulation,蓄膿症です。,,蓄膿症 です,玄 田 亠 幺 艾,"畜,苗,芝"
蓉,lotus,ヨウ,芙蓉峰 (ふようほう·2) = Mount Fuji; 唐芙蓉 (とうふよう) = Okinawan-style fermented tofu; 酔芙蓉 (すいふよう) = cotton rosemallow (Hibiscus mutabilis cv. Versicolor); 芙蓉 (フヨウ·0) = lotus blossom,,,,穴 口 谷 ハ 个 宀 艾,"容,溶,谷"
蓮,lotus,"レン; はす, はちす","紅妙蓮寺 (べにみょうれんじ) = Camellia japonica 'Benimyorenji' (cultivar of common camellia); 岩蓮華 (いわれんげ·3) = Chinese dunce cap (species of succulent plant, Orostachys iwarenge); 蓮華草 (れんげそう·0) = Chinese milk vetch (Astragalus sinicus); 日蓮正宗 (にちれんしょうしゅう) = Nichiren Shoshu (sect of Buddhism)",蓮の花はなんとも言えない芳香をはなっていた。,,蓮 の 花 は 何とも 言う 芳香 を 放つ,込 車 艾,"連,陣,逐"
蔦,"ivy, vine",チョウ; つた,蔦漆 (つたうるし·3) = Asian poison ivy (Rhus ambigua); 豆蔦蘭 (まめづたらん) = Bulbophyllum drymoglossum (species of orchid); 黒木蔦 (くろきづた) = Caulerpa scalpelliformis (species of green alga); 木蔦 (きづた·1) = Hedera rhombea (species of ivy); 蔦の葉貝 (つたのはがい) = Penepatella stellaeformis (species of limpet),,,,鳥 杰 艾,"馬,鵬,鳴"
蕉,"banana, plantain",ショウ,水芭蕉 (みずばしょう·3) = Asian skunk cabbage (Lysichiton camtschatcense); 芭蕉旗魚 (ばしょうかじき·4) = Indo-Pacific sailfish (Istiophorus platypterus); 芭蕉 (ばしょう·0) = Japanese fiber banana (Musa basjoo); 甘蕉 (かんしょう) = banana; 香蕉 (こうしょう) = banana,芭蕉はもっとも偉大な詩人だった。,,芭蕉 は 最も 偉大 詩人 だ,杰 艾 隹,"焦,馬,薦"
蕗,"bog rhubarb, butterbur","ル, ロ; ふき",野蕗 (のぶき) = Adenocaulon himalaicum (species of flowering plant); 秋田蕗 (あきたぶき) = Japanese butterbur (Petasites japonicus subsp. giganteus); 石蕗 (つわぶき·2) = Japanese silverleaf (Farfugium japonicum); 玉蕗 (たまぶき) = Parasenecio farfarifolius var. bulbifer (variety of Indian plantain); 蕗雪の下 (ふきゆきのした) = Saxifraga japonica (species of saxifrage),,,,口 足 夂 艾 止,"路,露,足"
薦,"advise, encourage, mat, offer, recommend",セン; すす.める,推薦枠 (すいせんわく) = (university) admission category for recommended candidates; お薦 (おこも·0) = beggar; 蒲薦 (ほせん·0) = bulrush mat; 推薦入試 (すいせんにゅうし) = entrance examination for selected candidates (who have been recommended to the university); 粗薦 (あらこも·0) = loosely woven mat of wild rice leaves,自賛は推薦にならない。,,自賛 は 推薦 になる,广 杰 艾,"庶,馬,蕉"
薪,"firewood, fuel, kindling","シン; たきぎ, まき",柴薪 (さいしん) = brushwood and firewood; 薪拾い (たきぎひろい) = firewood gathering; 薪能 (たきぎのう·3) = noh theater performed at night by a fire; 薪小屋 (たきぎごや) = woodshed,彼は椅子を叩き壊して薪にした。,,彼(かれ) は 椅子(いす) を 叩き壊す 薪 に 為る(する),斤 辛 并 木 立 艾 亠,"新,芹,芝"
薫,"be scented, fragrant, send forth fragrance, smoke (tobacco)",クン; かお.る,"風薫る (かぜかおる) = (subject to the) cool light breeze in early summer; 薫蒸消毒 (くんじょうしょうどく) = fumigation; 薫染 (くんせん·0) = good influence; 薫化 (くんか·1,0) = influencing people by one's virtue; 薫じる (くんじる) = to be fragrant",薫さんはアメリカに行っています。,,さん は 亜米利加 に 行く,｜ 杰 艾 日 ノ 一,"勲,華,曹"
藍,indigo,ラン; あい,藍野大学 (あいのだいがく) = Aino University; 琉球藍 (りゅうきゅうあい·5) = Assam indigo (Strobilanthes cusia); 僧伽藍摩 (そうがらんま·4) = Buddhist convent or monastery; 藍綬褒章 (らんじゅほうしょう·4) = Medal with Blue Ribbon,,,,ノ 皿 臣 二 艾 乞,"監,濫,鑑"
藤,wisteria,"トウ, ドウ; ふじ",安藤建設 (あんどうけんせつ) = Ando Corporation; 支那藤 (しなふじ) = Chinese wisteria (Wisteria sinensis); 遠藤照明 (えんどうしょうめい) = Endo Lighting Corporation; 藤沢製薬 (ふじさわせいやく) = Fujisawa Pharmaceutical (now Astellas Pharma),加藤さんは先生である。,,さん は 先生(せんせい) である,｜ 一 月 水 艾 二 大,"謄,泰,華"
藩,"clan, enclosure",ハン,"藩儒 (はんじゅ·1) = (Confucian) scholar retained by a feudal lord or daimyo; 藩医 (はんい·1) = Edo-period doctor working at a public clinic; 廃藩置県 (はいはんちけん·5,6) = abolition of feudal domains and establishment of prefectures (1871); 廃藩 (はいはん·0) = abolition of the han system; 藩庁 (はんちょう) = administrative headquarters of a feudal domain (early Meiji period)",江戸時代に、各藩の奨励策によって、全国各地に地場産業が興った。,,江戸時代 に 各藩 之(の) 奨励 策(さく) に因って 全国 各地 に 地場産業 が 興る,汁 田 釆 米 艾,"番,苗,審"
藻,"duckweed, seaweed",ソウ; も,三日月藻 (みかづきも·4) = Closterium (genus of algae); 灰色藻綱 (かいしょくそうこう) = Glaucophyceae (class of glaucophytes),,,,口 汁 木 艾 品,"杏,落,燥"
蘭,"Holland, orchid","ラ, ラン","紫君子蘭 (むらさきくんしらん·7) = African lily (Agapanthus africanus); 英蘭戦争 (えいらんせんそう) = Anglo-Dutch Wars (1652-1654, 1665-1667, 1672-1674); 紫蘭 (しらん·1) = Bletilla striata (purple variety of orchid); 豆蔦蘭 (まめづたらん) = Bulbophyllum drymoglossum (species of orchid); 笹葉銀蘭 (ささばぎんらん) = Cephalanthera longibracteata (species of orchid)",,,,｜ 一 日 木 門 艾,"樺,槽,欄"
虎,"drunkard, tiger",コ; とら,虎蛾 (とらが) = Chelonomorpha japona (species of owlet moth); 水虎の尾 (みずとらのお·5) = Eusteralis yatabeana (species of plant in the mint family); 虎列剌茸 (これらたけ) = Galerina fasciculata (poisonous mushroom),彼は虎が好き。,,彼(かれ) は 虎 が 好き(すき),卜 儿 匕 厂 虍,"彪,虚,虐"
虐,"oppress, tyrannize",ギャク; しいた.げる,被虐性愛 (ひぎゃくせいあい) = (sexual) masochism; 幼児虐殺 (ようじぎゃくさつ) = Massacre of the Innocents (infanticide by Herod that appears in the New Testament),彼は敵に虐待された。,,彼(かれ) は 敵(てき) に 虐待 為れる,卜 匕 匚 厂 虍,"虚,虎,戯"
虚,"crack, emptiness, fissure, unpreparedness, untruth, void","キョ, コ; うつ.ろ, むな.しい",腎虚 (じんきょ) = (male) emaciation due to sexual overindulgence; 虚構新聞 (きょこうしんぶん) = Kyokō Shimbun (parody news site); 虚栄の市 (きょえいのいち) = Vanity Fair; 虚無僧 (こむそう·0) = begging Zen priest of the Fuke sect (wearing a sedge hood and playing a shakuhachi flute),エマは虚弱体質だ。,,は 虚弱体質 だ,一 卜 匕 厂 虍,"虐,虎,戯"
虜,"barbarian, captive, low epithet for the enemy","リョ, ロ; とりく, とりこ",捕虜交換 (ほりょこうかん) = prisoner exchange; 被虜人 (ひりょにん) = slave; 虜囚 (りょしゅう·0) = captive; 俘虜 (ふりょ·1) = prisoner of war,彼は捕虜になった。,,彼(かれ) は 捕虜 になる,田 卜 力 匕 厂 虍,"膚,慮,虚"
虞,"anxiety, concern, consideration, expectation, fear, uneasiness","グ; あざむ.く, あやま.る, うれ.える, おそれ, おもんぱか.る, たの.しむ, のぞ.む, はか.る",憂虞 (ゆうぐ·1) = anxiety; 不虞 (ふぐ·1) = unforeseen (occurrence); 虞美人草 (ぐびじんそう·0) = common poppy (Papaver rhoeas),,,,口 ハ 卜 匕 厂 虍,"虚,虐,虎"
虹,rainbow,コウ; にじ,虹技 (こうぎ) = Kogi Corporation; 虹梁 (こうりょう·0) = arched beam used in shrine and temple construction; 夕虹 (ゆうにじ) = evening rainbow; 虹彩 (こうさい·0) = iris,虹は７色だ。,,虹 は 色(いろ) だ,工 虫,"触,蛮,蚊"
蚊,mosquito,ブン; か,羽斑蚊 (はまだらか·4) = Anopheles (genus of mosquitoes); 一条縞蚊 (ひとすじしまか) = Asian tiger mosquito (Aedes albopictus); 地下家蚊 (ちかいえか·3) = London Underground mosquito (Culex pipiens f. molestus),蚊が刺した。,,蚊 が 刺す,虫 文,"触,蛮,虹"
蚕,silkworm,"サン, テン; かいこ, こ",玉敷沙蚕 (たましきごかい) = Arenicola brasiliensis (species of lugworm); 天蚕 (てんさん·0) = Japanese oak silkmoth (Antheraea yamamai); 昔沙蚕 (むかしごかい) = archiannelids of the genus Saccocirrus (esp. Saccocirrus major),蚕は繭を作る。,,蚕 は 繭 を 作る,一 大 虫 二,"天,三,秦"
蛇,"hard drinker, serpent, snake","イ, ジャ, ダ, ヤ; へび",川蛇 (かわへび·0) = Asian swamp eel (Monopterus albus); 蛇床子 (じゃしょうし) = Cnidium monnieri fruit; 蛇銀宝 (へびぎんぽ) = Enneapterygius etheostomus (species of threefin blenny),蛇の道は蛇。,,蛇 の 道(みち) は 蛇,虫 匕 宀,"老,化,窃"
蛍,"firefly, lightning-bug",ケイ; ほたる,姫蛍 (ひめぼたる·3) = Hotaria parvula (species of firefly); 金蛍 (きんぼたる) = Hotaria parvula (species of firefly); 蛍藺 (ほたるい) = Scirpus hotarui (species of bulrush); 蛍袋 (ほたるぶくろ·4) = bellflower; 蛍草 (ほたるぐさ·3) = dayflower,ハリーは本当に蛍光灯だね。,,は 本当に 蛍光灯 だ ね,尚 虫 冖,"覚,栄,学"
蛮,barbarian,バン; えびす,南蛮寺 (なんばんじ) = Christian churches built in Japan in the second half of the 16th century; 南蛮宗 (なんばんしゅう) = Christianity; 蛮刀 (ばんとう) = barbarian's sword; 蛮習 (ばんしゅう·0) = barbarous custom; 蛮風 (ばんぷう·0) = barbarous customs,まだ野蛮な国がある。,,未だ 野蛮 国 が 有る,虫 亠,"衣,亡,触"
蝶,butterfly,チョウ,"箆蝶鮫 (へらちょうざめ) = American paddlefish (Polyodon spathula); 墨流蝶 (すみながし·3) = Asian constable (species of butterfly, Dichorragia nesimachus); 蝶矢 (ちょうや) = Choya Corporation; 池蝶貝 (いけちょうがい·3) = Hyriopsis schlegelii (species of freshwater mussel); 蝶目 (ちょうもく·0) = Lepidoptera",あ！蝶々がいる！,,あ 蝶々 が 居る(いる),虫 木 世,"葉,楓,麻"
融,"dissolve, melt","ユウ; と.かす, と.ける","金融 (きんゆう·0) = finance, banking; 融合 (ゆうごう·0) = fusion, union; 融資 (ゆうし·1,0) = financing, loan; 融通 (ゆうずう·0) = flexibility",銀行はその会社に融資をした。,,銀行 は 其の 会社 に 融資 を 為る(する),口 虫 儿 冂 鬲,"尚,向,隔"
衆,"great numbers, masses, multitude, populace","シュ, シュウ; おお.い",衆参各院 (しゅうさんかくいん) = (in) each of the houses of the Japanese parliament,聴衆は爆笑した。,,聴衆 は 爆笑 為る(する),血 皿 糸,"血,孟,盟"
街,"boulevard, street, town","カイ, ガイ; まち",街頭 (がいとう·0) = (on the) street; 街頭録音 (がいとうろくおん·5) = (recorded) man-on-the-street interview; 街録 (がいろく) = (recorded) man-on-the-street interview; 街宣車 (がいせんしゃ) = (right-wing) propaganda truck,街を見に行こう。,,街(まち) を 見に行く,行 土 彳,"行,圭,徒"
衛,"defense, protection","エ, エイ",紅衛兵 (こうえいへい·3) = (Chinese) Red Guards,月は地球の衛星だ。,,月(つき) は 地球 衛星 だ,口 行 彳 韋,"行,舌,石"
衝,"brunt, collide, highway, opposition (astronomy), pierce, prick, stab, thrust",ショウ; つ.く,衝天 (しょうてん·0) = (being in) high spirits; 衝心 (しょうしん·0) = (beriberi-caused) heart failure; 衝羽根 (つくばね·0) = Buckleya lanceolata (species of parasitic deciduous shrub),車が木に衝突した。,,車 が 木(き) に 衝突 為る(する),｜ 行 日 彳 里 ノ,"昨,種,曲"
衡,"equilibrium, measuring rod, scale",コウ,論衡 (ろんこう) = Lunheng (collection of Chinese classic texts written by Wang Chong); 斉衡 (さいこう) = Saikō era (854.11.30-857.2.21),金衡１ポンドは１２オンスである。,,金衡 听 は オンス である,行 大 田 彳 勹,"行,街,奮"
衰,"decline, wane, weaken",スイ; おとろ.える,"減衰量 (げんすいりょう·3) = attenuation; 減衰率 (げんすいりつ) = attenuation (factor, rate); 減衰係数 (げんすいけいすう) = attenuation coefficient; 減衰歪み (げんすいひずみ) = attenuation distortion",風がやや衰えた。,,風(かぜ) が 稍 衰える,衣 一 亠,"喪,衣,亡"
衷,"heart, inmost, inside, mind",チュウ,"和洋折衷 (わようせっちゅう·0,1,4) = blending of Japanese and Western styles; 雅俗折衷 (がぞくせっちゅう) = blending of the classical and colloquial styles; 折衷尺 (せっちゅうじゃく·3) = compromised shaku (compromise between the Kyōhō shaku and the Matashirō shaku;  approx. 30.3 cm); 折衷主義 (せっちゅうしゅぎ·5) = eclecticism; 衷心 (ちゅうしん·0) = innermost feelings",彼は和洋折衷の家に住んでいる。,,彼(かれ) は 和洋折衷 の 家(いえ) に 住む,衣 十 口,"叶,古,舌"
衿,"collar, lapel, neck","キン, コン; えり","衿芯 (えりしん·0) = collar core (stiff fabric, etc. inside a collar); 衿裏 (えりうら·0) = lining of the collar; 裏衿 (うらえり) = neckband lining; 衿ぐり (えりぐり) = neckline (of dress, etc.); 半衿 (はんえり·0) = neckpiece (on a kimono)",,,,初 个 一,"今,琴,含"
袈,a coarse camlet,"カ, ケ","輪袈裟 (わげさ·1,2) = loop-shaped monk's stole; 袈裟固 (けさがため·3) = scarf hold (in judo); 袈裟切り (けさぎり·0) = slashing (someone) with a sword diagonally from the shoulder; 袈裟懸 (けさがけ) = slashing (someone) with a sword diagonally from the shoulder",彼の話はそうとう大袈裟だ。,,彼(かれ) 話(はなし) は 相当 大袈裟 だ,衣 口 力 亠,"哀,加,褒"
裁,"cut out (pattern), decision, judge, tailor","サイ; さば.く, た.つ",洋裁 (ようさい·0) = (Western) dressmaking; 鉄拳制裁 (てっけんせいさい·5) = (punishment by) striking with fists; 裁断師 (さいだんし) = (tailor's) cutter,裁判は三時間続いた。,,裁判 は 三 時間 続く,土 亠 厶 戈 衣,"壌,衣,圭"
裂,"rend, split, tear","レツ; -ぎ.れ, さ.く, さ.ける",無糸分裂 (むしぶんれつ·3) = amitosis; 裂肛 (れっこう·0) = anal fissure,水道管が破裂した。,,水道管 が 破裂 為る(する),衣 刈 歹 亠,"列,製,衣"
裕,"abundant, fertile, rich",ユウ,裕度 (ゆうど) = electrical tolerance; 余裕手 (よゆうしゅ) = free move (othello); 富裕層 (ふゆうそう) = wealthy people,裕福に暮らす。,,裕福 に 暮らす,口 初 谷 ハ 个,"谷,浴,欲"
裟,Buddhist surplice,"サ, シャ","輪袈裟 (わげさ·1,2) = loop-shaped monk's stole; 袈裟固 (けさがため·3) = scarf hold (in judo); 袈裟切り (けさぎり·0) = slashing (someone) with a sword diagonally from the shoulder; 袈裟懸 (けさがけ) = slashing (someone) with a sword diagonally from the shoulder",彼の話はそうとう大袈裟だ。,,彼(かれ) 話(はなし) は 相当 大袈裟 だ,ノ 衣 汁 小 亠,"沙,少,渉"
裸,"naked, nude, partially clothed, uncovered",ラ; はだか,裸本 (はだかほん) = (used) book without the original cover (or box); 裸木 (はだかぎ·3) = Prunus zippeliana (East Asian species of prunus); 裸の質量 (はだかのしつりょう) = bare mass; 素裸足 (すはだし) = barefoot; 裸蛇 (はだかへび·4) = caecilian (any burrowing legless amphibian of the order Gymnophiona),彼は上半身裸だった。,,彼(かれ) は 上半身 裸 だ,初 田 木,"課,菓,果"
製,"made in..., manufacture",セイ,製函 (せいかん) = (cardboard) box manufacture; 鋼鉄製 (こうてつせい·0) = (made of) steel; 製造番号 (せいぞうばんごう) = (manufacturer's) serial number; 製缶工場 (せいかんこうじょう) = (tin) can factory,あの絵は複製です。,,彼の(あの) 絵 は 複製 です,衣 刈 牛 巾 亠,"裂,衣,亡"
褐,"brown, woollen kimono",カツ,褐毛和種 (あかげわしゅ·3) = Japanese Brown (cattle breed); 黒褐色 (こっかっしょく·3) = blackish brown; 褐藻類 (かっそうるい) = brown algae; 褐変 (かっぺん·0) = browning,そのピアノは美しい、濃い褐色の木で作られていました。,,其の ピアノ は 美しい 濃い 褐色(かっしょく) の 木(き) で(#2028980) 作る,初 日 勹 匕,"旬,旨,謁"
褒,"extol, praise",ホウ; ほ.める,紫綬褒章 (しじゅほうしょう·3) = Medal of Honor with Purple Ribbon (awarded for scholarly or artistic achievement); 藍綬褒章 (らんじゅほうしょう·4) = Medal with Blue Ribbon; 紺綬褒章 (こんじゅほうしょう·4) = Medal with Dark Blue Ribbon; 緑綬褒章 (りょくじゅほうしょう·4) = Medal with Green Ribbon (virtuous conduct); 紅綬褒章 (こうじゅほうしょう·4) = Medal with Red Ribbon,褒美をやろう。,,褒美 を 遣る,衣 化 口 小 亠,"哀,依,諒"
襟,"collar, lapel, neck, one's inner feelings",キン; えり,襟換え (えりがえ·0) = becoming a geisha (of a geisha apprentice); 襟鞭毛虫 (えりべんもうちゅう) = choanoflagellate,彼はすりの襟首を掴んだ。,,彼(かれ) は 掏摸 の 襟首を掴む,示 二 小 初 木,"禁,標,示"
襲,"advance on, attack, heap, pile, succeed to","シュウ; おそ.う, かさ.ね",空襲 (くうしゅう·0) = air-raid; 空襲警報 (くうしゅうけいほう) = air-raid alarm,帝国の逆襲。,,帝国 の 逆襲,衣 月 立 亠,"衣,朋,亡"
覆,"be ruined, capsize, cover, mantle, shade","フク; おお.う, くつがえ.す, くつがえ.る","覆没 (ふくぼつ·0) = capsizing and sinking; 覆われ (おおわれ) = cover (e.g. of snow, trees, etc.); 被覆作物 (ひふくさくもつ) = cover crop; 覆土 (ふくど·2) = covering seeds with soil; 被覆空間 (ひふくくうかん) = covering space",その列車は転覆した。,,其の 列車 は 転覆 為る(する),西 日 夂 彳 乞,"履,復,複"
覇,"champion, hegemony, leadership, supremacy","ハ, ハク; はたがしら",那覇 (なは) = Naha (city in Okinawa); 覇王竜 (はおうりゅう) = Tyrannosaurus rex; 覇王樹 (はおうじゅ·2) = cactus; 初制覇 (はつせいは) = first victory,彼は世界選手権で４連覇を成し遂げた。,,彼(かれ) は 世界選手権 で(#2028980) 連覇 を 成し遂げる,革 月 西,"朋,腰,豚"
視,"inspection, look at, regard as, see",シ; み.る,"電視台 (でんしだい) = (Chinese) television station; 視学官 (しがくかん·3,2) = (prefectural) school inspector; 聴視率 (ちょうしりつ) = (program, programme) ratings; 難視聴 (なんしちょう·3) = (television or radio signal's) poor reception; 透視画法 (とうしがほう·4) = (the artistic technique of) perspective",仮性近視です。,,仮性近視 です,見 礼,"祉,祈,社"
覧,"perusal, see",ラン; み.る,笑覧 (しょうらん·0) = (your) reading (of my work); 観覧車 (かんらんしゃ·3) = Ferris wheel,本日ご覧ください。,,本日 ご覧ください,ノ 見 臣 二 乞,"邦,藍,濫"
訂,"correct, decide, revise",テイ; ただ.す,増訂版 (ぞうていばん) = enlarged and revised edition; 誤り訂正 (あやまりていせい) = error correction,訂正しろ、今すぐ。,,訂正 為る(する) 今すぐ,一 言 亅,"詞,了,丁"
討,"attack, chastise, conquer, defeat, destroy",トウ; う.つ,討幕 (とうばく·0) = attacking the shogunate; 手討ち (てうち·3) = capital punishment given personally by a feudal lord after a disrespectful act; 勦討 (そうとう·0) = complete annihilation; 党首討論 (とうしゅとうろん) = debate between party leaders (in the Japanese Diet),よし！掃討完了！,,よし 掃討 完了,言 寸,"謝,詩,談"
託,"consign, entrusting with, hint, pretend, requesting","タク; かこ.つ, かこ.つける, かこつ.ける",供託法 (きょうたくほう) = Deposit Act,神託は実現した。,,神託 は 実現 為る(する),ノ 一 乙 言,"宅,諾,礼"
訟,"accuse, sue",ショウ,訴訟費用 (そしょうひよう·4) = (lawsuit) costs,訴訟は未決である。,,訴訟 は 未決 である,言 ハ 厶,"公,八,誤"
訳,"case, circumstance, reason, translate",ヤク; わけ,通訳士 (つうやくし) = (professional) interpreter,その内訳は？,,其の 内訳 は,言 尸 丶,"尽,尺,詠"
訴,"accusation, appeal to, complain of pain, sue",ソ; うった.える,"民訴法 (みんそほう) = (Japanese) Civil Proceedings Act (1890, revised in 1926); 訴訟費用 (そしょうひよう·4) = (lawsuit) costs; 訴追側 (そついがわ) = (the) prosecution; 起訴状 (きそじょう·2,0) = (written) indictment",お前を告訴するぞ。,,お前 を 告訴 為る(する) ぞ,斤 言 丶,"斥,誓,詠"
診,"checkup, diagnose, examine, seeing",シン; み.る,予診票 (よしんひょう) = (prevaccination) screening questionnaire,初診ですか。,,初診 ですか,言 个 彡,"珍,諭,論"
証,"certificate, evidence, proof",ショウ; あかし,"証紙 (しょうし·1,0) = (inspection or certification) stamp; 挙証 (きょしょう·0) = (presentation of) proof; 確認証 (かくにんしょう) = (proof of) confirmation; 型式証明 (かたしきしょうめい·5) = (vehicle's) type certification;  one of Zeno's paradoxes)",論より証拠。,,論 より 証拠,一 言 止,"訂,症,柾"
詐,"deceive, falsehood, lie, pretend",サ; いつわ.る,信用詐欺 (しんようさぎ) = confidence game; 学歴詐称 (がくれきさしょう) = false statement (misrepresentation) of one's academic career; 詐病 (さびょう) = feigned illness,詐欺師が捕まった。,,詐欺師 が 捕まる,｜ ノ 言,"酢,誠,昨"
詔,imperial edict,ショウ; みことのり,戊申詔書 (ぼしんしょうしょ) = Imperial Rescript of 1908; 詔命 (しょうめい·0) = imperial command; 詔令 (しょうれい·0) = imperial edict; 大詔 (たいしょう·0) = imperial rescript; 大詔渙発 (たいしょうかんぱつ) = promulgation of an Imperial rescript,,,,言 口 刀,"召,舌,石"
評,"comment, criticism, evaluate",ヒョウ,"評価 (ひょうか·1) = evaluation, assessment; 批評 (ひひょう·0) = criticism; 評判 (ひょうばん·0) = reputation; 好評 (こうひょう·0) = favorable reception",彼は評判がよい。,,彼(かれ) は 評判 が 良い,｜ 一 言 二 并,"譜,並,普"
詠,"composing, poem, recitation, song","エイ; うた.う, よ.む","詠叙唱 (えいじょしょう) = arioso; 詠草 (えいそう·0) = draft poem; 詠史 (えいし·1,0) = historical poem or epic; 偶詠 (ぐうえい·0) = impromptu poem; 芳詠 (ほうえい·0) = poem",その詩は無名の著者が詠んだ。,,其の 詩(し) は 無名 著者 が 詠む,言 水 丶,"永,氷,訴"
詢,consult with,"シュン, ジュン; はか.る, まこと",交詢 (こうじゅん·0) = promotion of social intercourse; 諮詢機関 (しじゅんきかん) = consultative body; 咨詢 (しじゅん) = question,,,,言 日 勹,"謁,旬,晶"
詩,"poem, poetry",シ; うた,"詩賦 (しふ·1) = (Chinese) poetry and rhymed prose; 狂詩 (きょうし·0,1) = (Edo-period) type of humorous poem; 悪魔の詩 (あくまのうた) = The Satanic Verses (novel by Salman Rushdie)",彼は詩人だ。,,彼(かれ) は 詩人 だ,言 寸 土,"討,封,寺"
該,"above-stated, that specific, the said",ガイ,該案 (がいあん) = the said proposal; 該当なし (がいとうなし) = not applicable; 該博 (がいはく·0) = profundity; 当該官庁 (とうがいかんちょう) = proper authorities,この条件に該当する人は誰もいない。,,此の 条件 に 該当 為る(する) 人(ひと) は 誰も 居る(いる),言 人 亠 ノ 丶,"亥,核,劾"
詳,"accurate, detailed, full, minute, well-informed","ショウ; くわ.しい, つまび.らか",詳伝社 (しょうでんしゃ) = Shoudensha (publisher); 詳細設定 (しょうさいせってい) = advanced settings; 詳察 (しょうさつ·0) = careful observation,君は相撲に詳しいね。,,君(きみ) は 相撲 に 詳しい ね(#2029080),王 言 并 羊,"議,羊,養"
誇,"be proud, boast, pride, triumphantly",コ; ほこ.る,求愛誇示 (きゅうあいこじ) = courtship display; 誇張 (こちょう·0) = exaggeration; 誇張法 (こちょうほう·0) = hyperbole,私は兄を誇りに思う。,,私(わたし) は 兄(あに) を 誇り に 思う,言 大 二 勹,"謄,詢,天"
誉,"glory, honor, praise, reputation","ヨ; ほ.める, ほま.れ",名誉心 (めいよしん·3) = desire for fame; 名誉賞 (めいよしょう) = honorary award; 名誉市民 (めいよしみん·4) = honorary citizen; 名誉学位 (めいよがくい) = honorary degree,彼は家の誉れだ。,,彼(かれ) は 家(いえ) の 誉れ だ,一 言 尚 并,"評,譜,議"
誓,"pledge, swear, vow",セイ; ちか.う,"宣誓書 (せんせいしょ·0) = (written) oath; 弘誓 (ぐぜい·0,1) = Buddha's great vows; 宣誓式 (せんせいしき) = administration of an oath",彼は禁煙を心に誓った。,,彼(かれ) は 禁煙 を 心(こころ) に 誓う,斤 言 扎,"折,逝,訴"
誕,"be arbitrary, be born, declension, lie, nativity",タン,生誕百年 (せいたんひゃくねん) = 100th birthday anniversary;  February 23),明日は私の誕生日だ。,,明日(あした) は 私(わたし) 誕生日 だ,ノ 言 止 廴,"誠,詐,証"
誘,"allure, ask, call for, entice, invite, lead, seduce, tempt","ユウ; いざな.う, さそ.う",誘電子 (ゆうでんし) = (electrical) inductor; 誘拐罪 (ゆうかいざい·3) = (the crime of) kidnapping (kidnaping); 誘拐者 (ゆうかいしゃ) = abductor,今度また誘ってよ。,,今度 又 誘う よ,乃 禾 言 ノ,"秀,透,誠"
誠,"admonish, fidelity, prohibit, sincerity, truth, warn",セイ; まこと,誠照寺派 (じょうしょうじは·0) = Jōshōji sect (of Shin Buddhism); 熱誠 (ねっせい·0) = earnestness; 誠忠 (せいちゅう·0) = loyalty,嘘から出た誠。,,嘘 から 出る 誠,ノ 言 戈,"成,詐,茂"
誼,"friendship, intimacy","ギ; よい, よしみ","友誼国家 (ゆうぎこっか) = friendly nation; 旧誼 (きゅうぎ·1) = old friendship; 厚誼 (こうぎ·1) = kindnesses; 誼 (ぎ·1,3) = friendship",,,,一 言 目 宀,"宜,且,貯"
諄,tedious,"シュン; くど.い, くどくど, ねんご.ろ, ひちくど.い","諄々 (じゅんじゅん) = earnestly; 諄々しい (くどくどしい·5) = wordy; 諄い (クドい·2) = gaudy (colour, design, etc.)",,,,言 子 亠 口,"享,諒,淳"
請,"ask, invite, solicit","ショウ, シン, セイ; う.ける, こ.う",請願書 (せいがんしょ) = (written) petition; 請求額 (せいきゅうがく·3) = amount billed or claimed; 申請者 (しんせいしゃ·3) = applicant; 申請人 (しんせいじん) = applicant,ビザを申請したんだ。,,ビザ を 申請 為る(する) のだ,月 言 青 土 二 亠,"靖,精,清"
諒,"appreciate, fact, reality, understand","リョウ; あきら.か, まことに",愍諒 (びんりょう·0) = pity; 諒する (りょうする·3) = to acknowledge; 諒とする (りょうとする) = to acknowledge; 諒恕 (りょうじょ) = consideration (for someone's circumstances),,,,言 口 小 亠,"諄,涼,椋"
諭,"admonish, charge, persuade, rebuke, warn",ユ; さと.す,"諭吉 (ゆきち) = 10,000 yen note; 軍人勅諭 (ぐんじんちょくゆ) = Imperial Rescript to Soldiers and Sailors (1882); 助教諭 (じょきょうゆ·2) = assistant or associate professor; 上諭 (じょうゆ·1) = imperial edict; 勅諭 (ちょくゆ·0) = imperial instructions",先生は生徒たちに不注意を諭した。,,先生(せんせい) は 生徒 達 に 不注意 を 諭す,刈 月 言 个 一,"輸,愉,今"
諮,consult with,シ; はか.る,諮問事項 (しもんじこう) = terms of reference,顧問は学長を推戴し、本会の重要事項に関し諮問に応じる。,,顧問 は 学長 を 推戴 為る(する) 本会 の 重要事項 に関して 諮問 に 応じる,欠 言 口 冫,"次,吹,舌"
諾,"agreement, assent, consent",ダク,伊弉諾 (いざなき) = Izanagi (deity); 日諾 (にちだく) = Japan and Norway; 諾威 (ノルウェー) = Norway; 受諾 (じゅだく·0) = acceptance,無言は承諾。,,無言 は 承諾,ノ 一 言 口 艾,"若,右,蒼"
謀,"cheat, conspire, deceive, devise, have in mind, impose on, plan, scheme","ボウ, ム; たばか.る, はか.る, はかりごと",参謀本部 (さんぼうほんぶ·5) = General Staff Headquarters,何物も無謀ではない。,,何物 も 無謀 では無い,甘 言 木,"某,課,棋"
謁,"audience, audience (with king)",エツ,"謁見 (えっけん·0) = audience (with a superior, e.g. nobility); 面謁 (めんえつ) = audience with a person of high rank; 拝謁 (はいえつ·0) = having an audience with someone of very high social standing (e.g. the emperor); 内謁 (ないえつ·0) = private audience",そのニュースキャスターは国王に拝謁した。,,其の ニュースキャスター は 国王 に 拝謁 為る(する),言 日 勹 匕,"詢,旬,旨"
謄,"copy, mimeograph",トウ,証明謄本 (しょうめいとうほん) = attested copy; 住民謄本 (じゅうみんとうほん) = certified copy of certificate of residence; 謄写版 (とうしゃばん·0) = mimeograph; 戸籍謄本 (こせきとうほん·4) = official copy of the family register; 謄写器 (とうしゃき) = copier,,,,｜ 一 月 言 二 大,"天,藤,評"
謙,"be modest, condescend, humble oneself, self-effacing",ケン; へりくだ.る,"謙遜語 (けんそんご·0) = humble language; 謙譲語 (けんじょうご·0) = humble language (e.g. itadaku); 謙譲語１ (けんじょうごいち) = humble language in which the listener (or a third party) is the indirect object of an action (or the recipient of an object, etc.); 謙抑 (けんよく·0) = humbling oneself",謙虚さを身につけて。,,謙虚 を 身につける,｜ ヨ 言 ハ 并,"廉,嫌,兼"
謝,"apologize, refuse, thank",シャ; あやま.る,謝恩 (しゃおん·0) = (expression of) gratitude;  November 23) (Labor); 面会謝絶 (めんかいしゃぜつ) = No Visitors; 謝恩使 (しゃおんし) = Ryukyuan mission to Edo upon the change of the Ryukyuan King,謝るしかない。,,謝る しか無い,言 身 寸,"討,射,詩"
謡,"ballad, noh chanting, sing, song","ヨウ; うた.い, うた.う","神謡集 (しんようしゅう) = collection of mythology; 民謡音階 (みんようおんかい·5) = folk scale (anhemitonic pentatonic scale: mi, so, la, ti, re); 地謡 (じうたい·2) = noh chorus; 謡曲 (ようきょく·0) = noh song; 童謡殺人 (どうようさつじん) = nursery rhyme murder (e.g. in murder mystery fiction)",彼は、オペラはもちろんのこと、童謡すら歌えない。,,彼(かれ) は オペラ は 勿論 の 事(こと) 童謡 すら 歌う,干 言 爪 凵,"遥,揺,凹"
謹,"discreet, humbly, reverently",キン; つつし.む,謹賀新年 (きんがしんねん·4) = Happy New Year; 謹言 (きんげん·0) = Yours Sincerely ...; 謹選 (きんせん·0) = carefully selected; 重謹慎 (じゅうきんしん) = close confinement (in one's barracks),聴衆は謹聴の姿勢で立っていた。,,聴衆 は 謹聴 の 姿勢 で(#2028980) 立つ,言 土 艾 口 二,"吐,菫,勤"
譜,"genealogy, music, musical score, note, staff, table",フ,皇統譜 (こうとうふ·3) = Imperial family record; 印譜 (いんぷ·0) = book of seals; 譜本 (ふほん) = book of traditional Japanese music; 年譜 (ねんぷ·0) = chronological record; 算譜 (さんぷ) = computer program,彼はピアノを楽譜なしで弾いた。,,彼(かれ) は ピアノ を 楽譜 無しで 弾く(ひく),｜ 一 言 二 日 并,"評,普,昔"
譲,"convey, defer, transfer, turnover",ジョウ; ゆず.る,譲位 (じょうい·1) = abdication; 譲渡益 (じょうとえき) = capital gains; 譲渡所得 (じょうとしょとく·4) = capital gains; 割譲 (かつじょう·0) = cession (of territory),頑固なのは父譲りだ。,,頑固 の は 父 譲り だ,衣 言 ハ 亠,"六,醸,穣"
護,"protect, safeguard",ゴ; まも.る,看護婦 (かんごふ·3) = (female) nurse; 看護士 (かんごし·3) = (male) nurse,私は看護婦です。,,私(わたし) は 看護婦 です,言 又 艾 隹,"穫,獲,皮"
豆,"beans, midget, pea","ズ, トウ; まめ, まめ-",鹹豆漿 (シェントウジャン) = (Taiwanese) savory soy-milk soup; 豆炭 (まめたん·0) = (oval) charcoal briquette; 豆蔦蘭 (まめづたらん) = Bulbophyllum drymoglossum (species of orchid); 豆豉 (トウチ) = Chinese fermented black beans; 豆桜 (まめざくら·3) = Fuji cherry (Prunus incisa),妹は豆の皮をむいた。,,妹 は 豆 の 皮 を 剥く,口 并,"閲,鉛,舌"
豚,"pig, pork",トン; ぶた,黒豚 (くろぶた·0) = Berkshire pig; 小針海豚 (こはりいるか) = Burmeister's porpoise (Phocoena spinipinnis); 烏河豚 (からす) = Chinese puffer (Takifugu chinensis),豚に真珠を与えるな。,,豚に真珠 を 与える な,月 豕,"朋,逐,脹"
豪,"Australia, excelling, great, overpowering, powerful",ゴウ; えら.い,豪鬼 (ごうき) = Akuma (Street Fighter); 豪ドル (ごうドル) = Australian dollar; 豪雪地帯 (ごうせつちたい) = area of heavy snowfall; 豪放粗野 (ごうほうそや) = bold and boorish,彼は大富豪だ。,,彼(かれ) は 大(だい) 富豪 だ,口 亠 冖 豕,"啄,亮,亭"
貞,"chastity, constancy, righteousness, upright","ジョウ, テイ; さだ, ただし.い",安貞 (あんてい·0) = Antei era (1227.12.10-1229.3.5); 貞永 (じょうえい·0) = Jōei era (1232.4.2-1233.4.15); 貞観 (じょうがん) = Jōgan era (859.4.15-877.4.16); 貞観時代 (じょうがんじだい·5) = Jōgan period (of art history;  859-877 CE); 貞享 (じょうきょう) = Jōkyō era (1684.2.21-1688.9.30),どーお？童貞卒業した翌朝は気分爽快？,,如何(どう) 童貞 卒業 為る(する) 翌朝 は 気分爽快,貝 目 ハ 卜,"禎,偵,買"
貢,"finance, support, tribute","ク, コウ; みつ.ぐ",年貢米 (ねんぐまい·0) = annual rice tax; 朝貢 (ちょうこう·0) = bringing tribute; 来貢 (らいこう·0) = coming to pay tribute; 社会貢献 (しゃかいこうけん) = contribution to society; 貢納 (こうのう·0) = paying a tribute,その選手は勝利に貢献した。,,其の 選手 は 勝利 に 貢献 為る(する),貝 目 ハ 工,"項,買,貝"
貫,"8 1/3lbs, brace, penetrate, pierce","カン; つらぬ.く, ぬ.く, ぬき","一貫道 (いっかんどう) = Yiguandao; 改貫 (かいかん) = borrowing new scoring counters during an ongoing game; 初志貫徹 (しょしかんてつ) = carrying out one's original intention; 貫主 (かんしゅ·0,1) = chief abbot (of a Buddhist temple)",光は闇を貫く。,,光 は 闇 を 貫く,貝 目 ハ 母 毋,"慣,買,貝"
貴,"esteem, honor, precious, prize, value","キ; たっと.い, たっと.ぶ, とうと.い, とうと.ぶ","貴行 (きこう) = (your) bank; 貴校 (きこう·2,1) = (your) school; 大日孁貴 (おおひるめのむち) = Amaterasu Ōmikami (sun goddess); 貴陽 (きよう) = Guiyang (China); 貴州省 (きしゅうしょう) = Guizhou Province (China)",彼は純粋の貴族だ。,,彼(かれ) は 純粋 の 貴族 だ,｜ 一 貝 目 ハ 口,"遺,唄,買"
賀,"congratulations, joy",ガ,"賀正 (がせい·1,0) = A Happy New Year!; 恭賀新年 (きょうがしんねん·4) = Happy New Year; 謹賀新年 (きんがしんねん·4) = Happy New Year; 伊賀 (いが) = Iga (former province located in the west of present-day Mie Prefecture); 加賀 (かが) = Kaga (former province located in the south of present-day Ishikawa Prefecture)",戦勝を祝う祝賀会が開かれた。,,戦勝 を 祝う 祝賀会 が 開く(ひらく),貝 目 ハ 口 力,"唄,買,賠"
賃,"charge, fare, fee, hire, rent, wages",チン,最賃法 (さいちんほう) = Minimum Wages Act; 割増運賃 (わりましうんちん) = additional freight; 航空運賃 (こうくううんちん) = airfare,バス賃はいくらですか。,,バス賃 は 幾ら ですか,王 化 貝 目 ハ,"買,貨,偵"
賄,"board, bribe, finance, supply",ワイ; まかな.う,"収賄罪 (しゅうわいざい·3,0) = (the crime of) bribery; 贈賄罪 (ぞうわいざい·3) = crime of bribery; 賄い婦 (まかないふ) = female cook",収賄が明るみにでた。,,収賄 が 明るみに出る,ノ 一 貝 目 ハ 月,"財,買,具"
賊,"burglar, rebel, robber, traitor",ゾク,"賊名 (ぞくめい·0) = (the stigma of) the name of ""rebel""; 幽霊烏賊 (ゆうれいいか·3) = Chiroteuthis imperator (species of squid); 尻焼烏賊 (しりやけいか·4) = Japanese spineless cuttlefish (Sepiella japonica); 海賊党 (かいぞくとう) = Pirate Party (political); 蛸烏賊 (たこいか·2) = boreopacific armhook squid (Gonatopsis borealis)",ここでは盗賊にご用心。,,此処 で(#2028980) は 盗賊 に 御(ご) 用心,貝 目 ハ 十 戈,"買,貝,憤"
賓,"V.I.P., guest",ヒン,比律賓 (フィリッピン) = Philippines; 社賓 (しゃひん·0) = company guest; 外賓 (がいひん·0) = foreign guest,今夜の主賓に乾杯しよう。,,今夜 の 主賓 に 乾杯 為る(する),ノ 貝 目 ハ 小 宀 一,"賄,貯,財"
賜,"boon, gift, grant, results","シ; たま.う, たまわ.る, たも.う","恩賜 (おんし·1) = Imperial gift; 追賜 (ついし) = being granted a court rank after death; 叙賜 (じょし·1) = distributing ranks, rewards and pensions; 賜与 (しよ·1) = giving a gift (to a subordinate)",彼女の成功は努力の賜物だ。,,彼女 成功 は 努力 の 賜物 だ,勿 貝 目 ハ 日,"買,顕,貝"
賠,"compensation, indemnify",バイ,自賠法 (じばいほう·2) = Automobile Accident Compensation Act; 賠償命令 (ばいしょうめいれい) = court order for compensation,私は彼に損害賠償を要求した。,,私(わたし) は 彼(かれ) に 損害賠償 を 要求 為る(する),貝 目 ハ 口 立,"唄,韻,買"
賦,"installment, levy, ode, poem, prose, tribute","フ, ブ",詩賦 (しふ·1) = (Chinese) poetry and rhymed prose; 詞賦 (しふ·1) = Chinese poetry; 早春賦 (そうしゅんふ) = Ode to Early Spring; 天賦人権 (てんぷじんけん·1) = natural rights of man,彼には天賦の才がある。,,彼(かれ) には 天賦 の 才(さい) が 有る,貝 目 ハ 止 弋,"買,貝,武"
購,"buy, subscription",コウ,事前購入 (じぜんこうにゅう) = advance purchase (e.g. fare); 購買者 (こうばいしゃ) = buyer; 購買習慣 (こうばいしゅうかん) = buying habit; 購買組合 (こうばいくみあい·5) = cooperative society; 直接購入 (ちょくせつこうにゅう) = direct purchase,この新聞は購読者が多い。,,此の 新聞 は 購読者 が 多い,｜ 一 貝 目 ハ 冂 十,"直,貴,買"
赦,"forgiveness, pardon",シャ,天赦日 (てんしゃにち·3) = auspicious day for any activity (according to the traditional calendar); 赦書 (しゃしょ) = letter of pardon; 赦状 (しゃじょう) = letter of pardon; 情け容赦 (なさけようしゃ·4) = mercy; 大赦 (たいしゃ·1) = amnesty,大統領は大赦を行った。,,大統領 は 大赦 を 行う,赤 土 攵 乞,"致,竹,圭"
赳,strong and brave,キュウ,"赳赳 (きゅうきゅう) = strong and valiant, gallant and brave",,,,｜ 走 土,"圭,越,赴"
赴,"become, get, proceed, tend",フ; おもむ.く,"単身赴任 (たんしんふにん·5,0) = (intra-company) job transfer away from one's family; 赴援 (ふえん) = going to save; 赴任 (ふにん·0) = moving to a different location to start a new job; 海外赴任 (かいがいふにん) = overseas assignment",しばしば、彼女は自ら赴かねばならなかった。,,屡々 彼女 は 自ら(みずから) 赴く ねばならない,走 土 卜,"圭,越,赳"
趣,"become, elegance, gist, interest, proceed to, purport, tend","シュ; おもむ.く, おもむき",幽趣 (ゆうしゅ·1) = a quiet (natural) setting; 骨董趣味 (こっとうしゅみ) = antiquarianism; 別趣 (べっしゅ·0) = deep interest; 低回趣味 (ていかいしゅみ·5) = disposition toward rejecting mundane affairs and enjoying nature and art; 雅趣 (がしゅ·1) = elegance,彼は多趣味だ。,,彼(かれ) は 多趣味 だ,耳 走 土 又,"取,皮,圭"
距,"fetlock, long-distance, spur","キョ; けづめ, へだ.たる",停止距離 (ていしきょり) = (total) stopping distance; 角距離 (かくきょり·3) = angular distance; 角距 (かっきょ·1) = angular distance; 可聴距離 (かちょうきょり) = audible distance,鳥は長距離を飛ぶ。,,鳥 は 長距離 を 飛ぶ,口 足 匚 巨 止,"足,路,促"
跳,"buck, hop, jerk, leap up, prance, snap, splash, spring, sputter","チョウ; -と.び, と.ぶ, は.ねる",蛙跳 (かえるとび·0) = (game of) leapfrog; 反跳 (はんちょう·1) = (physical) recoil; 跳人 (はねと) = Nebuta festival dancer; 後転跳び (こうてんとび) = back handspring (gymnastics); 接点跳動 (せってんちょうどう) = contact bounce,犬が跳ねるのをごらん。,,犬 が 跳ねる の を ご覧,口 足 儿 冫 止,"足,兆,路"
践,"carry through, practice, step on, trample, tread",セン; ふ.む,践祚 (せんそ·1) = accession (to the throne),理論と実践が伴うとは限らない。,,理論 と 実践 が 伴う とは限らない,口 足 戈 二 止,"足,路,促"
踏,"appraise, carry through, evade payment, step, trample","トウ; ふ.まえる, ふ.む",踏み俵 (ふみだわら·3) = bales forming the steps to climb onto the ring,彼は床を踏みぬいた。,,彼(かれ) は 床(ゆか) を 踏み抜く,口 水 足 日 止,"足,唱,路"
躍,"dance, leap, skip",ヤク; おど.る,欣喜雀躍 (きんきじゃくやく·1) = jump up for joy; 跳躍競技 (ちょうやくきょうぎ) = jumping event (track and field); 跳躍力 (ちょうやくりょく·4) = jumping power; 跳躍振動 (ちょうやくしんどう) = relaxation oscillation; 跳躍距離 (ちょうやくきょり) = skip distance,仕事でご活躍ですね。,,仕事 で(#2028980) 御(ご) 活躍 です ね(#2029080),ヨ 口 足 隹 止,"足,唯,路"
軌,"model, rut, track, way of doing, wheel",キ,"軌間 (きかん·0,2) = (railroad) gauge; 広軌 (こうき·1) = broad gauge; 円軌道 (えんきどう) = circular orbit; 歯軌条 (しきじょう) = cog rail; 楕円軌道 (だえんきどう) = elliptical orbit",君は常軌を逸しているよ。,,君(きみ) は 常軌 を 逸する よ,車 九,"陣,連,輩"
軸,"axis, counter for book scrolls, pivot, stalk, stem",ジク,"巻軸 (かんじく·0) = (center portion of a) scroll (centre); 軸物 (じくもの·0) = (hanging) scroll; 羽軸 (うじく·0,1) = (ornithological) rachis; 悪の枢軸 (あくのすうじく) = Axis of Evil (Iran, Iraq and North Korea); 枢軸国 (すうじくこく·4) = Axis powers (World War II)",車輪は車軸で回転する。,,車輪 は 車軸 で(#2028980) 回転 為る(する),｜ 車 日 田,"申,甲,由"
較,"compare, contrast","カク, コウ; くら.べる",年較差 (ねんかくさ) = annual range (of temperature); 比較可能 (ひかくかのう) = comparable; 比較優位 (ひかくゆうい·4) = comparative advantage,彼女は比較的早口だ。,,彼女 は 比較的 早口 だ,車 父 亠,"交,衣,亡"
載,"10**44, board, get on, place, publish, record, ride, spread","サイ; の.せる, の.る","艦載 (かんさい·0) = carrying aboard a warship; 載炭 (さいたん) = coaling; 混載業者 (こんさいぎょうしゃ) = consolidator (shipping, freight, etc.)",彼は帽子を頭に載せた。,,彼(かれ) は 帽子 を 頭(あたま) に 乗せる,車 土 戈,"圭,越,栽"
輔,help,"フ, ホ; たす.ける","少輔 (しょう) = assistant vice-minister (ritsuryō system, early Meiji period); 唇歯輔車 (しんしほしゃ·1) = mutual dependence; 輔車唇歯 (ほしゃしんし) = mutual dependence; 輔星 (ほせい) = Alcor",大輔は頂上に登った。,,は 頂上 に 登る,車 十 用 丶,"甫,補,浦"
輝,"gleam, radiance, shine, sparkle, twinkle",キ; かがや.く,"六輝 (ろっき·1) = Japanese calendar's six labels, indicating how auspicious each day is; 普通輝石 (ふつうきせき) = augite; 輝蒼鉛鉱 (きそうえんこう) = bismuthinite; 輝線 (きせん·0,2) = bright line",月は夜に輝く。,,月(つき) は 夜 に 輝く,車 尚 儿 冖 一,"軍,晃,党"
輩,"companions, comrade, fellow, people","ハイ; -ばら, ともがら, やかい, やから",先輩ママ (せんぱいママ) = (more) experienced mother; 年輩者 (ねんぱいしゃ) = elderly person; 同年輩 (どうねんぱい·3) = persons of the same age,私は年輩の人を敬う。,,私(わたし) は 年配 人(ひと) を 敬う,車 非,"陣,連,軟"
轄,"control, wedge",カツ; くさび,管轄権 (かんかつけん·4) = (have) jurisdiction over; 直轄地 (ちょっかつち) = area under direct control (of the shogun); 総轄 (そうかつ·0) = being in general control of,この件は私の管轄外だ。,,此の 件(けん) は 私(わたし) 管轄 外(がい) だ,口 車 土 亠 宀 二,"害,割,吐"
辰,"7-9AM, fifth sign of Chinese zodiac, shin dragon radical (no. 161), sign of the dragon","シン, ジン; たつ","戊辰戦争 (ぼしんせんそう·4) = Boshin War (Japanese civil war between Imperial and shogunate forces;  1868-1869); 戊辰 (つちのえたつ·0) = Earth Dragon (5th term of the sexagenary cycle, e.g. 1928, 1988, 2048); 丙辰 (ひのえたつ) = Fire Dragon (53rd term of the sexagenary cycle, e.g. 1916, 1976, 2036); 庚辰 (かのえたつ) = Metal Dragon (17th term of the sexagenary cycle, e.g. 1940, 2000, 2060); 北辰 (ほくしん·0) = North-Star",辰雄は航空機の着陸装置を見るのが好きです。,,は 航空機 の 着陸装置 を 見る 之(の) が 好き(すき) です,衣 厂,"震,辱,振"
辱,"embarrass, humiliate, shame",ジョク; はずかし.める,"侮辱罪 (ぶじょくざい·3) = (crime of) defamation (i.e. slander, libel); 行者忍辱 (ぎょうじゃにんにく·4) = Alpine leek (Allium victorialis var. platyphyllum); 辱知 (じょくち·1,0) = acquaintance; 法廷侮辱 (ほうていぶじょく·0) = contempt of court",辱を知れ。,,辱(じょく) を 知る,衣 寸 辰 厂,"辰,震,振"
迅,"fast, swift",ジン,疾風迅雷 (しっぷうじんらい·0) = with lightning speed; 迅速果断 (じんそくかだん) = quick and decisive; 奮迅 (ふんじん·0) = rousing oneself fiercely; 迅雷 (じんらい·0) = sudden peal of thunder,彼はその事態に迅速に対応した。,,彼(かれ) は 其の 事態 に 迅速 対応 為る(する),込 十 乙,"礼,汁,述"
迪,"edify, path, way","テキ; いた.る, すす.む, みち, みちび.く",啓迪 (けいてき·0) = edification; 訓迪 (くんてき) = guide,,,,｜ 込 日 田,"申,甲,由"
迫,"force, imminent, spur on, urge",ハク; せま.る,迫り台 (せりだい) = abutment; 迫持 (せりもち·0) = arch; 迫撃 (はくげき·0) = close attack; 圧迫性 (あっぱくせい) = compression,壁が迫ってくる。,,壁 が 迫る 来る(くる),込 白,"連,逐,退"
迭,"alternation, transfer",テツ,迭立 (てつりつ) = alternate succession (e.g. to throne); 迷迭香 (まんねんろう·3) = rosemary; 更迭 (こうてつ·0) = change (of personnel),田中前外相の更迭に続く政治混乱がその象徴である。,,前(ぜん) 外相 の 更迭 に 続く 政治 混乱 が 其の 象徴 である,｜ ノ 一 牛 込 矢 大 二 乞,"矢,井,鉄"
透,"filter, penetrate, permeate, transparent","トウ; す.かす, す.く, す.ける, とう.す, とう.る","人工透析 (じんこうとうせき·5) = (artificial) dialysis; 透かし絵 (すかしえ·3,0) = (artistic) transparency; 透視画法 (とうしがほう·4) = (the artistic technique of) perspective",透明度はどれくらいですか。,,透明度 は 何れくらい ですか,ノ 禾 込 乃,"秀,誘,秒"
逐,"accomplish, attain, chase, commit, drive away, pursue",チク,逐条審議 (ちくじょうしんぎ·5) = article-by-article discussion; 駆逐艦 (くちくかん·0) = destroyer (ship); 逐語 (ちくご·0) = following a text word by word (e.g. when translating),悪貨は良貨を駆逐する。,,悪貨 は 良貨 を 駆逐 為る(する),込 豕,"遂,連,退"
逓,"in turn, relay, sending","テイ; かわ.る, たがいに","逓信大臣 (ていしんだいじん) = Minister of Communications and Transportation (1885-1949); 逓信省 (ていしんしょう·3) = Ministry of Communications and Transportation (dissolved in 1949); 逓信 (ていしん·0) = communications (e.g. post, telegraph); 収穫逓減 (しゅうかくていげん) = diminishing returns; 逓送 (ていそう·0) = forwarding",,,,巾 込 厂 二 ｜,"選,追,返"
逝,"departed, die","セイ; い.く, ゆ.く",善逝 (ぜんぜい·0) = Sugata (the well-gone;  epithet of Buddha); 薨逝 (こうせい) = death (of a nobleman); 逝け面 (いけめん) = exceptionally ugly man; 夭逝 (ようせい·0) = premature death; 急逝 (きゅうせい·0) = sudden death,ああ、彼女は若くして逝ってしまった。,,嗚呼 彼女 は 若い 為る(する) 逝く 仕舞う,斤 込 扎,"折,誓,哲"
逮,"apprehend, chase",タイ,"別件逮捕 (べっけんたいほ) = arrest on a separate charge; 逮捕記録 (たいほきろく) = arrest record; 逮捕状 (たいほじょう·3,0) = arrest warrant; 逮捕令状 (たいほれいじょう) = arrest warrant; 緊急逮捕 (きんきゅうたいほ·5) = arrest without warrant",あなたを逮捕します。,,貴方(あなた) を 逮捕 為る(する),ヨ 込 水 隶,"録,禄,康"
逸,"deviate, diverge, elude, evade, idleness, leisure, miss the mark, parry","イツ; そ.らす, そ.れる, はぐ.れる","逸史 (いっし·0) = anecdotal history; 逸話 (いつわ·0) = anecdote; 逸失利益 (いっしつりえき·5) = lost profit; 逸機 (いっき·0,1) = missing a chance",好機を逸するな。,,好機 を 逸する な,ノ 込 免 儿 勹,"晩,逃,匁"
遂,"accomplish, attain, commit (suicide), consummate","スイ; つい.に, と.げる","暗殺未遂 (あんさつみすい) = attempted assassination; 未遂罪 (みすいざい·2) = attempted crime; 殺人未遂 (さつじんみすい) = attempted murder; 自殺未遂 (じさつみすい) = attempted suicide; 未遂 (みすい·0) = failed attempt (at a crime, suicide, etc.)",浪士は本懐を遂げた。,,浪士 は 本懐 を 遂げる,込 并 豕,"逐,隊,逆"
遇,"deal with, encounter, entertain, interview, meet, receive, treat",グウ; あ.う,"前官礼遇 (ぜんかんれいぐう·5,0) = (being granted) the privileges of one's former (official) post; 待遇表現 (たいぐうひょうげん·5) = attitudinal expression (indicating the speaker's respect, contempt, etc. for the listener or the person being discussed); 差別待遇 (さべつたいぐう·4) = discriminatory treatment; 遇不遇 (ぐうふぐう) = happiness and sorrows; 待遇改善 (たいぐうかいぜん) = improvement of labor conditions (labour)",彼は境遇に満足している。,,彼(かれ) は 境遇 に 満足 為る(する),込 田 冂 厶 禹,"愚,偶,隅"
遍,"everywhere, generally, times, widely",ヘン; あまね.く,普遍論争 (ふへんろんそう·4) = (debate over) the problem of universals; 遍照金剛 (へんじょうこんごう) = Mahavairocana (esp. in esoteric Buddhism); 恋愛遍歴 (れんあいへんれき) = history of one's love affairs; 女性遍歴 (じょせいへんれき) = one's history of love affairs with women,お遍路さんの一行は四国に向かった。,,御(お) 遍路 さん の 一行(いっこう) は 四国 に 向かう,｜ 一 戸 込 冂 冊 尸 廾,"偏,編,戸"
遣,"despatch, dispatch, do, donate, give, send, undertake","ケン; -つか.い, -づか.い, つか.う, つか.わす, や.る",銭遣い (ぜにづかい·3) = (way of) spending money; 遣隋使 (けんずいし·3) = Japan's envoy to Sui dynasty China; 遣明使 (けんみんし) = Japanese mission to Ming dynasty China; 遣り手婆 (やりてばば·4) = brothel madam,無駄遣いをするな。,,無駄遣い を 為る(する) な,｜ 一 口 込,"追,亜,速"
遥,"distant, far off, long ago",ヨウ; はる.か,逍遥学派 (しょうようがくは·5) = Peripatetic school; 遥任 (ようにん) = absentee appointment to a distant administrative post (Nara and Heian periods); 遥か昔 (はるかむかし) = long ago; 遥拝 (ようはい·0) = worshipping from afar; 遥遠 (ようえん·0) = far away,鉄は金より遥かに役に立つ。,,鉄(てつ) は 金(きん) より 遥かに 役に立つ,干 込 爪 凵,"謡,揺,凹"
遭,"association, encounter, interview, join, meet, party","ソウ; あ.う, あ.わせる",遭難死 (そうなんし) = accidental death (esp. while climbing mountains or being shipwrecked); 難に遭う (なんにあう) = to meet with disaster,夕立に遭いました。,,夕立,｜ 一 込 日,"曹,曲,晋"
遮,"intercept, interrupt, obstruct",シャ; さえぎ.る,"毘盧遮那 (びるしゃな·0,3) = Vairocana (Buddha who symbolizes the entirety of the phenomenological world); 遮断器 (しゃだんき·2) = circuit breaker; 無遮大会 (むしゃだいえ) = great equal assembly (quinquennial service of indiscriminatory almsgiving and preaching)",彼は私の行く手を遮った。,,彼(かれ) は 私(わたし) 行く手 を 遮る,一 込 广 杰,"庶,馬,薦"
遵,"abide by, follow, learn, obey",ジュン,遵奉者 (じゅんぽうしゃ) = conformist; 法令遵守 (ほうれいじゅんしゅ) = compliance (with laws and regulations); 遵法 (じゅんぽう·0) = law observance; 遵法精神 (じゅんぽうせいしん) = law-abiding spirit; 遵行 (じゅんこう·0) = obedience,生徒たちは厳しい規則を遵守することになっている。,,生徒 達 は 厳しい 規則 を 順守 為る(する) ことになっている,込 寸 酉 并,"尊,導,遂"
遷,"change, move, transition","セン; うつ.す, うつ.る, みやこがえ","遷座祭 (せんざさい·3) = ceremony for moving a deity to a new site; 式年遷宮 (しきねんせんぐう·0,7) = construction of a new shrine and transfer of the enshrined object from the old to the new, occurring at a regular, preordained time; 遷化 (せんげ·1) = death (of a high priest); 遷客 (せんかく·0) = exiled person",表面上、本書の大部分は一連の事例の変遷を記録したものである。,,表面上 本書 の 大部分 は 一連 の 事例 の 変遷 を 記録 為る(する) ものである,込 西 大 已,"巳,己,巻"
遺,"bequeath, leave behind, reserve","イ, ユイ; のこ.す",遺址 (いし·1) = (historic) ruins,彼は昨年遺書を書いた。,,彼(かれ) は 昨年 遺書 を 書く(かく),一 貝 目 ハ 込 口 ｜,"貴,遣,唄"
遼,distant,リョウ,遼寧省 (りょうねいしょう) = Liaoning Province (China); 遼寧大学 (りょうねいだいがく) = Liaoning University; 西遼 (せいりょう) = Western Liao (Central Asian Khitan empire;  1132-1211); 遼 (りょう) = Liao (Manchurian dynasty;  916-1125 CE); 遼遠 (りょうえん·0) = remote,,,,込 小 日 并 大,"瞭,療,寮"
避,"avert, avoid, evade, shirk, shun, ward off","ヒ; さ.ける, よ.ける",犯人隠避 (はんにんいんぴ) = (crime of) aiding a criminal to avoid capture; 避止 (ひし) = abstention,避妊をしています。,,避妊 を 為る(する),口 込 十 辛 立 尸,"癖,壁,居"
還,"return, send back",カン; かえ.る,"濃縮還元 (のうしゅくかんげん) = (of juice, etc.) ""from concentrate""; 大還暦 (だいかんれき) = 120th birthday; 還暦祝い (かんれきいわい) = 60th birthday celebration (usu. celebrated with a banquet-style meal while dressed in a red hat and vest symbolizing one's return to infancy); 白紙還元 (はくしかんげん) = being returned (sent back) to the drawing board; 還水槽 (かんすいそう) = condensate receiver tank",彼女は息子の帰還を祈った。,,彼女 は 息子 の 帰還 を 祈る,衣 口 込 買 一,"環,遣,舌"
邑,"right village radical (no. 163), rural community, village",ユウ; むら,"林邑楽 (りんゆうがく·3) = Indian song and dance (introduced to Japan by the Chams in approx. 736 CE); 邑落 (ゆうらく·0) = hamlet; 幟邑 (のぼりざと·3) = kanji ""large village"" radical; 邑 (おおざと·0,1) = kanji ""large village"" radical at right (radical 163); 僻邑 (へきゆう·0) = remote village",,,,口 巴,"舌,石,足"
那,what?,"ダ, ナ; いかん, なに, なんぞ",中支那 (なかしな) = Central China; 支那 (シナ·1) = China; 支那語 (しなご) = Chinese (language); 支那栗 (しなぐり) = Chinese chestnut (Castanea mollissima),旦那様をしっかり捕まえていなさい。,,旦那 様(さま) を 確り 捕まえる 為さい,刀 邦 二,"初,契,喫"
邦,"Japan, country, home country",ホウ; くに,筑邦銀行 (ちくほうぎんこう) = Chikuho Bank,どこで邦貨をドルに変えられるか。,,何処 で(#2028980) 邦貨 を 弗 に 変える か,ノ 二,"承,失,井"
邪,"injustice, wicked, wrong",ジャ; よこし.ま,"破邪 (はじゃ·1) = (sense of) crushing evil; 破邪顕正 (はじゃけんしょう·1) = (sense of) crushing evil and spreading the truth; 摧邪輪 (ざいじゃりん) = Tract for Destroying Heretical Views (Buddhist treatise by Myoe, ca. 1212 CE); 邪正一如 (じゃしょういちにょ) = Wrong and right are but two faces of the same coin",風邪ですね。,,風邪 です ね(#2029080),牙 邦,"雅,郎,邸"
邸,"mansion, residence",テイ; やしき,総理官邸 (そうりかんてい) = Prime Minister's official residence; 大使公邸 (たいしこうてい) = ambassador's residence; 御用邸 (ごようてい·0) = imperial villa; 大邸宅 (だいていたく) = mansion; 公邸 (こうてい·0) = official residence,彼らは大邸宅に住んでいる。,,彼ら(かれら) は 大邸宅 に 住む,氏 邦,"郎,邪,耶"
郁,"cultural progress, perfume",イク,郁子 (うべ·1) = Japanese staunton-vine (Stauntonia hexaphylla); 馥郁 (ふくいく·0) = fragrant; 郁々 (いくいく·0) = flourishing,,,,ノ 一 月 邦,"郵,宥,侑"
郎,"counter for sons, son","リョウ, ロウ; おとこ",似五郎鮒 (にごろぶな·4) = Carassius auratus grandoculis (subspecies of goldfish); 英辞郎 (えいじろう) = Eijiro (digital English-Japanese dictionary);  media franchise); 又四郎尺 (またしろうじゃく·4) = Matashirō shaku (approx. 30.26 cm),この野郎！,,此の 野郎,艮 邦,"郷,廊,良"
郡,"county, district",グン; こおり,郡内織 (ぐんないおり) = Gunnai silk weaving; 郡県 (ぐんけん·0) = counties and prefectures,これは豊能郡の地図です。,,此れ は 郡 の 地図 です,一 口 邦 ノ ヨ,"君,右,呂"
郭,"enclosure, fortification, quarters, red-light district",カク; くるわ,鬼郭公 (おにかっこう) = Asian koel (Eudynamys scolopacea); 郭公 (かっこう·1) = common cuckoo (Cuculus canorus); 五稜郭 (ごりょうかく) = five-sided fortification; 斑冠郭公 (まだらかんむりかっこう) = great spotted cuckoo (Clamator glandarius); 負郭 (ふかく·0) = land near a castle,彼はその機械の輪郭をスケッチします。,,彼(かれ) は 其の 機械 の 輪郭 を スケッチ 為る(する),口 邦 亅 亠 子,"享,諄,淳"
郷,"district, home town, native place, village","キョウ, ゴウ; さと",郷士 (ごうし·1) = country samurai; 離郷 (りきょう·0) = departure from one's home town,あの故郷へ帰るんだ。,,彼の(あの) 故郷(ふるさと) へ 帰る のだ,艮 邦 幺,"郎,響,良"
酉,"5-7PM, bird, sake radical (no. 164), sign of the bird, tenth sign of Chinese zodiac, west",ユウ; とり,"己酉 (きゆう) = Earth Rooster (46th term of the sexagenary cycle, e.g. 1909, 1969, 2029); 丁酉 (ていゆう·0) = Fire Rooster (34th term of the sexagenary cycle, e.g. 1957, 2017, 2077); 辛酉 (かのととり·0) = Metal Rooster (58th term of the sexagenary cycle, e.g. 1921, 1981, 2041); 癸酉 (きゆう) = Water Rooster (10th term of the sexagenary cycle, e.g. 1933, 1993, 2053); 乙酉 (いつゆう·0) = Wood Rooster (22nd term of the sexagenary cycle, e.g. 1945, 2005, 2065)",,,,,
酌,"bar-tending, draw (water), ladle, pump, scoop, serving sake, the host",シャク; く.む,相酌 (あいじゃく·0) = drinking alcohol while pouring it for each other; 浅酌低唱 (せんしゃくていしょう·0) = getting slightly intoxicated and humming a tune; 献酌 (けんしゃく·0) = offering a drink; 酌量減軽 (しゃくりょうげんけい) = reduction of punishment in the light of extenuating circumstances; 対酌 (たいしゃく) = sitting across from each other and drinking together,夜どおしシャンペンが酌み交わされた。,,夜通し 三鞭酒 が 酌み交わす,酉 丶 勹,"勺,釣,的"
酔,"drunk, elated, feel sick, poisoned, spellbound","スイ; よ, よ.い, よ.う","酔い心地 (よいごこち·0,3) = (pleasantly) intoxicated; 酔鯨 (すいげい) = Suigei",二日酔いだ。,,二日酔い だ,九 十 酉,"汁,粋,枠"
酢,"acid, sour, tart, vinegar",サク; す,"酢蛸 (すだこ·2,0) = (sliced and) pickled octopus; 酢貝 (すがい·1) = Lunella coreensis (species of turban shell); 酢酸塩 (さくさんえん) = acetate; 酢酸 (さくさん·0,3) = acetic acid; 無水酢酸 (むすいさくさん·4) = acetic anhydride",酢はすっぱい味がする。,,酢 は 酸っぱい 味がする,｜ ノ 酉,"詐,昨,垂"
酪,"broth, dairy products, fruit juice, whey",ラク,"酪 (らく) = acidic drink made from fermented milk (cow, sheep, mare;  one of the five flavors in Buddhism); 牛酪 (ぎゅうらく·0) = butter; 酪酸 (らくさん·0) = butyric acid",,,,口 酉 夂,"舌,石,閣"
酬,"repay, retribution, reward","シュ, シュウ, トウ; むく.いる",献酬 (けんしゅう·0) = exchange of sake cups; 総報酬 (そうほうしゅう) = gross salary; 医療報酬 (いりょうほうしゅう) = medical fee,これは過分の報酬だ。,,此れ は 過分 の 報酬 だ,｜ 川 酉 丶,"州,洲,酢"
酵,fermentation,コウ,ＤＮＡ修復酵素 (ディーエヌエーしゅうふくこうそ) = DNA repair enzyme; 発酵素 (はっこうそ·3) = a ferment; 活性酵素 (かっせいこうそ) = active enzyme,イーストはビールを発酵させる。,,イースト(#2861181) は ビール(#2796520) を 発酵 為せる,子 酉 老,"酒,配,李"
酷,"atrocious, cruel, severe, unjust",コク; ひど.い,酷道 (こくどう·0) = (national) road in poor condition; 酷寒猛暑 (こっかんもうしょ) = bitter cold and fierce heat; 酷税 (こくぜい·0) = heavy taxation; 酷熱 (こくねつ·0) = intense heat; 残酷焼 (ざんこくやき) = live broiling of shellfish,彼は子供に残酷だ。,,彼(かれ) は 子供 に 残酷 だ,ノ 口 土 酉,"告,呂,吐"
酸,"acid, bitterness, sour, tart",サン; す.い,酸性白土 (さんせいはくど·5) = (Japanese) acid clay; 酸性度 (さんせいど) = (degree of) acidity,酸は金属を侵す。,,酸(さん) は 金属 を 侵す,酉 儿 厶 夂,"允,竣,峻"
醜,"bad looking, shame, ugly, unclean","シュウ; しこ, みにく.い",妍醜 (けんしゅう·0) = beauty and ugliness; 醜状 (しゅうじょう·0) = disgraceful state of affairs; 醜類 (しゅうるい·1) = evil-doers; 醜貌 (しゅうぼう·0) = hideous face; 醜業婦 (しゅうぎょうふ·3) = prostitute,市のこの地区の建物は皆醜悪だ。,,市(し) の 此の 地区 の 建物 は 皆 醜悪 だ,鬼 田 酉 儿 匕 厶,"鬼,魂,魁"
醸,"brew, cause",ジョウ; かも.す,"醸造酢 (じょうぞうす) = brewed vinegar; 醸造家 (じょうぞうか) = brewer; 醸造 (じょうぞう·0) = brewing; 醸造業 (じょうぞうぎょう) = brewing industry; 速醸 (そくじょう) = fast brewing (of sake, miso, etc.)",ビールは麦芽から醸造される。,,ビール(#2796520) は 麦芽 から 醸造 為れる,衣 酉 ハ 亠,"六,譲,穣"
采,"appearance, coloring, dice, form, gather, take","サイ; いろどり, と.る",采配蘭 (さいはいらん) = Cremastra appendiculata (species of orchid); 采女司 (うねめし) = Office of Court Ladies (ritsuryō system); 采 (さい·1) = baton (of command); 納采 (のうさい·0) = betrothal gift; 采女正 (うねめのかみ) = director of the Office of Court Ladies (ritsuryō system),群集は勝者に拍手喝采を送った。,,群集 は 勝者 に 拍手喝采 を 送る,爪 木,"採,彩,麻"
釈,explanation,"シャク, セキ; す.てる, とく, ゆる.す","釈迦十 (しゃかじゅう) = 10 of batons (in mekuri karuta); 釈空海 (しゃくくうかい) = Kukai (name of a Buddhist priest); 釈迦占地 (しゃかしめじ) = Lyophyllum fumosum (species of mushroom); 釈尊 (しゃくそん·3,1) = Sakyamuni (sage of the Sakyas); 釈日本紀 (しゃくにほんぎ) = Shaku Nihongi (commentary on the Nihon Shoki compiled in the late 13th century)",釈迦に経。,,釈迦 に 経(きょう),釆 米 尸 丶,"尽,尺,訳"
釣,"allure, angling, catch, ensnare, fish","チョウ; つ.り, つ.り-, つ.る","耳釣り (みみつり) = ""ear-hanging"" scallop spat, i.e. piercing the resilium to string them; 釣り人 (つりびと·0) = angler; 鮎釣り (あゆつり·2) = ayu fishing; 釣り餌 (つりえ·0) = bait (for fishing); 釣り鐘虫 (つりがねむし·4) = bell animalcule (insect)",釣りに行った。,,釣りに行く,金 丶 勹,"勺,酌,的"
鈴,"buzzer, small bell","リン, レイ; すず",風鈴草 (ふうりんそう·0) = Canterbury bell; 青鈴蘭 (あおすずらん) = Epipactis papillosa (species of orchid); 蝦夷鈴蘭 (えぞすずらん) = Epipactis papillosa (species of orchid); 鈴虫草 (すずむしそう) = Liparis makinoana (species of miniature orchid),鈴木と申します。,,と 申す,金 个 卩 一,"令,今,零"
鉛,lead,エン; なまり,"硫酸鉛鉱 (りゅうさんえんこう) = anglesite; 蒼鉛 (そうえん·0,1) = bismuth; 輝蒼鉛鉱 (きそうえんこう) = bismuthinite; 黄鉛 (おうえん·0,1) = chrome yellow",あれは鉛筆です。,,彼(あれ) は 鉛筆 です,金 口 并 ハ,"豆,呉,只"
鉢,"bowl, crown, pot, rice tub","ハチ, ハツ","当たり鉢 (あたりばち·3,0) = (earthenware) mortar (for grinding); すり鉢 (すりばち·2,0) = (earthenware) mortar (for grinding); 菓子鉢 (かしばち·2) = bowl for confectioneries",彼は粘土で鉢をつくった。,,彼(かれ) は 粘土 で(#2028980) 鉢 を 作る,一 金 木,"本,錬,柾"
銃,"arms, gun",ジュウ; つつ,銃刀法 (じゅうとうほう·3) = Act for Controlling the Possession of Firearms or Swords and Other Such Weapons; 銃夢 (がんむ) = Battle Angel Alita (manga and anime),その銃は暴発した。,,其の 銃 は 暴発 為る(する),金 亠 儿 厶,"充,允,衣"
銑,pig iron,セン,溶銑 (ようせん·0) = molten iron; 銑 (ずく·1) = pig iron; 銑鉄 (ずくてつ·0) = pig iron; 白銑 (はくせん·0) = white pig iron; 溶銑炉 (ようせんろ) = cupola furnace,,,,ノ 金 土 儿,"先,鋳,圭"
銘,"inscription, signature (of artisan)",メイ,銘柄米 (めいがらまい·0) = brand-name rice; 銘柄牛肉 (めいがらぎゅうにく) = branded beef; 銘入 (めいいり) = engraved with the name of the maker (e.g. on a sword); 銘旗 (めいき·1) = flag used at funerals showing the name and rank of the deceased; 銘々膳 (めいめいぜん) = individual dining table,その事実を心の銘記せよ。,,其の 事実 を 心(こころ) の 銘記 為る(する),金 口 夕,"名,舌,石"
銭,".01 yen, coin, money","セン, ゼン; すき, ぜに",銭遣い (ぜにづかい·3) = (way of) spending money; 銭鱮 (ぜにたなご) = Acheilognathus typus (species of bitterling-like cyprinid); 永楽銭 (えいらくせん·0) = Chinese coinage produced during the reign of the Yongle Emperor (used in Japan from the Muromachi period to the early Edo period); 宋銭 (そうせん) = Song dynasty copper coin; 湯銭 (ゆせん·1) = bathhouse charge,悪銭身に付かず。,,悪銭 身に付く,金 戈 二,"浅,残,桟"
鋳,"casting, mint","イ, シュ, シュウ, チュウ; い.る","鋳鍛鋼 (ちゅうたんこう) = cast and forged steel; 鋳鉄 (ちゅうてつ·1,0) = cast iron; 鋳鋼 (ちゅうこう·0) = cast steel; 鋳鉄管 (ちゅうてつかん) = cast-iron pipe; 鋳金 (ちゅうきん·0) = casting",彼らは青銅で像を鋳造した。,,彼ら(かれら) は 青銅 で(#2028980) 像 を 鋳造 為る(する),ノ 亠 土 金 寸,"封,寺,銑"
鋼,steel,コウ; はがね,鋼鉄製 (こうてつせい·0) = (made of) steel; 鉄鋼連盟 (てっこうれんめい) = British Iron and Steel Federation; 大同鋼板 (だいどうこうはん) = Daido Steel Sheet Corporation,この鋼は錆びない。,,此の 鋼 は 錆びる,金 并 冂 山 岡,"剛,綱,銅"
錘,"plumb bob, sinker, spindle, weight","スイ; おもり, つむ",休錘 (きゅうすい·0) = idle spindles; 鉛錘 (えんすい·0) = plumb bob; 紡錘体 (ぼうすいたい·0) = spindle; 錘 (つみ·2) = spindle; 紡錘車 (ぼうすいしゃ·3) = spindle base,,,,｜ ノ 一 金,"垂,乃,丑"
錠,"fetters, lock, shackles",ジョウ,さし錠 (さしじょう) = bolt; 尾錠 (びじょう·0) = buckle,錠が壊れている。,,錠 が 壊れる,金 疋 宀,"定,鈍,針"
錦,"brocade, fine dress, honors",キン; にしき,つづれ錦 (つづれにしき·4) = (hand-woven) brocade; 唐錦 (からにしき·3) = Chinese brocade; 錦おり (にしきおり) = brocade; 錦上 (きんじょう·0) = crowning beauty with even greater glory,彼は故郷に錦を飾って帰ってくる。,,彼(かれ) は 故郷に錦を飾る 帰って来る,巾 金 白,"綿,鈍,針"
錬,"drill, polish, refine, tempering, train",レン; ね.る,media franchise); 錬金術師 (れんきんじゅつし) = alchemist; 乾式製錬 (かんしきせいれん·5) = fire refining; 錬る (ねる) = to temper (steel); 錬鋼 (れんこう·0) = wrought steel,ファウスト博士は、錬金術に精通していた。,,博士 は 錬金術 に 精通 為る(する),｜ 一 金 日 木 田 并 ハ,"棟,東,槽"
錯,"be in disorder, confused, mix","サク, シャク",錯角 (さっかく·0) = alternate interior angles; 時代錯誤 (じだいさくご·4) = anachronism; 錯体 (さくたい·0) = complex; 錯イオン (さくイオン·3) = complex ion,目の錯覚かと思った。,,目(め) の 錯覚 か と 思う,金 日 廾 二,"晶,昌,横"
鍛,"discipline, forge, train",タン; きた.える,鋳鍛鋼 (ちゅうたんこう) = cast and forged steel; 鍛接 (たんせつ·0) = forge welding; 鍛鋼 (たんこう·0) = forged steel; 鍛造 (たんぞう·0) = forging; 鍛金 (たんきん·0) = hammering,成功は鍛練にある。,,成功 は 鍛練 に 有る,金 殳 几 又,"設,般,疫"
鎌,"scythe, sickle, trick","ケン, レン; かま",鎌倉 (かまくら) = Kamakura (city),使っている鎌は光る。,,使う 鎌 は 光る,金 王 丶 ノ ヨ 并 ハ,"羊,玉,八"
鎖,"chain, connection, irons","サ; くさり, とざ.す",都市封鎖 (としふうさ) = (city-wide) lockdown; 基地閉鎖 (きちへいさ) = (military) base closing,今我が鎖を解き。,,今(いま) 我が 鎖(くさり) を 解く(ほどく),貝 目 ハ 金 尚,"買,貝,賞"
鎮,"ancient peace-preservation centers, tranquilize","チン; おさえ, しず.まる, しず.める",鎮魂曲歌 (ちんこんきょくか) = (sung) requiem; 天名地鎮 (あないち) = Ana'ichi (script); 鎮西派 (ちんぜいは) = Chinzei sect (of Pure Land Buddhism); 鎮星 (ちんせい·0) = Saturn (planet),反乱は鎮圧された。,,反乱 は 鎮圧 為れる,金 十 并 目 一 ハ,"具,慎,針"
鏡,"barrel-head, mirror, round rice-cake offering, speculum","キョウ, ケイ; かがみ",３Ｄ眼鏡 (スリーディーめがね) = 3D glasses; 鏡貝 (かがみがい·3) = Dosinia japonica (species of Venus clam),目は心の鏡。,,目(め) は 心(こころ) の 鏡,音 金 日 立 儿,"境,章,晶"
鐘,"bell, chimes, gong",ショウ; かね,黄鐘 (おうしき·0) = (in Japan) 8th note of the ancient chromatic scale (approx. A); 朝鮮鐘 (ちょうせんがね·3) = Korean bell; 早鐘 (はやがね·0) = alarm bell; 釣り鐘虫 (つりがねむし·4) = bell animalcule (insect); 鳴鐘 (めいしょう) = bell-ringing (at a temple),鐘が鳴っている。,,鐘 が 鳴る,金 里 立,"童,瞳,憧"
鑑,"learn from, specimen, take warning from","カン; かがみ, かんが.みる",ＤＮＡ鑑定 (ディーエヌエーかんてい) = DNA test; ＤＮＡ型鑑定 (ディーエヌエーがたかんてい) = DNA test; 門鑑 (もんかん·0) = a pass allowing one through a gate; 鑑賞券 (かんしょうけん) = admission ticket (e.g. for a movie),音楽鑑賞が趣味だ。,,音楽 鑑賞 が 趣味 だ,金 皿 臣 二 乞,"監,艦,藍"
閑,leisure,カン,小人閑居 (しょうじんかんきょ) = a small-minded person being idle (tends to do evil); 閑寂枯淡 (かんじゃくこたん) = aesthetic sense in Japanese art emphasising quiet simplicity and subdued refinement; 休閑地 (きゅうかんち·3) = fallow land,市場は今日は閑散としていた。,,市場(しじょう) は 今日 は 閑散 とする,木 門,"蘭,欄,麻"
閣,"palace, tall building, tower",カク,超然内閣 (ちょうぜんないかく·5) = (Meiji or Taisho era) non-partisan cabinet; 寺社仏閣 (じしゃぶっかく) = (Shinto) shrines and (Buddhist) temples; 神社仏閣 (じんじゃぶっかく·1) = (Shinto) shrines and (Buddhist) temples; 閣閣 (かくかく) = (frogs) croaking; 閣内 (かくない·2) = (inside the) Cabinet,内閣を倒せ。,,内閣 を 倒す(たおす),口 門 夂,"舌,石,酪"
閥,"clan, clique, faction, lineage, pedigree",バツ,北洋軍閥 (ほくようぐんばつ) = Beiyang Army; 三菱財閥 (みつびしざいばつ) = Mitsubishi Zaibatsu; 三井財閥 (みついざいばつ) = Mitsui Zaibatsu; 薩摩閥 (さつまばつ) = Satsuma clan; 住友財閥 (すみともざいばつ) = Sumitomo Zaibatsu,２つの派閥が手をむすんだ。,,二つ の 派閥 が 手を結ぶ,化 門 戈,"伐,儀,間"
閲,"inspection, review, revision",エツ; けみ.する,閲歴 (えつれき·0) = career; 観閲 (かんえつ·0) = inspection (of troops); 視閲 (しえつ) = inspection of police (by the prefectural chief of police); 親閲 (しんえつ·0) = personal inspection; 事前検閲 (じぜんけんえつ) = prepublication censorship,定期雑誌類は閲覧室より帯出禁止。,,定期 雑誌 類(るい) は 閲覧室 より 帯出 禁止,口 并 門 儿,"豆,脱,税"
闘,"fight, war","トウ; あらそ.う, たたか.う","拳闘術 (けんとうじゅつ) = (art of) boxing; 戦闘服 (せんとうふく) = (combat) uniform; 敢闘賞 (かんとうしょう·3) = Fighting Spirit Prize (sumo, martial arts, etc.); 文化闘争 (ぶんかとうそう·4) = Kulturkampf (church-state conflict in Prussia;  1872-1887)",戦闘で負傷した。,,戦闘 で(#2028980) 負傷 為る(する),口 寸 豆 并 門,"豆,樹,閲"
阻,"deter, impede, obstruct, prevent, separate from, thwart",ソ; はば.む,阻塞気球 (そさいききゅう) = barrage balloon; 阻害剤 (そがいざい) = inhibitor,我々の前進は阻まれた。,,我々 の 前進 は 阻む,一 目 阡,"且,粗,租"
阿,"Africa, corner, fawn upon, flatter, nook, recess","ア, オ; おもね.る, くま",南阿戦争 (なんあせんそう) = (second) Boer War (1899-1902); 阿耆尼 (あぎに) = Agni (Vedic god of fire),阿蘇山は活火山だ。,,NI は 活火山 だ,一 口 亅 阡,"司,可,了"
附,"affixed, append, attach, refer to","フ; つ.く, つ.ける","筑附 (つくふ) = Junior and Senior High School at Otsuka, University of Tsukuba (abbr)",ささやかながら持ち合わせのお金を全部寄附させてください。,,細やか(ささやか) 乍ら 持ち合わせ の お金 を 全部 寄付 為せる 下さい,化 寸 阡,"付,府,侍"
陛,"highness, steps (of throne)",ヘイ,皇后陛下 (こうごうへいか) = Her Majesty the Empress (of Japan); 王后陛下 (おうこうへいか) = Her Majesty the Queen; 女王陛下 (じょおうへいか) = Her Majesty the Queen; 天皇陛下 (てんのうへいか·5) = His Majesty the Emperor; 国王陛下 (こくおうへいか) = His Majesty the King,女王陛下万歳！,,女王陛下 万歳(ばんざい),土 比 阡,"圭,階,陸"
陣,"battle array, brief time, camp, position, ranks, sudden",ジン,"論陣 (ろんじん·0) = (construction of an) argument; 筆陣 (ひつじん·0) = (lineup of authors engaged in a) war of words; ＡＢＣＤ包囲陣 (エービーシーディーほういじん) = ABCD encirclement (embargoes against Japan by America, Britain, China, and the Dutch starting in 1940); 陣列 (じんれつ·0) = battle formation",彼らは円陣を作った。,,彼ら(かれら) は 円陣 を 作る,車 阡,"限,防,連"
陥,"cave in, collapse, fall (castle), fall into, slide into","カン; おちい.る, おとしい.れる",注意欠陥 (ちゅういけっかん) = attention deficit; 欠陥住宅 (けっかんじゅうたく) = defective housing; 欠陥商品 (けっかんしょうひん) = defective merchandise; 大関陥落 (おおぜきかんらく) = demotion from ōzeki ranking,彼らは困難に陥った。,,彼ら(かれら) は 困難 に 陥る,｜ 日 勹 阡,"曲,旬,旧"
陪,"accompany, attend on, follow, obeisance",バイ,陪餐 (ばいさん·0) = Lord's Supper (in Protestantism); 大陪審 (だいばいしん·3) = grand jury; 陪審 (ばいしん·0) = jury; 陪審制 (ばいしんせい) = jury system; 陪審制度 (ばいしんせいど) = jury system,陪審員は未決のままだ。,,陪審員 は 未決 の 儘 だ,口 立 阡,"舌,石,部"
陰,"negative, secret, sex organs, shade, shadow, yin","イン; かげ, かげ.る",陰生代 (いんせいだい) = Cryptozoic (period); 日陰痺茸 (ひかげしびれたけ) = Psilocybe argentipes (species of psychoactive mushroom),陰険な奴。,,陰険 奴(やつ),二 个 厶 阡 一,"会,今,三"
陳,"exhibit, explain, relate, state",チン; ひ.ねる,"陳朝 (ちんちょう) = Tran dynasty (of Vietnam;  1225-1400); 陳謝 (ちんしゃ·1) = apology; 陳述副詞 (ちんじゅつふくし·5,6) = declarative adverb; 縷陳 (るちん) = detailed explanation; 陳列箱 (ちんれつばこ) = display box (for products)",陳列品に手を出すな。,,陳列品 に 手を出す な,｜ 一 田 日 木 阡,"棟,東,槽"
陵,"hill, imperial tomb, mausoleum, mound",リョウ; みささぎ,岡陵 (こうりょう) = hill; 陵丘 (りょうきゅう·0) = hill; 丘陵 (きゅうりょう·0) = hill,飛行機から見ると、小さな丘陵は平地のように見える。,,飛行機 から 見る と 小さな 丘陵 は 平地 の様に 見える(みえる),土 儿 夂 阡,"陸,稜,崚"
陶,"porcelain, pottery",トウ; すえ,奥陶紀 (おうとうき·3) = Ordovician period; 陶器 (すえき·2) = Sue ware (type of unglazed pottery made from the middle of the Kofun era through the Heian era); 陶の人形 (とうのにんぎょう) = ceramic figurine,陶器は火で焼かれた。,,陶器(とうき) は 火(ひ) で(#2028980) 焼く,缶 勹 阡,"陥,陣,限"
隆,"high, hump, noble, prosperity",リュウ,筋肉隆々 (きんにくりゅうりゅう) = muscular; 隆昌 (りゅうしょう·0) = prosperity; 隆替 (りゅうたい·0) = rise and decline; 膨隆 (ぼうりゅう·0) = swelling up,隆、もうお風呂に入った？,,もう お風呂に入る,生 夂 阡,"降,陵,陣"
隊,"company, party, regiment, squad",タイ,"部隊 (ぶたい·1) = unit, corps; 軍隊 (ぐんたい·1) = army, military; 隊長 (たいちょう·0) = squad leader, captain; 消防隊 (しょうぼうたい·0) = fire brigade",彼は軍隊にいる。,,彼(かれ) は 軍隊 に 居る(いる),并 豕 阡,"墜,遂,陣"
随,"all, at the mercy of (the waves), both, comply, during, follow, notwithstanding, obey, submit to, though, while","ズイ; したが.う, まにま.に","夫唱婦随 (ふしょうふずい·0,2) = a wife should do her husband's bidding; 随伴関手 (ずいはんかんしゅ) = adjoint functors; 気随気儘 (きずいきまま·0) = as one pleases; 随行員 (ずいこういん·3) = attendant; 随筆集 (ずいひつしゅう) = collection of essays (miscellaneous writings, literary jottings, etc.)",彼は半身不随です。,,彼(かれ) は 半身不随 です,ノ 一 月 込 阡,"堕,髄,郁"
隔,"alternate, distance, gulf, isolate, separate","カク; へだ.たる, へだ.てる",疎隔 (そかく·0) = alienation; 房室中隔 (ぼうしつちゅうかく) = atrioventricular septum; 文字間隔 (もじかんかく) = character spacing; 隔膜法 (かくまくほう) = diaphragm process,私は人種隔離に反対だ。,,私(わたし) は 人種 隔離 に 反対 だ,一 口 儿 冂 阡 鬲,"融,尚,向"
障,"harm, hinder, hurt",ショウ; さわ.る,身障児 (しんしょうじ·3) = (physically) disabled child; 情緒障害 (じょうしょしょうがい·4) = (suffering) an emotional disturbance,実に目障りだな。,,実に(じつに) 目障り だ な,音 十 日 立 阡,"章,彰,辛"
隠,"conceal, cover, hide","イン, オン; かく.し, かく.す, かく.れる, よ.る",隠蔽工作 (いんぺいこうさく) = (creating) a cover-up; 犯人隠避 (はんにんいんぴ) = (crime of) aiding a criminal to avoid capture; 隠し包丁 (かくしぼうちょう·4) = (light) scoring (in cooking); 雉隠 (きじかくし·3) = Asparagus schoberioides; 溝隠 (みぞかくし) = Chinese lobelia (Lobelia chinensis),彼は廃屋に隠れた。,,彼(かれ) は 廃屋 に 隠れる,ノ ヨ 尚 心 阡,"必,当,耀"
隣,neighboring,"リン; とな.る, となり","近隣公害 (きんりんこうがい) = (noise, smell, air, water) pollution in the neighborhood; 善隣政策 (ぜんりんせいさく) = Good Neighbor Policy",寺の隣に鬼が住む。,,寺(てら) 之(の) 隣 に 鬼 が 住む,舛 米 夕 阡,"多,麟,燦"
隷,"criminal, follower, prisoner, servant, slave","レイ; したが.う, しもべ","奴隷制 (どれいせい) = (system of) slavery; 奴隷制度 (どれいせいど·4) = (system of) slavery; 奴隷道徳 (どれいどうとく·4) = Sklavenmoral (slave morality, as a philosophical concept of Nietzsche)",奴隷たち自身の生活。,,奴隷 達 自身 の 生活,ヨ 士 小 水 二 隶 示,"款,示,録"
隼,falcon,"シュン, ジュン; はやぶさ","隼科 (はやぶさか) = Falconidae (family of birds of prey); 隼 (ハヤブサ·0) = falcon (esp. the peregrine falcon, Falco peregrinus); 白隼 (しろはやぶさ·3) = gyrfalcon (Falco rusticolus); 鷹隼 (ようしゅん·0) = hawk and falcon; 稚児隼 (ちごはやぶさ) = northern hobby (Falco subbuteo)",,,,十 隹,"準,汁,雅"
雄,"excellence, hero, leader, male, masculine, superiority","ユウ; お-, おす, おん",雄刈萱 (おがるかや) = Cymbopogon tortilis var. goeringii (variety of grass closely related to lemongrass); 雄日芝 (おひしば·2) = Indian goosegrass (Eleusine indica); 英雄伝説 (えいゆうでんせつ) = Legend of Heroes (video game series); 老雄 (ろうゆう·0) = aged hero,俺は英雄。,,俺(おれ) は 英雄,ノ 一 厶 隹,"宏,紘,至"
雅,"elegant, graceful, gracious, refined",ガ; みや.び,"撒奇莱雅 (サキザヤ) = Sakizaya (people); 東雅 (とうが) = Toga (Japanese etymological text by Arai Hakuseki, 1719); 雅懐 (がかい·0) = aesthetic sentiment; 雅楽属 (うたのさかん) = alternate assistant court musician (ritsuryō system); 雅俗折衷 (がぞくせっちゅう) = blending of the classical and colloquial styles",彼女は優雅だ。,,彼女 は 優雅 だ,牙 隹,"隼,邪,芽"
雌,"female, feminine","シ; め-, めす, めん",雌蛭木 (めひるぎ·2) = Kandelia obovata (species of mangrove); 雌刈萱 (めがるかや·2) = Themeda triandra var. japonica (variety of kangaroo grass); 雌伏雄飛 (しふくゆうひ) = biding one's time building up strength till finally grasping an opportunity to launch out and flourish; 雌性 (しせい·0) = female,雌牛は牛乳を供給する。,,雌牛 は 牛乳 を 供給 為る(する),止 匕 隹,"老,化,躍"
雛,"chick, doll, duckling, squab","ジュ, ス, スウ; ひな, ひよこ","雛の錫杖 (ひなのしゃくじょう·1,0,2) = Burmannia championii (species of flowering plant); 雛諸子 (ひなもろこ·3) = Chinese bleak (Aphyocypris chinensis); 女雛 (めびな·1) = Empress doll (in display with Emperor doll); 育雛器 (いくすうき) = breeder",母鳥が雛に虫を持ってきた。,,母鳥 が 雛(ひよこ) に 虫 を 持ってくる,勹 屮 隹,"雅,隼,稚"
離,"detach, digress, disjoin, separation","リ; はな.す, はな.れる","停止距離 (ていしきょり) = (total) stopping distance; 捨離 (しゃり·1,0) = abandoning all worldly desires",手を離せ！,,手 を 離す,亠 凵 禹 隹,"璃,衣,凹"
雰,"atmosphere, fog",フン,"雰囲気 (ふんいき·3) = atmosphere, mood, ambiance",雰囲気がいやだった。,,雰囲気 が 嫌 だ,雨 刀 ハ,"分,初,八"
雷,"lightning bolt, thunder","ライ; いかずち, いかづち, かみなり",地雷火 (じらいか·2) = (land) mine; 機雷 (きらい·0) = (sea) mine; 空中魚雷 (くうちゅうぎょらい) = aerial torpedo; 対人地雷 (たいじんじらい) = anti-personnel land mine,激しい雷鳴がした。,,激しい 雷鳴 が 為る(する),雨 田,"電,黄,魚"
需,"demand, need, request",ジュ,総需要 (そうじゅよう) = aggregate demand; 需用費 (じゅようひ) = consumables (when calculating expenses); 需要者 (じゅようしゃ·2) = consumer; 民需品 (みんじゅひん) = consumer goods,輸入車の需要は強い。,,輸入 車(くるま) の 需要 は 強い(つよい),雨 而,"儒,霞,雷"
霊,"soul, spirits","リョウ, レイ; たま","万霊祭 (ばんれいさい) = All Souls' Day; 万霊節 (ばんれいせつ·3) = All Souls' Day; 幽霊烏賊 (ゆうれいいか·3) = Chiroteuthis imperator (species of squid); 三霊山 (さんれいざん) = Japan's Three Holy Mountains (Mt. Fuji, Mt. Tate and Mt. Haku)",聖霊が現れた。,,聖霊 が 現れる,｜ 一 雨 二,"三,雲,昔"
霜,frost,ソウ; しも,"霜降 (そうこう·0) = ""frost descent"" solar term (approx. October 23); 貴霜 (きそう) = Kushan (dynasty of India;  approx. 60-375 CE); 貴霜朝 (きそうちょう) = Kushan dynasty (of India;  approx. 60-375 CE); 霜囲い (しもがこい·3) = covering which protects against frost; 霜よけ (しもよけ·0,4) = covering which protects against frost",霜で花が傷んだ。,,霜 で(#2028980) 花 が 痛む,雨 木 目,"相,植,査"
霞,"be hazy, blurred, grow dim","カ, ゲ; かす.む, かすみ",霞桜 (かすみざくら·4) = Korean hill cherry (Prunus verecunda); 霞山椒魚 (かすみさんしょううお·6) = clouded salamander (Hynobius nebulosus); 霞石 (かすみいし·3) = nepheline; 春霞 (はるがすみ·3) = springtime haze,,,,雨 又,"皮,需,雷"
霧,"fog, mist","ブ, ボウ, ム; きり",煙霧質 (えんむしつ) = aerosol; 霧化 (むか) = atomization; 霧箱 (きりばこ·0) = cloud chamber; 雲霧林 (うんむりん) = cloud forest; 雲霧 (うんむ·1) = clouds and fog,霧がはれた。,,霧 が 晴れる,雨 矛 力 攵,"務,霞,需"
露,"Russia, dew, expose, tears","ロ, ロウ; つゆ","西洋松露 (せいようしょうろ·5) = (European) truffle; 東露 (とうろ) = Asian Russia; 露草 (つゆくさ·0,2) = Asiatic dayflower (Commelina communis); 露仏 (ろぶつ) = Buddhist image in the open; 欧露 (おうろ·1) = European Russia",今朝は露が降りた。,,今朝 は 露(つゆ) が 降りる,雨 口 足 夂 止,"路,蕗,足"
靖,peaceful,"ジョウ, セイ; やす.んじる",靖国 (やすくに·0) = Yasukuni (Shrine); 靖国神社 (やすくにじんじゃ) = Yasukuni Shrine; 靖国 (せいこく·0) = pacifying the nation; 閑靖 (かんせい) = tranquillity; 靖寧 (せいねい·0) = peace and quiet,昭和天皇が靖国神社で７５年までに戦後計８回参拝した。,,が 靖国神社 で(#2028980) 年(ねん) 迄に 戦後 計 回 参拝 為る(する),月 青 土 二 立 亠,"請,精,清"
鞠,ball,"キク, キュウ; まり","推鞠 (すいきく·0) = investigating (e.g. a criminal); 蹴鞠 (けまり·0,1) = kemari; 鞠問 (きくもん·0) = questioning (someone) about a crime; 鞠躬如 (きくきゅうじょ·3) = deferential",,,,革 米 勹,"菊,迷,粒"
韻,"elegance, rhyme, tone",イン,"松韻 (しょういん·0) = (music of) wind through pine trees; 広韻 (こういん) = Guangyun (Chinese rhyme dictionary compiled from 1007 to 1011 under Emperor Zhenzong of Song); 頭韻 (とういん·0) = alliteration; 韻事 (いんじ·1,0) = artistic pursuits; 類韻 (るいいん) = assonance",その詩は韻文に散文をまじえている。,,其の 詩(し) は 韻文 に 散文 を 交える,音 貝 目 ハ 口 日 立,"賠,唄,買"
響,"echo, resound, ring, sound, vibrate",キョウ; ひび.く,音響学 (おんきょうがく·3) = (study of) acoustics; 京響 (きょうきょう) = Kyoto Symphony Orchestra,喫煙は健康に影響する。,,喫煙 は 健康 影響 為る(する),音 艮 日 邦 立 幺,"郷,郎,章"
項,"clause, item, nape of neck, paragraph, term (expression)",コウ; うなじ,会議事項 (かいぎじこう) = agenda; 協議事項 (きょうぎじこう) = agenda; 交項級数 (こうこうきゅうすう) = alternating series,これは何の項目に入るか。,,此れ は 何の(なんの) 項目 に 入る(はいる) か,貝 目 ハ 工 頁,"貢,買,顕"
須,"by all means, necessarily, ought","シュ, ス; すべから.く, すべし, ひげ, まつ, もち.いる, もと.める","翁恵比須 (おきなえびす·4) = Beyrich's slit shell (species of sea snail, Pleurotomaria beyrichii); 大宇須 (ダイウス) = God; 須弥山 (しゅみせん·2) = Mount Sumeru (believed to be the centre of the Buddhist world); 横須賀線 (よこすかせん) = Yokosuka Line",堪能な英語力は必須です。,,堪能(たんのう) 英語 力(りょく) は 必須 です,貝 目 ハ 頁 彡,"買,顕,頒"
頌,eulogy,"ショウ, ジュ, ヨウ; かたち, たた.える, ほめ.る","頌春 (しょうしゅん·0) = Happy New Year; 頌詩 (しょうし·1,0) = admired poem; 頌壽 (しょうじゅ·1) = celebration of longevity; 頌栄 (しょうえい·0) = doxology; 頌徳 (しょうとく·0) = eulogy",,,,貝 目 ハ 頁 厶,"買,顕,頒"
頑,"firmly, foolish, stubborn",ガン; かたく.な,頑健無比 (がんけんむひ) = being of very robust health; 頑是 (がんぜ) = distinction between right and wrong; 頑火輝石 (がんかきせき·4) = enstatite; 頑愚 (がんぐ·1) = obstinate and foolish; 頑冥不霊 (がんめいふれい·0) = stubborn and ignorant,頑張れよ。,,頑張る よ,貝 目 ハ 頁 儿 二 元,"買,顕,頒"
頒,"disseminate, distribute, partition, understand","ハン; わ.かつ, わ.ける","頒布権 (はんぷけん) = (movie) distribution rights; 頒布会 (はんぷかい) = buying club (e.g. fruit-of-the-month); 頒価 (はんか·1) = distribution price; 頒布 (はんぷ·1,0) = distribution; 頒行 (はんこう·0) = circulation",ＧＰＬのルールに従い頒布可能です。,,の ルール に 従う 頒布 可能 です,貝 目 刀 ハ 頁,"貧,買,顕"
頻,"recur, repeatedly",ヒン; しき.りに,頻数 (ひんすう·3) = frequency; 頻度数 (ひんどすう·3) = frequency; 出現頻度 (しゅつげんひんど) = frequency (of appearance); 頻度 (ひんど·1) = frequency (of occurrence),昨年は災害が頻々とあった。,,昨年 は 災害 が 頻々(ひんぴん) 有る,ノ 貝 目 ハ 止 小 頁,"買,省,顕"
顕,"appear, existing","ケン; あきらか, あらわ.れる",破邪顕正 (はじゃけんしょう·1) = (sense of) crushing evil and spreading the truth; 顕正会 (けんしょうかい) = Kenshōkai (Buddhist lay group); 顕生代 (けんせいだい) = Phanerozoic; 顕性感染 (けんせいかんせん) = apparent infection,彼は顕微鏡をのぞいていた。,,彼(かれ) は 顕微鏡 を 覗く,貝 目 ハ 日 頁,"買,頒,頌"
顧,"examine oneself, look back, review, turn around",コ; かえり.みる,顧客満足 (こきゃくまんぞく) = customer satisfaction,顧客候補に渡します。,,顧客 候補 に 渡す,貝 目 ハ 戸 頁 隹 一 尸,"雇,頂,買"
颯,"quick, sound of the wind, sudden","サツ, ソウ; さっ.と","英姿颯爽 (えいしさっそう) = cutting a fine (dashing, gallant, noble) figure; 颯爽 (さっそう·0) = gallant; 颯々 (さっさつ·0) = rustling (of wind); 颯っと (さっと·1,3) = quickly (esp. actions)",,,,風 立 虫 几,"楓,毅,繭"
飢,"hungry, starve",キ; う.える,"飢餓感 (きがかん) = (feeling of) hunger; 飢寒 (きかん·0,2) = hunger and cold",我々に飢饉が迫った。,,我々 に 飢饉 が 迫る,食 几,"飲,肌,机"
飼,"domesticate, feed, keep, raise",シ; か.う,"飼育びん (しいくびん) = bottle for raising insects; 飼い鳩 (かいばと·0,1) = domestic pigeon; 飼兎 (かいうさぎ·3) = domestic rabbit (variety of European rabbit, Oryctolagus cuniculus)",牛を飼育する。,,牛 を 飼育 為る(する),口 艮 亅 个 食,"良,舌,石"
飽,"bored, sated, satiate, tired of","ホウ; あ.かす, あ.きる, あ.く",飽食暖衣 (ほうしょくだんい·5) = being well fed and warmly clothed,学食には飽きた。,,学食 には 飽きる,食 勹 已,"包,巳,己"
飾,"adorn, decorate, embellish, ornament","ショク; かざ.り, かざ.る","蓬莱飾 (ほうらいかざり·5) = Kansai New Year decoration (made from food); 玉飾り (たまかざり·3) = New Year ornament (usu. of straw, fern leaves, seaweed and bitter orange fruit, and hung at the entrance of a home); 正月飾り (しょうがつかざり) = New Year's decorations",部屋を花で飾った。,,部屋 を 花 で(#2028980) 飾る,ノ 巾 食 一 人 乞,"希,布,矢"
養,"bring up, develop, foster, nurture, rear","ヨウ, リョウ; やしな.う",混養 (こんよう) = (aquatic) polyculture; 静養 (せいよう·0) = (convalescent) rest; 培養基 (ばいようき·3) = (culture) medium,医者の不養生。,,医者 の 不養生,王 食 并 羊,"羊,詳,美"
餓,"hungry, starve, thirst",ガ; う.える,"飢餓感 (きがかん) = (feeling of) hunger; 餓鬼道 (がきどう·2) = hungry ghost (preta) realm; 餓狼 (がろう·0) = hungry wolf; 施餓鬼 (せがき·0,1) = service for the benefit of suffering spirits; 餓虎 (がこ) = starving tiger",家畜が餓死した。,,家畜 が 餓死 為る(する),食 亅 戈 手,"我,義,議"
馨,"balmy, favourable, fragrant","キョウ, ケイ; かお.る, かおり",素馨 (そけい·0) = Spanish jasmine (Jasminum grandiflorum); 黄素馨 (きそけい·2) = Jasminum umile var. revolutum; 馨香 (けいこう·0) = fragrance,,,,禾 香 士 日 又 几 殳 尸,"穀,香,暇"
駄,"burdensome, horse load, pack horse, send by horse, trivial, worthless","タ, ダ","駄津 (だつ·1) = Pacific needlefish (Strongylura anastomella); 無駄時間 (むだじかん) = dead time; 庭下駄 (にわげた·0) = garden clogs; 日和下駄 (ひよりげた·3,0) = geta for wear in dry weather; 駄目もと (だめもと) = giving something a try because it will not do any harm",いや駄目です。,,否(いや) 駄目 です,大 馬 丶 杰,"駐,駅,駆"
駆,"advance, drive, gallop, impel, inspire, run","ク; か.ける, か.る",前駆体 (ぜんくたい·0) = (biochemical) precursor,彼は衝動に駆られた。,,彼(かれ) は 衝動 に 駆る,馬 匚 丶 ノ 杰,"駐,駅,駄"
駒,"colt, horse, pony",ク; こま,"手駒 (てごま·0) = (game pieces, soldiers, etc.) under one's control; 駒鶇 (こまつぐみ) = American robin (Turdus migratorius); 駒繋 (こまつなぎ·3) = Indigofera pseudotinctoria (species of legume); 駒鳥 (こまどり·2) = Japanese robin (Larvivora akahige)",僕はボードの上の駒を一つ前に進めた。,,僕(ぼく) は ボード の 上(うえ) 駒 を 一つ 前(まえ) に 進める,口 馬 勹 杰,"驚,句,馬"
駿,"a fast person, a good horse, speed","シュン, スン; すぐ.れる",駿河 (するが) = Suruga (former province located in the central and northern parts of present-day Shizuoka Prefecture); 駿豆 (すんず) = Suruga and Izu (provinces),駿河湾から見た富士山は美しい。,,から 見る 富士山 は 美しい,馬 儿 厶 夂 杰,"允,酸,竣"
騎,"counter for equestrians, equestrian, riding on horses",キ,騎銃 (きじゅう·0) = carbine (short gun used by cavalry); 騎兵隊 (きへいたい·0) = cavalry; 騎士道 (きしどう·2) = chivalry; 騎 (き) = counter for horsemen; 竜騎兵 (りゅうきへい·3) = dragoon,彼は抜群の騎手だ。,,彼(かれ) は 抜群 の 騎手 だ,口 大 馬 亅 一 杰,"奇,司,可"
騒,"boisterous, clamor, disturb, excite, make noise","ソウ; うれい, さわ.がしい, さわ.ぐ",騒擾罪 (そうじょうざい·3) = (the crime of) rioting; から騒ぎ (からさわぎ·3) = Much Ado about Nothing (Shakespeare); 暗騒音 (あんそうおん) = background noise,そんなに騒ぐな。,,そんなに 騒ぐ な,虫 馬 又 杰,"馬,皮,駒"
騰,"advancing, going, jumping up, leaping up, rising","トウ; あが.る, のぼ.る",人気沸騰 (にんきふっとう) = (enjoying) tumultuous popularity; 騰訊 (テンセント) = Tencent (Chinese conglomerate); 沸騰点 (ふっとうてん·3) = boiling point; 物価騰貴 (ぶっかとうき·4) = price rise; 反騰 (はんとう·0) = reactionary price rise,物価が急騰した。,,物価 が 急騰 為る(する),月 馬 并 一 人 大 二 杰,"朕,咲,勝"
驚,"amazed, be surprised, frightened, wonder","キョウ; おどろ.かす, おどろ.く",驚懼 (きょうく) = being startled; 驚駭 (きょうがい·0) = being very surprised; 夜驚症 (やきょうしょう·0) = night terror; 驚喜 (きょうき·1) = pleasant surprise; 吃驚 (きっきょう·0) = surprise,これは驚いた。,,此れ は 驚く,口 馬 勹 夂 艾 攵 杰 乞,"敬,警,駒"
髄,"essence, marrow, pith",ズイ,歯髄 (しずい·1) = (tooth) pulp; 副腎髄質 (ふくじんずいしつ) = adrenal medulla,簡潔は機知の精髄。,,簡潔 は 機知 の 精髄,ノ 一 月 込 冖 骨,"随,郁,宥"
鬼,"devil, ghost","キ; おに, おに-","鬼宿日 (きしゅくにち·3) = ""day of the ghost"" (an extremely auspicious day on the lunar calendar for everything but weddings); かわり鬼 (かわりおに) = (game of) tag in which the tagged player becomes ""it""; 豪鬼 (ごうき) = Akuma (Street Fighter); 鬼蜘蛛 (おにぐも·0) = Araneus ventricosus (species of orb-weaving spider); 鬼郭公 (おにかっこう) = Asian koel (Eudynamys scolopacea)",鬼に金棒。,,鬼 に 金棒,田 儿 匕 厶,"魂,魁,醜"
魁,charging ahead of others,"カイ; かしら, さきがけ",容貌魁偉 (ようぼうかいい·5) = (a man) having a commanding face and a powerful physique; 花魁道中 (おいらんどうちゅう·5) = procession of courtesans; 首魁 (しゅかい·0) = forerunner; 魁偉 (かいい·1) = brawny; 魁星 (かいせい) = first star of the Big Dipper,,,,鬼 田 斗 儿 厶 匕,"鬼,魂,醜"
魂,"soul, spirit","コン; たま, たましい",鎮魂曲歌 (ちんこんきょくか) = (sung) requiem; 魂不死説 (たましいふしせつ) = (theory of) the immortality of the soul; 和魂洋才 (わこんようさい·1) = Japanese spirit with Western learning; 霊魂消滅 (れいこんしょうめつ) = annihilation,人の魂は不滅だ。,,人(ひと) の 魂(たましい) は 不滅 だ,鬼 田 二 儿 匕 厶,"鬼,魅,魁"
魅,"bewitch, charm, fascination",ミ,魔魅 (まみ·1) = deceiving spirit; 魑魅魍魎 (ちみもうりょう·1) = evil spirits of rivers and mountains; 厭魅 (えんみ·1) = killing someone with a magical curse; 性的魅力 (せいてきみりょく) = sex appeal,彼女は魅力的だ。,,彼女 は 魅力的 だ,｜ 鬼 田 二 ハ 木 亠 儿 匕 厶,"魂,未,鬼"
魔,"demon, evil spirit, witch",マ,破魔矢 (はまや·2) = (ceremonial) arrow used to drive off evil,好事魔多し。,,好事 魔 多い,鬼 田 木 儿 匕 广 麻 厶,"鬼,魂,魁"
鮎,"freshwater trout, smelt","デン, ネン; あゆ, なまず","瓢鮎図 (ひょうねんず) = Hyonenzu (painting by Josetsu, 1415); 琉球鮎 (りゅうきゅうあゆ·5) = Ryukyu sweetfish (Plecoglossus altivelis ryukyuensis); 鮎釣り (あゆつり·2) = ayu fishing; 鮎漁 (あゆりょう) = fishing for ayu; 鮎掛け (あゆかけ) = fourspine sculpin (Cottus kazika)",鮎漁が解禁になった。,,鮎漁 が 解禁 になる,魚 口 田 卜 杰,"点,魚,占"
鮮,"Korea, brilliant, clear, fresh, vivid",セン; あざ.やか,鮮度 (せんど·1) = (degree of) freshness; 朝鮮文字 (ちょうせんもじ·5) = Hangul (Korean script),血は鮮血でした。,,血 は 鮮血 です,王 魚 田 并 羊 杰,"魚,羊,鯉"
鯉,carp,リ; こい,"似鯉 (にごい·0) = Hemibarbus barbus (species of cyprinid); 養鯉 (ようり·1) = carp breeding; 寒鯉 (かんごい·0,3) = koi carp caught during the cold season; 鯉口 (こいぐち·0,2) = mouth of a (sword) sheath",私は網で鯉を捕った。,,私(わたし) は 網(あみ) で(#2028980) 鯉 を 捕る,魚 田 里 杰,"魚,漁,鮎"
鯛,"red snapper, sea bream",チョウ; たい,"瘤鯛 (こぶだい·2,0) = (adult male) Asian sheepshead wrasse (Semicossyphus reticulatus); 笛吹鯛 (ふえふきだい) = Chinese emperor (species of emperor bream, Lethrinus haematopterus); 不鯛 (ぶだい·0) = Japanese parrotfish (Calotomus japonicus); 的鯛 (まとうだい·0,2) = John Dory (Zeus faber); 一等鯛 (いっとうだい·3) = North Pacific squirrelfish (Sargocentron spinosissimum)",海老で鯛を釣る。,,海老 で(#2028980) 鯛 を 釣る,魚 口 田 土 冂 杰,"周,鮎,魚"
鯨,whale,ゲイ; くじら,鯨銛 (くじらもり) = (whaling) harpoon; 捕鯨砲 (ほげいほう·2) = (whaling) harpoon gun; 南槌鯨 (みなみつちくじら) = Arnoux's beaked whale (Berardius arnuxii); 槌鯨 (つちくじら·3) = Baird's beaked whale (Berardius bairdii),鯨は哺乳類である。,,鯨(くじら) は 哺乳類 である,魚 口 小 田 亠 杰,"鮎,魚,鯉"
鳩,"dove, pigeon","キュウ, ク; あつ.める, はと","斑鳩 (いかるが·0) = Japanese grosbeak (Eophona personata); 蓑鳩 (みのばと) = Nicobar pigeon (Caloenas nicobarica); 鳩羽色 (はとばいろ·0) = blue-black (color, colour); 軍用鳩 (ぐんようばと·5) = carrier pigeon; 鳩信 (きゅうしん) = communication by carrier pigeon",鳩は飛んでいった。,,鳩 は 飛ぶ 行く,九 鳥 杰,"馬,鵬,鳴"
鳳,male mythical bird,"フウ, ホウ","鳳凰竹 (ほうおうちく·3) = Bambusa multiplex var. elegans (variety of hedge bamboo); 鳳凰文 (ほうおうもん·3) = Chinese phoenix pattern; 白鳳時代 (はくほうじだい·5) = Hakuhō period (esp. used as a period of art history, approx. 645-710 CE); 鳳凰丸 (ほうおうまる·3) = Hōō Maru (Western-style Japanese frigate, launched in 1853); 鳳凰貝 (ほうおうがい) = Vulsella vulsella (species of clam)",,,,鳥 几 杰,"馬,鵬,鳴"
鴻,"great, large, large bird, powerful, prosperous, wild goose","コウ, ゴウ; おおがり, おおとり, ひしくい","鴻蒙 (ホンモン) = HarmonyOS (Huawei); 鴻臚館 (こうろかん) = mansion used by foreign visitors to Japan (Nara to Heian period); 燕雀鴻鵠 (えんじゃくこうこく) = how can a small bird (a sparrow, a petty person) understand the aspirations of a great bird (a phoenix); 鴻雁 (こうがん) = wild geese",,,,工 汁 鳥 杰,"江,馬,鵬"
鵬,phoenix,ホウ; おおとり,"育鵬社 (いくほうしゃ) = Ikuhosha Publishing; 大鵬 (たいほう·0) = dapeng (giant bird in Chinese mythology, similar to the roc or Garuda); 柏鵬 (はくほう) = era during 1960s dominated by grand champions Taiho and Kashiwado; 柏鵬時代 (はくほうじだい·5) = era during 1960s dominated by grand champions Taiho and Kashiwado; 鵬 (ほう·1) = peng (in Chinese mythology, giant bird said to transform from a fish)",,,,月 鳥 杰,"馬,朋,鳴"
鶏,chicken,"ケイ; とり, にわとり","炸子鶏 (ザーヅーチー) = (Chinese style) deep-fried chicken; 矮鶏 (チャボ·1) = (Japanese) bantam; 姫水鶏 (ひめくいな) = Baillon's crake (Porzana pusilla); 小綬鶏 (こじゅけい·2,0) = Chinese bamboo partridge (Bambusicola thoracicus); 油淋鶏 (ユーリンジー) = Chinese-style fried chicken topped with chopped scallions and sweet vinegar and soy sauce",彼女は鶏を買った。,,彼女 は 鶏 を 買う,人 爪 土 大 鳥 杰 二,"渓,規,奎"
鶴,"crane, stork",カク; つる,"千羽鶴 (せんばづる·4,3) = (string of) many (traditionally 1000) paper cranes; 鶴科 (つるか) = Gruidae (bird family comprising the cranes); 白鶴 (はくつる) = Hakutsuru (brand of sake); 鸛鶴 (こうづる·1) = Oriental stork (Ciconia boyciana); 鶴見大学 (つるみだいがく) = Tsurumi University",焼け野の雉子夜の鶴。,,焼け野 の 雉 夜 の 鶴,鳥 杰 隹 宀 冖,"焦,馬,鷹"
鷹,hawk,"オウ, ヨウ; たか",夜鷹蕎麦 (よたかそば·4) = ambulatory evening vendor of noodles (or the noodles themselves); 鷹野 (たかの) = falconry,鳶が鷹を生む。,,鳶 が 鷹 を 生む,化 鳥 广 杰 隹,"焦,庶,馬"
鹿,deer,"ロク; か, しか","四月馬鹿 (しがつばか·4) = April fool; 四つ目鹿 (よつめじか·3) = Chinese muntjac (species of barking deer, Muntiacus reevesi); 日本氈鹿 (にほんかもしか·4) = Japanese serow (Capricornis crispus); 鹿児島 (かごしま) = Kagoshima (city, prefecture)",馬鹿な！,,馬鹿,比 广,"麗,麟,麻"
麗,"beautiful, graceful, lovely, resplendent","レイ; うら.らか, うるわ.しい",高麗航空 (こうらいこうくう) = Air Koryo; 高麗人参 (こうらいにんじん·5) = Asian ginseng (Panax ginseng); 春麗 (チュン・リー) = Chun-Li (in the Street Fighter series); 高麗親睨 (こうらいおやにらみ) = Coreoperca herzi (species of temperate perch); 高麗芝 (こうらいしば·3) = Korean lawn grass,顔を奇麗にふきなさい。,,顔(かお) を 奇麗 拭く 為さい,一 鹿 比 冂 广,"鹿,庁,丙"
麟,"Chinese unicorn, bright, genius, giraffe, shining",リン,麒麟菜 (きりんさい·2) = Eucheuma muricatum (species of red algae); 麒麟草 (きりんそう·0) = Kamchatka stonecrop (Sedum kamtschaticum); 麒麟座 (きりんざ·0) = Camelopardalis (constellation); 麒麟児 (きりんじ·2) = child prodigy,王を得た麒麟もまた寿命を持たない生き物だが、この病ばかりは治癒の方法がない。,,王 を 得る(える) 麒麟 も 又 寿命 を 持つ 生き物 だ が 此の 病(やまい) 許り は 治癒 之(の) 方法 が 無い,鹿 舛 比 米 夕 广,"鹿,隣,多"
麻,"flax, hemp, numb","マ, マア; あさ",麻布大学 (あざぶだいがく) = Azabu University; ベル麻痺 (ベルまひ) = Bell's palsy; 芝麻醤 (ジーマージャン) = Chinese sesame paste,麻雀が大好きです。,,麻雀 が 大好き です,木 广,"床,摩,麿"
麿,"(kokuji), I, you",まろ,"麿 (まろ) = I, me (archaic first-person pronoun);  thin or shaved eyebrows;  affectionate suffix for young men's names",麿はプリンを食べないではおれぬ。,,麿 は プリン(#1116190) を 食べる は 居る(おる),口 木 广 麻 ノ,"磨,麻,杏"
黎,"black, dark, many","リ, レイ; くろ.い","黎巴嫩 (レバノン) = Lebanon; 黎明会 (れいめいかい) = Reimeikai; 黎元 (れいげん·0) = commoners; 黎民 (れいみん·0) = commoners; 黎明期 (れいめいき·3) = dawn (of a new era, civilization, etc.)",,,,黍 勿 禾 水,"香,稚,移"
黙,"become silent, leave as is, silence, stop speaking","ボク, モク; だま.る, もだ.す","沈黙 (ちんもく·0) = Silence (1966 novel by Shūsaku Endō); 沈黙の春 (ちんもくのはる) = Silent Spring (book by Rachel Carson, 1962); 黙示文学 (もくしぶんがく) = apocalyptic literature; 黙聴 (だまテン) = being in tenpai but not calling rīchi",おい黙れ！,,おい 黙る,犬 里 杰 黒,"墨,黛,馬"
黛,blackened eyebrows,タイ; まゆずみ,黛青 (たいせい·0) = blackish blue; 翠黛 (すいたい·0) = hazy green (distant mountains); 青黛 (せいたい·0) = blue eyebrow pencil,,,,化 黒 里 弋 杰,"黙,墨,馬"
鼓,"beat, drum, muster, rouse",コ; つづみ,"鼓腹撃壌 (こふくげきじょう·1) = (people) sing the praises (enjoy the blessings) of peace; 和太鼓 (わたいこ) = Japanese drum; 太鼓橋 (たいこばし·0) = arched bridge; 一番太鼓 (いちばんだいこ·5) = beating of a drum as a signal to announce the opening (beginning) of an event (theatrical performance, festival, etc.)",太鼓の音が聞こえる。,,太鼓 の 音(おと) が 聞こえる,口 士 支 豆 并 又 十,"喜,嬉,豆"
